RS_number	rs62194932	rs960783	rs35333999	rs74508725	rs75316580	rs76939124	rs112779025	rs112416446	rs561706046	rs528908783	rs56328549	rs112896710	rs57033609	rs112673616	rs75651012	rs56400267	rs529214963	rs55762325	rs56304316	rs55764347	rs56354063	rs112067424	rs56330821	rs74409360	rs56108200	rs55718409	rs75921156	rs56314406	rs146983729	rs188778575	rs150174970	rs149249498	rs113725999	rs75251934	rs111233411	rs59443245	rs79693451	rs79557340	rs112551758	rs74979875	rs77008212	rs57435966	rs80271258	rs75804782	rs61332075	rs55694368	rs56134361	rs55886641	rs72983834	rs72983861	rs55740938	rs56396448	rs41264155	rs3191996	rs72987304	rs56313033	rs56142255	rs72987315	rs60841092	rs72987319	rs112066551	rs72987332	rs113497020	rs56171132	rs72993031	rs55917008	rs72993033	rs72993034	rs56387323	rs55988884	rs72993044	rs56120037	rs72993054	rs72993056	rs55690022	rs72993065	rs72993073	rs72993074	rs1123472	rs2117691	rs79795396	rs72994950	rs56387296	rs72994970	rs72994973	rs60779166	rs56121087	rs56340711	rs56176151	rs55706928	rs112559043	rs72982580	rs72982590	rs111706465	rs61178898	rs72984508	rs56411186	rs72984524	rs72984530	rs72984533	rs72984535	rs72984594	rs59039294	rs56286230	rs76339974	rs74919577
rs62194932	1.0	0.349	0.312	0.013	0.013	0.014	0.015	0.015	0.012	0.012	0.015	0.015	0.015	0.015	0.015	0.015	0.015	0.015	0.015	0.015	0.015	0.015	0.015	0.014	0.015	0.015	0.015	0.015	0.015	0.015	0.015	0.015	0.015	0.015	0.015	0.015	0.015	0.015	0.015	0.015	0.015	0.015	0.015	0.024	0.024	0.023	0.004	0.004	0.004	0.004	0.004	0.004	0.004	0.004	0.004	0.004	0.004	0.004	0.004	0.004	0.004	0.004	0.003	0.004	0.004	0.003	0.003	0.003	0.003	0.003	0.003	0.003	0.004	0.003	0.003	0.003	0.003	0.003	0.003	0.003	0.002	0.003	0.003	0.003	0.003	0.003	0.003	0.003	0.003	0.003	0.002	0.003	0.003	0.003	0.02	0.02	0.022	0.022	0.022	0.022	0.022	0.022	0.022	0.024	0.021	0.021
rs960783	0.349	1.0	0.912	0.006	0.006	0.006	0.006	0.006	0.005	0.005	0.006	0.006	0.006	0.006	0.006	0.006	0.006	0.006	0.006	0.006	0.006	0.006	0.006	0.006	0.006	0.006	0.006	0.006	0.006	0.006	0.006	0.006	0.006	0.006	0.006	0.006	0.006	0.006	0.006	0.006	0.006	0.006	0.006	0.01	0.01	0.01	0.01	0.01	0.01	0.01	0.01	0.01	0.01	0.01	0.01	0.01	0.01	0.01	0.01	0.01	0.01	0.01	0.009	0.01	0.01	0.009	0.009	0.009	0.009	0.009	0.009	0.009	0.01	0.009	0.009	0.009	0.009	0.009	0.009	0.009	0.008	0.009	0.009	0.009	0.009	0.009	0.009	0.009	0.009	0.009	0.008	0.009	0.009	0.009	0.008	0.008	0.009	0.009	0.009	0.009	0.009	0.009	0.009	0.01	0.009	0.009
rs35333999	0.312	0.912	1.0	0.005	0.005	0.006	0.006	0.006	0.005	0.005	0.006	0.006	0.006	0.006	0.006	0.006	0.006	0.006	0.006	0.006	0.006	0.006	0.006	0.006	0.006	0.006	0.006	0.006	0.006	0.006	0.006	0.006	0.006	0.006	0.006	0.006	0.006	0.006	0.006	0.006	0.006	0.006	0.006	0.009	0.009	0.009	0.009	0.009	0.009	0.009	0.009	0.009	0.009	0.009	0.009	0.009	0.009	0.009	0.009	0.009	0.009	0.009	0.009	0.009	0.009	0.009	0.009	0.009	0.009	0.008	0.008	0.008	0.009	0.008	0.008	0.008	0.008	0.008	0.008	0.008	0.008	0.008	0.008	0.008	0.008	0.008	0.008	0.008	0.008	0.008	0.008	0.008	0.008	0.009	0.008	0.008	0.009	0.009	0.009	0.009	0.009	0.009	0.009	0.009	0.008	0.008
rs74508725	0.013	0.006	0.005	1.0	1.0	0.591	0.554	0.554	0.47	0.47	0.554	0.554	0.554	0.554	0.554	0.554	0.554	0.554	0.554	0.554	0.554	0.554	0.554	0.494	0.554	0.554	0.554	0.554	0.554	0.554	0.554	0.554	0.554	0.554	0.554	0.554	0.554	0.554	0.554	0.554	0.554	0.554	0.554	0.407	0.407	0.358	0.295	0.295	0.295	0.295	0.295	0.295	0.295	0.295	0.295	0.295	0.295	0.295	0.295	0.295	0.295	0.295	0.31	0.238	0.238	0.251	0.251	0.251	0.251	0.209	0.209	0.209	0.188	0.209	0.209	0.209	0.209	0.209	0.209	0.209	0.222	0.209	0.209	0.209	0.209	0.209	0.209	0.209	0.209	0.209	0.222	0.209	0.209	0.198	0.222	0.222	0.198	0.198	0.198	0.198	0.198	0.198	0.198	0.227	0.209	0.209
rs75316580	0.013	0.006	0.005	1.0	1.0	0.591	0.554	0.554	0.47	0.47	0.554	0.554	0.554	0.554	0.554	0.554	0.554	0.554	0.554	0.554	0.554	0.554	0.554	0.494	0.554	0.554	0.554	0.554	0.554	0.554	0.554	0.554	0.554	0.554	0.554	0.554	0.554	0.554	0.554	0.554	0.554	0.554	0.554	0.407	0.407	0.358	0.295	0.295	0.295	0.295	0.295	0.295	0.295	0.295	0.295	0.295	0.295	0.295	0.295	0.295	0.295	0.295	0.31	0.238	0.238	0.251	0.251	0.251	0.251	0.209	0.209	0.209	0.188	0.209	0.209	0.209	0.209	0.209	0.209	0.209	0.222	0.209	0.209	0.209	0.209	0.209	0.209	0.209	0.209	0.209	0.222	0.209	0.209	0.198	0.222	0.222	0.198	0.198	0.198	0.198	0.198	0.198	0.198	0.227	0.209	0.209
rs76939124	0.014	0.006	0.006	0.591	0.591	1.0	0.939	0.939	0.873	0.873	0.939	0.939	0.939	0.939	0.939	0.939	0.939	0.939	0.939	0.939	0.939	0.939	0.939	0.875	0.939	0.939	0.939	0.939	0.939	0.939	0.939	0.939	0.939	0.939	0.939	0.939	0.939	0.939	0.939	0.939	0.939	0.939	0.939	0.595	0.595	0.54	0.54	0.54	0.54	0.54	0.54	0.54	0.54	0.54	0.54	0.54	0.54	0.54	0.54	0.54	0.54	0.54	0.565	0.464	0.464	0.487	0.487	0.487	0.487	0.435	0.435	0.435	0.395	0.435	0.435	0.435	0.435	0.435	0.435	0.435	0.385	0.435	0.435	0.435	0.435	0.435	0.435	0.435	0.435	0.435	0.385	0.435	0.435	0.414	0.458	0.458	0.414	0.414	0.414	0.414	0.414	0.414	0.414	0.444	0.365	0.365
rs112779025	0.015	0.006	0.006	0.554	0.554	0.939	1.0	1.0	0.82	0.82	0.882	0.882	0.882	0.882	0.882	0.882	0.882	0.882	0.882	0.882	0.882	0.882	0.882	0.822	0.882	0.882	0.882	0.882	0.882	0.882	0.882	0.882	0.882	0.882	0.882	0.882	0.882	0.882	0.882	0.882	0.882	0.882	0.882	0.554	0.554	0.503	0.503	0.503	0.503	0.503	0.503	0.503	0.503	0.503	0.503	0.503	0.503	0.503	0.503	0.503	0.503	0.503	0.527	0.432	0.432	0.453	0.453	0.453	0.453	0.405	0.405	0.405	0.366	0.405	0.405	0.405	0.405	0.405	0.405	0.405	0.358	0.405	0.405	0.405	0.405	0.405	0.405	0.405	0.405	0.405	0.358	0.405	0.405	0.385	0.426	0.426	0.385	0.385	0.385	0.385	0.385	0.385	0.385	0.412	0.339	0.339
rs112416446	0.015	0.006	0.006	0.554	0.554	0.939	1.0	1.0	0.82	0.82	0.882	0.882	0.882	0.882	0.882	0.882	0.882	0.882	0.882	0.882	0.882	0.882	0.882	0.822	0.882	0.882	0.882	0.882	0.882	0.882	0.882	0.882	0.882	0.882	0.882	0.882	0.882	0.882	0.882	0.882	0.882	0.882	0.882	0.554	0.554	0.503	0.503	0.503	0.503	0.503	0.503	0.503	0.503	0.503	0.503	0.503	0.503	0.503	0.503	0.503	0.503	0.503	0.527	0.432	0.432	0.453	0.453	0.453	0.453	0.405	0.405	0.405	0.366	0.405	0.405	0.405	0.405	0.405	0.405	0.405	0.358	0.405	0.405	0.405	0.405	0.405	0.405	0.405	0.405	0.405	0.358	0.405	0.405	0.385	0.426	0.426	0.385	0.385	0.385	0.385	0.385	0.385	0.385	0.412	0.339	0.339
rs561706046	0.012	0.005	0.005	0.47	0.47	0.873	0.82	0.82	1.0	1.0	0.82	0.82	0.82	0.82	0.82	0.82	0.82	0.82	0.82	0.82	0.82	0.82	0.82	0.75	0.82	0.82	0.82	0.82	0.82	0.82	0.82	0.82	0.82	0.82	0.82	0.82	0.82	0.82	0.82	0.82	0.82	0.82	0.82	0.519	0.519	0.462	0.462	0.462	0.462	0.462	0.462	0.462	0.462	0.462	0.462	0.462	0.462	0.462	0.462	0.462	0.462	0.462	0.484	0.389	0.389	0.407	0.407	0.407	0.407	0.355	0.355	0.355	0.321	0.355	0.355	0.355	0.355	0.355	0.355	0.355	0.304	0.355	0.355	0.355	0.355	0.355	0.355	0.355	0.355	0.355	0.304	0.355	0.355	0.337	0.373	0.373	0.337	0.337	0.337	0.337	0.337	0.337	0.337	0.371	0.288	0.288
rs528908783	0.012	0.005	0.005	0.47	0.47	0.873	0.82	0.82	1.0	1.0	0.82	0.82	0.82	0.82	0.82	0.82	0.82	0.82	0.82	0.82	0.82	0.82	0.82	0.75	0.82	0.82	0.82	0.82	0.82	0.82	0.82	0.82	0.82	0.82	0.82	0.82	0.82	0.82	0.82	0.82	0.82	0.82	0.82	0.519	0.519	0.462	0.462	0.462	0.462	0.462	0.462	0.462	0.462	0.462	0.462	0.462	0.462	0.462	0.462	0.462	0.462	0.462	0.484	0.389	0.389	0.407	0.407	0.407	0.407	0.355	0.355	0.355	0.321	0.355	0.355	0.355	0.355	0.355	0.355	0.355	0.304	0.355	0.355	0.355	0.355	0.355	0.355	0.355	0.355	0.355	0.304	0.355	0.355	0.337	0.373	0.373	0.337	0.337	0.337	0.337	0.337	0.337	0.337	0.371	0.288	0.288
rs56328549	0.015	0.006	0.006	0.554	0.554	0.939	0.882	0.882	0.82	0.82	1.0	1.0	1.0	1.0	1.0	1.0	1.0	1.0	1.0	1.0	1.0	1.0	1.0	0.939	1.0	1.0	1.0	1.0	1.0	1.0	1.0	1.0	1.0	1.0	1.0	1.0	1.0	1.0	1.0	1.0	1.0	1.0	1.0	0.633	0.633	0.58	0.58	0.58	0.58	0.58	0.58	0.58	0.58	0.58	0.58	0.58	0.58	0.58	0.58	0.58	0.58	0.58	0.607	0.503	0.503	0.527	0.527	0.527	0.527	0.476	0.476	0.476	0.432	0.476	0.476	0.476	0.476	0.476	0.476	0.476	0.426	0.476	0.476	0.476	0.476	0.476	0.476	0.476	0.476	0.476	0.426	0.476	0.476	0.453	0.501	0.501	0.453	0.453	0.453	0.453	0.453	0.453	0.453	0.481	0.405	0.405
rs112896710	0.015	0.006	0.006	0.554	0.554	0.939	0.882	0.882	0.82	0.82	1.0	1.0	1.0	1.0	1.0	1.0	1.0	1.0	1.0	1.0	1.0	1.0	1.0	0.939	1.0	1.0	1.0	1.0	1.0	1.0	1.0	1.0	1.0	1.0	1.0	1.0	1.0	1.0	1.0	1.0	1.0	1.0	1.0	0.633	0.633	0.58	0.58	0.58	0.58	0.58	0.58	0.58	0.58	0.58	0.58	0.58	0.58	0.58	0.58	0.58	0.58	0.58	0.607	0.503	0.503	0.527	0.527	0.527	0.527	0.476	0.476	0.476	0.432	0.476	0.476	0.476	0.476	0.476	0.476	0.476	0.426	0.476	0.476	0.476	0.476	0.476	0.476	0.476	0.476	0.476	0.426	0.476	0.476	0.453	0.501	0.501	0.453	0.453	0.453	0.453	0.453	0.453	0.453	0.481	0.405	0.405
rs57033609	0.015	0.006	0.006	0.554	0.554	0.939	0.882	0.882	0.82	0.82	1.0	1.0	1.0	1.0	1.0	1.0	1.0	1.0	1.0	1.0	1.0	1.0	1.0	0.939	1.0	1.0	1.0	1.0	1.0	1.0	1.0	1.0	1.0	1.0	1.0	1.0	1.0	1.0	1.0	1.0	1.0	1.0	1.0	0.633	0.633	0.58	0.58	0.58	0.58	0.58	0.58	0.58	0.58	0.58	0.58	0.58	0.58	0.58	0.58	0.58	0.58	0.58	0.607	0.503	0.503	0.527	0.527	0.527	0.527	0.476	0.476	0.476	0.432	0.476	0.476	0.476	0.476	0.476	0.476	0.476	0.426	0.476	0.476	0.476	0.476	0.476	0.476	0.476	0.476	0.476	0.426	0.476	0.476	0.453	0.501	0.501	0.453	0.453	0.453	0.453	0.453	0.453	0.453	0.481	0.405	0.405
rs112673616	0.015	0.006	0.006	0.554	0.554	0.939	0.882	0.882	0.82	0.82	1.0	1.0	1.0	1.0	1.0	1.0	1.0	1.0	1.0	1.0	1.0	1.0	1.0	0.939	1.0	1.0	1.0	1.0	1.0	1.0	1.0	1.0	1.0	1.0	1.0	1.0	1.0	1.0	1.0	1.0	1.0	1.0	1.0	0.633	0.633	0.58	0.58	0.58	0.58	0.58	0.58	0.58	0.58	0.58	0.58	0.58	0.58	0.58	0.58	0.58	0.58	0.58	0.607	0.503	0.503	0.527	0.527	0.527	0.527	0.476	0.476	0.476	0.432	0.476	0.476	0.476	0.476	0.476	0.476	0.476	0.426	0.476	0.476	0.476	0.476	0.476	0.476	0.476	0.476	0.476	0.426	0.476	0.476	0.453	0.501	0.501	0.453	0.453	0.453	0.453	0.453	0.453	0.453	0.481	0.405	0.405
rs75651012	0.015	0.006	0.006	0.554	0.554	0.939	0.882	0.882	0.82	0.82	1.0	1.0	1.0	1.0	1.0	1.0	1.0	1.0	1.0	1.0	1.0	1.0	1.0	0.939	1.0	1.0	1.0	1.0	1.0	1.0	1.0	1.0	1.0	1.0	1.0	1.0	1.0	1.0	1.0	1.0	1.0	1.0	1.0	0.633	0.633	0.58	0.58	0.58	0.58	0.58	0.58	0.58	0.58	0.58	0.58	0.58	0.58	0.58	0.58	0.58	0.58	0.58	0.607	0.503	0.503	0.527	0.527	0.527	0.527	0.476	0.476	0.476	0.432	0.476	0.476	0.476	0.476	0.476	0.476	0.476	0.426	0.476	0.476	0.476	0.476	0.476	0.476	0.476	0.476	0.476	0.426	0.476	0.476	0.453	0.501	0.501	0.453	0.453	0.453	0.453	0.453	0.453	0.453	0.481	0.405	0.405
rs56400267	0.015	0.006	0.006	0.554	0.554	0.939	0.882	0.882	0.82	0.82	1.0	1.0	1.0	1.0	1.0	1.0	1.0	1.0	1.0	1.0	1.0	1.0	1.0	0.939	1.0	1.0	1.0	1.0	1.0	1.0	1.0	1.0	1.0	1.0	1.0	1.0	1.0	1.0	1.0	1.0	1.0	1.0	1.0	0.633	0.633	0.58	0.58	0.58	0.58	0.58	0.58	0.58	0.58	0.58	0.58	0.58	0.58	0.58	0.58	0.58	0.58	0.58	0.607	0.503	0.503	0.527	0.527	0.527	0.527	0.476	0.476	0.476	0.432	0.476	0.476	0.476	0.476	0.476	0.476	0.476	0.426	0.476	0.476	0.476	0.476	0.476	0.476	0.476	0.476	0.476	0.426	0.476	0.476	0.453	0.501	0.501	0.453	0.453	0.453	0.453	0.453	0.453	0.453	0.481	0.405	0.405
rs529214963	0.015	0.006	0.006	0.554	0.554	0.939	0.882	0.882	0.82	0.82	1.0	1.0	1.0	1.0	1.0	1.0	1.0	1.0	1.0	1.0	1.0	1.0	1.0	0.939	1.0	1.0	1.0	1.0	1.0	1.0	1.0	1.0	1.0	1.0	1.0	1.0	1.0	1.0	1.0	1.0	1.0	1.0	1.0	0.633	0.633	0.58	0.58	0.58	0.58	0.58	0.58	0.58	0.58	0.58	0.58	0.58	0.58	0.58	0.58	0.58	0.58	0.58	0.607	0.503	0.503	0.527	0.527	0.527	0.527	0.476	0.476	0.476	0.432	0.476	0.476	0.476	0.476	0.476	0.476	0.476	0.426	0.476	0.476	0.476	0.476	0.476	0.476	0.476	0.476	0.476	0.426	0.476	0.476	0.453	0.501	0.501	0.453	0.453	0.453	0.453	0.453	0.453	0.453	0.481	0.405	0.405
rs55762325	0.015	0.006	0.006	0.554	0.554	0.939	0.882	0.882	0.82	0.82	1.0	1.0	1.0	1.0	1.0	1.0	1.0	1.0	1.0	1.0	1.0	1.0	1.0	0.939	1.0	1.0	1.0	1.0	1.0	1.0	1.0	1.0	1.0	1.0	1.0	1.0	1.0	1.0	1.0	1.0	1.0	1.0	1.0	0.633	0.633	0.58	0.58	0.58	0.58	0.58	0.58	0.58	0.58	0.58	0.58	0.58	0.58	0.58	0.58	0.58	0.58	0.58	0.607	0.503	0.503	0.527	0.527	0.527	0.527	0.476	0.476	0.476	0.432	0.476	0.476	0.476	0.476	0.476	0.476	0.476	0.426	0.476	0.476	0.476	0.476	0.476	0.476	0.476	0.476	0.476	0.426	0.476	0.476	0.453	0.501	0.501	0.453	0.453	0.453	0.453	0.453	0.453	0.453	0.481	0.405	0.405
rs56304316	0.015	0.006	0.006	0.554	0.554	0.939	0.882	0.882	0.82	0.82	1.0	1.0	1.0	1.0	1.0	1.0	1.0	1.0	1.0	1.0	1.0	1.0	1.0	0.939	1.0	1.0	1.0	1.0	1.0	1.0	1.0	1.0	1.0	1.0	1.0	1.0	1.0	1.0	1.0	1.0	1.0	1.0	1.0	0.633	0.633	0.58	0.58	0.58	0.58	0.58	0.58	0.58	0.58	0.58	0.58	0.58	0.58	0.58	0.58	0.58	0.58	0.58	0.607	0.503	0.503	0.527	0.527	0.527	0.527	0.476	0.476	0.476	0.432	0.476	0.476	0.476	0.476	0.476	0.476	0.476	0.426	0.476	0.476	0.476	0.476	0.476	0.476	0.476	0.476	0.476	0.426	0.476	0.476	0.453	0.501	0.501	0.453	0.453	0.453	0.453	0.453	0.453	0.453	0.481	0.405	0.405
rs55764347	0.015	0.006	0.006	0.554	0.554	0.939	0.882	0.882	0.82	0.82	1.0	1.0	1.0	1.0	1.0	1.0	1.0	1.0	1.0	1.0	1.0	1.0	1.0	0.939	1.0	1.0	1.0	1.0	1.0	1.0	1.0	1.0	1.0	1.0	1.0	1.0	1.0	1.0	1.0	1.0	1.0	1.0	1.0	0.633	0.633	0.58	0.58	0.58	0.58	0.58	0.58	0.58	0.58	0.58	0.58	0.58	0.58	0.58	0.58	0.58	0.58	0.58	0.607	0.503	0.503	0.527	0.527	0.527	0.527	0.476	0.476	0.476	0.432	0.476	0.476	0.476	0.476	0.476	0.476	0.476	0.426	0.476	0.476	0.476	0.476	0.476	0.476	0.476	0.476	0.476	0.426	0.476	0.476	0.453	0.501	0.501	0.453	0.453	0.453	0.453	0.453	0.453	0.453	0.481	0.405	0.405
rs56354063	0.015	0.006	0.006	0.554	0.554	0.939	0.882	0.882	0.82	0.82	1.0	1.0	1.0	1.0	1.0	1.0	1.0	1.0	1.0	1.0	1.0	1.0	1.0	0.939	1.0	1.0	1.0	1.0	1.0	1.0	1.0	1.0	1.0	1.0	1.0	1.0	1.0	1.0	1.0	1.0	1.0	1.0	1.0	0.633	0.633	0.58	0.58	0.58	0.58	0.58	0.58	0.58	0.58	0.58	0.58	0.58	0.58	0.58	0.58	0.58	0.58	0.58	0.607	0.503	0.503	0.527	0.527	0.527	0.527	0.476	0.476	0.476	0.432	0.476	0.476	0.476	0.476	0.476	0.476	0.476	0.426	0.476	0.476	0.476	0.476	0.476	0.476	0.476	0.476	0.476	0.426	0.476	0.476	0.453	0.501	0.501	0.453	0.453	0.453	0.453	0.453	0.453	0.453	0.481	0.405	0.405
rs112067424	0.015	0.006	0.006	0.554	0.554	0.939	0.882	0.882	0.82	0.82	1.0	1.0	1.0	1.0	1.0	1.0	1.0	1.0	1.0	1.0	1.0	1.0	1.0	0.939	1.0	1.0	1.0	1.0	1.0	1.0	1.0	1.0	1.0	1.0	1.0	1.0	1.0	1.0	1.0	1.0	1.0	1.0	1.0	0.633	0.633	0.58	0.58	0.58	0.58	0.58	0.58	0.58	0.58	0.58	0.58	0.58	0.58	0.58	0.58	0.58	0.58	0.58	0.607	0.503	0.503	0.527	0.527	0.527	0.527	0.476	0.476	0.476	0.432	0.476	0.476	0.476	0.476	0.476	0.476	0.476	0.426	0.476	0.476	0.476	0.476	0.476	0.476	0.476	0.476	0.476	0.426	0.476	0.476	0.453	0.501	0.501	0.453	0.453	0.453	0.453	0.453	0.453	0.453	0.481	0.405	0.405
rs56330821	0.015	0.006	0.006	0.554	0.554	0.939	0.882	0.882	0.82	0.82	1.0	1.0	1.0	1.0	1.0	1.0	1.0	1.0	1.0	1.0	1.0	1.0	1.0	0.939	1.0	1.0	1.0	1.0	1.0	1.0	1.0	1.0	1.0	1.0	1.0	1.0	1.0	1.0	1.0	1.0	1.0	1.0	1.0	0.633	0.633	0.58	0.58	0.58	0.58	0.58	0.58	0.58	0.58	0.58	0.58	0.58	0.58	0.58	0.58	0.58	0.58	0.58	0.607	0.503	0.503	0.527	0.527	0.527	0.527	0.476	0.476	0.476	0.432	0.476	0.476	0.476	0.476	0.476	0.476	0.476	0.426	0.476	0.476	0.476	0.476	0.476	0.476	0.476	0.476	0.476	0.426	0.476	0.476	0.453	0.501	0.501	0.453	0.453	0.453	0.453	0.453	0.453	0.453	0.481	0.405	0.405
rs74409360	0.014	0.006	0.006	0.494	0.494	0.875	0.822	0.822	0.75	0.75	0.939	0.939	0.939	0.939	0.939	0.939	0.939	0.939	0.939	0.939	0.939	0.939	0.939	1.0	0.939	0.939	0.939	0.939	0.939	0.939	0.939	0.939	0.939	0.939	0.939	0.939	0.939	0.939	0.939	0.939	0.939	0.939	0.939	0.595	0.595	0.54	0.54	0.54	0.54	0.54	0.54	0.54	0.54	0.54	0.54	0.54	0.54	0.54	0.54	0.54	0.54	0.54	0.565	0.464	0.464	0.487	0.487	0.487	0.487	0.435	0.435	0.435	0.395	0.435	0.435	0.435	0.435	0.435	0.435	0.435	0.385	0.435	0.435	0.435	0.435	0.435	0.435	0.435	0.435	0.435	0.385	0.435	0.435	0.414	0.458	0.458	0.414	0.414	0.414	0.414	0.414	0.414	0.414	0.444	0.365	0.365
rs56108200	0.015	0.006	0.006	0.554	0.554	0.939	0.882	0.882	0.82	0.82	1.0	1.0	1.0	1.0	1.0	1.0	1.0	1.0	1.0	1.0	1.0	1.0	1.0	0.939	1.0	1.0	1.0	1.0	1.0	1.0	1.0	1.0	1.0	1.0	1.0	1.0	1.0	1.0	1.0	1.0	1.0	1.0	1.0	0.633	0.633	0.58	0.58	0.58	0.58	0.58	0.58	0.58	0.58	0.58	0.58	0.58	0.58	0.58	0.58	0.58	0.58	0.58	0.607	0.503	0.503	0.527	0.527	0.527	0.527	0.476	0.476	0.476	0.432	0.476	0.476	0.476	0.476	0.476	0.476	0.476	0.426	0.476	0.476	0.476	0.476	0.476	0.476	0.476	0.476	0.476	0.426	0.476	0.476	0.453	0.501	0.501	0.453	0.453	0.453	0.453	0.453	0.453	0.453	0.481	0.405	0.405
rs55718409	0.015	0.006	0.006	0.554	0.554	0.939	0.882	0.882	0.82	0.82	1.0	1.0	1.0	1.0	1.0	1.0	1.0	1.0	1.0	1.0	1.0	1.0	1.0	0.939	1.0	1.0	1.0	1.0	1.0	1.0	1.0	1.0	1.0	1.0	1.0	1.0	1.0	1.0	1.0	1.0	1.0	1.0	1.0	0.633	0.633	0.58	0.58	0.58	0.58	0.58	0.58	0.58	0.58	0.58	0.58	0.58	0.58	0.58	0.58	0.58	0.58	0.58	0.607	0.503	0.503	0.527	0.527	0.527	0.527	0.476	0.476	0.476	0.432	0.476	0.476	0.476	0.476	0.476	0.476	0.476	0.426	0.476	0.476	0.476	0.476	0.476	0.476	0.476	0.476	0.476	0.426	0.476	0.476	0.453	0.501	0.501	0.453	0.453	0.453	0.453	0.453	0.453	0.453	0.481	0.405	0.405
rs75921156	0.015	0.006	0.006	0.554	0.554	0.939	0.882	0.882	0.82	0.82	1.0	1.0	1.0	1.0	1.0	1.0	1.0	1.0	1.0	1.0	1.0	1.0	1.0	0.939	1.0	1.0	1.0	1.0	1.0	1.0	1.0	1.0	1.0	1.0	1.0	1.0	1.0	1.0	1.0	1.0	1.0	1.0	1.0	0.633	0.633	0.58	0.58	0.58	0.58	0.58	0.58	0.58	0.58	0.58	0.58	0.58	0.58	0.58	0.58	0.58	0.58	0.58	0.607	0.503	0.503	0.527	0.527	0.527	0.527	0.476	0.476	0.476	0.432	0.476	0.476	0.476	0.476	0.476	0.476	0.476	0.426	0.476	0.476	0.476	0.476	0.476	0.476	0.476	0.476	0.476	0.426	0.476	0.476	0.453	0.501	0.501	0.453	0.453	0.453	0.453	0.453	0.453	0.453	0.481	0.405	0.405
rs56314406	0.015	0.006	0.006	0.554	0.554	0.939	0.882	0.882	0.82	0.82	1.0	1.0	1.0	1.0	1.0	1.0	1.0	1.0	1.0	1.0	1.0	1.0	1.0	0.939	1.0	1.0	1.0	1.0	1.0	1.0	1.0	1.0	1.0	1.0	1.0	1.0	1.0	1.0	1.0	1.0	1.0	1.0	1.0	0.633	0.633	0.58	0.58	0.58	0.58	0.58	0.58	0.58	0.58	0.58	0.58	0.58	0.58	0.58	0.58	0.58	0.58	0.58	0.607	0.503	0.503	0.527	0.527	0.527	0.527	0.476	0.476	0.476	0.432	0.476	0.476	0.476	0.476	0.476	0.476	0.476	0.426	0.476	0.476	0.476	0.476	0.476	0.476	0.476	0.476	0.476	0.426	0.476	0.476	0.453	0.501	0.501	0.453	0.453	0.453	0.453	0.453	0.453	0.453	0.481	0.405	0.405
rs146983729	0.015	0.006	0.006	0.554	0.554	0.939	0.882	0.882	0.82	0.82	1.0	1.0	1.0	1.0	1.0	1.0	1.0	1.0	1.0	1.0	1.0	1.0	1.0	0.939	1.0	1.0	1.0	1.0	1.0	1.0	1.0	1.0	1.0	1.0	1.0	1.0	1.0	1.0	1.0	1.0	1.0	1.0	1.0	0.633	0.633	0.58	0.58	0.58	0.58	0.58	0.58	0.58	0.58	0.58	0.58	0.58	0.58	0.58	0.58	0.58	0.58	0.58	0.607	0.503	0.503	0.527	0.527	0.527	0.527	0.476	0.476	0.476	0.432	0.476	0.476	0.476	0.476	0.476	0.476	0.476	0.426	0.476	0.476	0.476	0.476	0.476	0.476	0.476	0.476	0.476	0.426	0.476	0.476	0.453	0.501	0.501	0.453	0.453	0.453	0.453	0.453	0.453	0.453	0.481	0.405	0.405
rs188778575	0.015	0.006	0.006	0.554	0.554	0.939	0.882	0.882	0.82	0.82	1.0	1.0	1.0	1.0	1.0	1.0	1.0	1.0	1.0	1.0	1.0	1.0	1.0	0.939	1.0	1.0	1.0	1.0	1.0	1.0	1.0	1.0	1.0	1.0	1.0	1.0	1.0	1.0	1.0	1.0	1.0	1.0	1.0	0.633	0.633	0.58	0.58	0.58	0.58	0.58	0.58	0.58	0.58	0.58	0.58	0.58	0.58	0.58	0.58	0.58	0.58	0.58	0.607	0.503	0.503	0.527	0.527	0.527	0.527	0.476	0.476	0.476	0.432	0.476	0.476	0.476	0.476	0.476	0.476	0.476	0.426	0.476	0.476	0.476	0.476	0.476	0.476	0.476	0.476	0.476	0.426	0.476	0.476	0.453	0.501	0.501	0.453	0.453	0.453	0.453	0.453	0.453	0.453	0.481	0.405	0.405
rs150174970	0.015	0.006	0.006	0.554	0.554	0.939	0.882	0.882	0.82	0.82	1.0	1.0	1.0	1.0	1.0	1.0	1.0	1.0	1.0	1.0	1.0	1.0	1.0	0.939	1.0	1.0	1.0	1.0	1.0	1.0	1.0	1.0	1.0	1.0	1.0	1.0	1.0	1.0	1.0	1.0	1.0	1.0	1.0	0.633	0.633	0.58	0.58	0.58	0.58	0.58	0.58	0.58	0.58	0.58	0.58	0.58	0.58	0.58	0.58	0.58	0.58	0.58	0.607	0.503	0.503	0.527	0.527	0.527	0.527	0.476	0.476	0.476	0.432	0.476	0.476	0.476	0.476	0.476	0.476	0.476	0.426	0.476	0.476	0.476	0.476	0.476	0.476	0.476	0.476	0.476	0.426	0.476	0.476	0.453	0.501	0.501	0.453	0.453	0.453	0.453	0.453	0.453	0.453	0.481	0.405	0.405
rs149249498	0.015	0.006	0.006	0.554	0.554	0.939	0.882	0.882	0.82	0.82	1.0	1.0	1.0	1.0	1.0	1.0	1.0	1.0	1.0	1.0	1.0	1.0	1.0	0.939	1.0	1.0	1.0	1.0	1.0	1.0	1.0	1.0	1.0	1.0	1.0	1.0	1.0	1.0	1.0	1.0	1.0	1.0	1.0	0.633	0.633	0.58	0.58	0.58	0.58	0.58	0.58	0.58	0.58	0.58	0.58	0.58	0.58	0.58	0.58	0.58	0.58	0.58	0.607	0.503	0.503	0.527	0.527	0.527	0.527	0.476	0.476	0.476	0.432	0.476	0.476	0.476	0.476	0.476	0.476	0.476	0.426	0.476	0.476	0.476	0.476	0.476	0.476	0.476	0.476	0.476	0.426	0.476	0.476	0.453	0.501	0.501	0.453	0.453	0.453	0.453	0.453	0.453	0.453	0.481	0.405	0.405
rs113725999	0.015	0.006	0.006	0.554	0.554	0.939	0.882	0.882	0.82	0.82	1.0	1.0	1.0	1.0	1.0	1.0	1.0	1.0	1.0	1.0	1.0	1.0	1.0	0.939	1.0	1.0	1.0	1.0	1.0	1.0	1.0	1.0	1.0	1.0	1.0	1.0	1.0	1.0	1.0	1.0	1.0	1.0	1.0	0.633	0.633	0.58	0.58	0.58	0.58	0.58	0.58	0.58	0.58	0.58	0.58	0.58	0.58	0.58	0.58	0.58	0.58	0.58	0.607	0.503	0.503	0.527	0.527	0.527	0.527	0.476	0.476	0.476	0.432	0.476	0.476	0.476	0.476	0.476	0.476	0.476	0.426	0.476	0.476	0.476	0.476	0.476	0.476	0.476	0.476	0.476	0.426	0.476	0.476	0.453	0.501	0.501	0.453	0.453	0.453	0.453	0.453	0.453	0.453	0.481	0.405	0.405
rs75251934	0.015	0.006	0.006	0.554	0.554	0.939	0.882	0.882	0.82	0.82	1.0	1.0	1.0	1.0	1.0	1.0	1.0	1.0	1.0	1.0	1.0	1.0	1.0	0.939	1.0	1.0	1.0	1.0	1.0	1.0	1.0	1.0	1.0	1.0	1.0	1.0	1.0	1.0	1.0	1.0	1.0	1.0	1.0	0.633	0.633	0.58	0.58	0.58	0.58	0.58	0.58	0.58	0.58	0.58	0.58	0.58	0.58	0.58	0.58	0.58	0.58	0.58	0.607	0.503	0.503	0.527	0.527	0.527	0.527	0.476	0.476	0.476	0.432	0.476	0.476	0.476	0.476	0.476	0.476	0.476	0.426	0.476	0.476	0.476	0.476	0.476	0.476	0.476	0.476	0.476	0.426	0.476	0.476	0.453	0.501	0.501	0.453	0.453	0.453	0.453	0.453	0.453	0.453	0.481	0.405	0.405
rs111233411	0.015	0.006	0.006	0.554	0.554	0.939	0.882	0.882	0.82	0.82	1.0	1.0	1.0	1.0	1.0	1.0	1.0	1.0	1.0	1.0	1.0	1.0	1.0	0.939	1.0	1.0	1.0	1.0	1.0	1.0	1.0	1.0	1.0	1.0	1.0	1.0	1.0	1.0	1.0	1.0	1.0	1.0	1.0	0.633	0.633	0.58	0.58	0.58	0.58	0.58	0.58	0.58	0.58	0.58	0.58	0.58	0.58	0.58	0.58	0.58	0.58	0.58	0.607	0.503	0.503	0.527	0.527	0.527	0.527	0.476	0.476	0.476	0.432	0.476	0.476	0.476	0.476	0.476	0.476	0.476	0.426	0.476	0.476	0.476	0.476	0.476	0.476	0.476	0.476	0.476	0.426	0.476	0.476	0.453	0.501	0.501	0.453	0.453	0.453	0.453	0.453	0.453	0.453	0.481	0.405	0.405
rs59443245	0.015	0.006	0.006	0.554	0.554	0.939	0.882	0.882	0.82	0.82	1.0	1.0	1.0	1.0	1.0	1.0	1.0	1.0	1.0	1.0	1.0	1.0	1.0	0.939	1.0	1.0	1.0	1.0	1.0	1.0	1.0	1.0	1.0	1.0	1.0	1.0	1.0	1.0	1.0	1.0	1.0	1.0	1.0	0.633	0.633	0.58	0.58	0.58	0.58	0.58	0.58	0.58	0.58	0.58	0.58	0.58	0.58	0.58	0.58	0.58	0.58	0.58	0.607	0.503	0.503	0.527	0.527	0.527	0.527	0.476	0.476	0.476	0.432	0.476	0.476	0.476	0.476	0.476	0.476	0.476	0.426	0.476	0.476	0.476	0.476	0.476	0.476	0.476	0.476	0.476	0.426	0.476	0.476	0.453	0.501	0.501	0.453	0.453	0.453	0.453	0.453	0.453	0.453	0.481	0.405	0.405
rs79693451	0.015	0.006	0.006	0.554	0.554	0.939	0.882	0.882	0.82	0.82	1.0	1.0	1.0	1.0	1.0	1.0	1.0	1.0	1.0	1.0	1.0	1.0	1.0	0.939	1.0	1.0	1.0	1.0	1.0	1.0	1.0	1.0	1.0	1.0	1.0	1.0	1.0	1.0	1.0	1.0	1.0	1.0	1.0	0.633	0.633	0.58	0.58	0.58	0.58	0.58	0.58	0.58	0.58	0.58	0.58	0.58	0.58	0.58	0.58	0.58	0.58	0.58	0.607	0.503	0.503	0.527	0.527	0.527	0.527	0.476	0.476	0.476	0.432	0.476	0.476	0.476	0.476	0.476	0.476	0.476	0.426	0.476	0.476	0.476	0.476	0.476	0.476	0.476	0.476	0.476	0.426	0.476	0.476	0.453	0.501	0.501	0.453	0.453	0.453	0.453	0.453	0.453	0.453	0.481	0.405	0.405
rs79557340	0.015	0.006	0.006	0.554	0.554	0.939	0.882	0.882	0.82	0.82	1.0	1.0	1.0	1.0	1.0	1.0	1.0	1.0	1.0	1.0	1.0	1.0	1.0	0.939	1.0	1.0	1.0	1.0	1.0	1.0	1.0	1.0	1.0	1.0	1.0	1.0	1.0	1.0	1.0	1.0	1.0	1.0	1.0	0.633	0.633	0.58	0.58	0.58	0.58	0.58	0.58	0.58	0.58	0.58	0.58	0.58	0.58	0.58	0.58	0.58	0.58	0.58	0.607	0.503	0.503	0.527	0.527	0.527	0.527	0.476	0.476	0.476	0.432	0.476	0.476	0.476	0.476	0.476	0.476	0.476	0.426	0.476	0.476	0.476	0.476	0.476	0.476	0.476	0.476	0.476	0.426	0.476	0.476	0.453	0.501	0.501	0.453	0.453	0.453	0.453	0.453	0.453	0.453	0.481	0.405	0.405
rs112551758	0.015	0.006	0.006	0.554	0.554	0.939	0.882	0.882	0.82	0.82	1.0	1.0	1.0	1.0	1.0	1.0	1.0	1.0	1.0	1.0	1.0	1.0	1.0	0.939	1.0	1.0	1.0	1.0	1.0	1.0	1.0	1.0	1.0	1.0	1.0	1.0	1.0	1.0	1.0	1.0	1.0	1.0	1.0	0.633	0.633	0.58	0.58	0.58	0.58	0.58	0.58	0.58	0.58	0.58	0.58	0.58	0.58	0.58	0.58	0.58	0.58	0.58	0.607	0.503	0.503	0.527	0.527	0.527	0.527	0.476	0.476	0.476	0.432	0.476	0.476	0.476	0.476	0.476	0.476	0.476	0.426	0.476	0.476	0.476	0.476	0.476	0.476	0.476	0.476	0.476	0.426	0.476	0.476	0.453	0.501	0.501	0.453	0.453	0.453	0.453	0.453	0.453	0.453	0.481	0.405	0.405
rs74979875	0.015	0.006	0.006	0.554	0.554	0.939	0.882	0.882	0.82	0.82	1.0	1.0	1.0	1.0	1.0	1.0	1.0	1.0	1.0	1.0	1.0	1.0	1.0	0.939	1.0	1.0	1.0	1.0	1.0	1.0	1.0	1.0	1.0	1.0	1.0	1.0	1.0	1.0	1.0	1.0	1.0	1.0	1.0	0.633	0.633	0.58	0.58	0.58	0.58	0.58	0.58	0.58	0.58	0.58	0.58	0.58	0.58	0.58	0.58	0.58	0.58	0.58	0.607	0.503	0.503	0.527	0.527	0.527	0.527	0.476	0.476	0.476	0.432	0.476	0.476	0.476	0.476	0.476	0.476	0.476	0.426	0.476	0.476	0.476	0.476	0.476	0.476	0.476	0.476	0.476	0.426	0.476	0.476	0.453	0.501	0.501	0.453	0.453	0.453	0.453	0.453	0.453	0.453	0.481	0.405	0.405
rs77008212	0.015	0.006	0.006	0.554	0.554	0.939	0.882	0.882	0.82	0.82	1.0	1.0	1.0	1.0	1.0	1.0	1.0	1.0	1.0	1.0	1.0	1.0	1.0	0.939	1.0	1.0	1.0	1.0	1.0	1.0	1.0	1.0	1.0	1.0	1.0	1.0	1.0	1.0	1.0	1.0	1.0	1.0	1.0	0.633	0.633	0.58	0.58	0.58	0.58	0.58	0.58	0.58	0.58	0.58	0.58	0.58	0.58	0.58	0.58	0.58	0.58	0.58	0.607	0.503	0.503	0.527	0.527	0.527	0.527	0.476	0.476	0.476	0.432	0.476	0.476	0.476	0.476	0.476	0.476	0.476	0.426	0.476	0.476	0.476	0.476	0.476	0.476	0.476	0.476	0.476	0.426	0.476	0.476	0.453	0.501	0.501	0.453	0.453	0.453	0.453	0.453	0.453	0.453	0.481	0.405	0.405
rs57435966	0.015	0.006	0.006	0.554	0.554	0.939	0.882	0.882	0.82	0.82	1.0	1.0	1.0	1.0	1.0	1.0	1.0	1.0	1.0	1.0	1.0	1.0	1.0	0.939	1.0	1.0	1.0	1.0	1.0	1.0	1.0	1.0	1.0	1.0	1.0	1.0	1.0	1.0	1.0	1.0	1.0	1.0	1.0	0.633	0.633	0.58	0.58	0.58	0.58	0.58	0.58	0.58	0.58	0.58	0.58	0.58	0.58	0.58	0.58	0.58	0.58	0.58	0.607	0.503	0.503	0.527	0.527	0.527	0.527	0.476	0.476	0.476	0.432	0.476	0.476	0.476	0.476	0.476	0.476	0.476	0.426	0.476	0.476	0.476	0.476	0.476	0.476	0.476	0.476	0.476	0.426	0.476	0.476	0.453	0.501	0.501	0.453	0.453	0.453	0.453	0.453	0.453	0.453	0.481	0.405	0.405
rs80271258	0.015	0.006	0.006	0.554	0.554	0.939	0.882	0.882	0.82	0.82	1.0	1.0	1.0	1.0	1.0	1.0	1.0	1.0	1.0	1.0	1.0	1.0	1.0	0.939	1.0	1.0	1.0	1.0	1.0	1.0	1.0	1.0	1.0	1.0	1.0	1.0	1.0	1.0	1.0	1.0	1.0	1.0	1.0	0.633	0.633	0.58	0.58	0.58	0.58	0.58	0.58	0.58	0.58	0.58	0.58	0.58	0.58	0.58	0.58	0.58	0.58	0.58	0.607	0.503	0.503	0.527	0.527	0.527	0.527	0.476	0.476	0.476	0.432	0.476	0.476	0.476	0.476	0.476	0.476	0.476	0.426	0.476	0.476	0.476	0.476	0.476	0.476	0.476	0.476	0.476	0.426	0.476	0.476	0.453	0.501	0.501	0.453	0.453	0.453	0.453	0.453	0.453	0.453	0.481	0.405	0.405
rs75804782	0.024	0.01	0.009	0.407	0.407	0.595	0.554	0.554	0.519	0.519	0.633	0.633	0.633	0.633	0.633	0.633	0.633	0.633	0.633	0.633	0.633	0.633	0.633	0.595	0.633	0.633	0.633	0.633	0.633	0.633	0.633	0.633	0.633	0.633	0.633	0.633	0.633	0.633	0.633	0.633	0.633	0.633	0.633	1.0	1.0	0.957	0.719	0.719	0.719	0.719	0.719	0.719	0.719	0.719	0.719	0.719	0.719	0.719	0.719	0.719	0.719	0.719	0.679	0.578	0.578	0.608	0.608	0.608	0.608	0.569	0.569	0.569	0.514	0.569	0.569	0.569	0.569	0.569	0.569	0.569	0.531	0.569	0.569	0.569	0.569	0.569	0.569	0.569	0.569	0.569	0.531	0.569	0.569	0.54	0.6	0.6	0.54	0.54	0.54	0.54	0.54	0.54	0.54	0.552	0.329	0.329
rs61332075	0.024	0.01	0.009	0.407	0.407	0.595	0.554	0.554	0.519	0.519	0.633	0.633	0.633	0.633	0.633	0.633	0.633	0.633	0.633	0.633	0.633	0.633	0.633	0.595	0.633	0.633	0.633	0.633	0.633	0.633	0.633	0.633	0.633	0.633	0.633	0.633	0.633	0.633	0.633	0.633	0.633	0.633	0.633	1.0	1.0	0.957	0.719	0.719	0.719	0.719	0.719	0.719	0.719	0.719	0.719	0.719	0.719	0.719	0.719	0.719	0.719	0.719	0.679	0.578	0.578	0.608	0.608	0.608	0.608	0.569	0.569	0.569	0.514	0.569	0.569	0.569	0.569	0.569	0.569	0.569	0.531	0.569	0.569	0.569	0.569	0.569	0.569	0.569	0.569	0.569	0.531	0.569	0.569	0.54	0.6	0.6	0.54	0.54	0.54	0.54	0.54	0.54	0.54	0.552	0.329	0.329
rs55694368	0.023	0.01	0.009	0.358	0.358	0.54	0.503	0.503	0.462	0.462	0.58	0.58	0.58	0.58	0.58	0.58	0.58	0.58	0.58	0.58	0.58	0.58	0.58	0.54	0.58	0.58	0.58	0.58	0.58	0.58	0.58	0.58	0.58	0.58	0.58	0.58	0.58	0.58	0.58	0.58	0.58	0.58	0.58	0.957	0.957	1.0	0.752	0.752	0.752	0.752	0.752	0.752	0.752	0.752	0.752	0.752	0.752	0.752	0.752	0.752	0.752	0.752	0.71	0.606	0.606	0.636	0.636	0.636	0.636	0.596	0.596	0.596	0.539	0.596	0.596	0.596	0.596	0.596	0.596	0.596	0.556	0.596	0.596	0.596	0.596	0.596	0.596	0.596	0.596	0.596	0.556	0.596	0.596	0.566	0.628	0.628	0.566	0.566	0.566	0.566	0.566	0.566	0.566	0.578	0.347	0.347
rs56134361	0.004	0.01	0.009	0.295	0.295	0.54	0.503	0.503	0.462	0.462	0.58	0.58	0.58	0.58	0.58	0.58	0.58	0.58	0.58	0.58	0.58	0.58	0.58	0.54	0.58	0.58	0.58	0.58	0.58	0.58	0.58	0.58	0.58	0.58	0.58	0.58	0.58	0.58	0.58	0.58	0.58	0.58	0.58	0.719	0.719	0.752	1.0	1.0	1.0	1.0	1.0	1.0	1.0	1.0	1.0	1.0	1.0	1.0	1.0	1.0	1.0	1.0	0.956	0.831	0.831	0.87	0.87	0.87	0.87	0.827	0.827	0.827	0.752	0.827	0.827	0.827	0.827	0.827	0.827	0.827	0.785	0.827	0.827	0.827	0.827	0.827	0.827	0.827	0.827	0.827	0.785	0.827	0.827	0.788	0.704	0.704	0.636	0.636	0.636	0.636	0.636	0.636	0.636	0.647	0.403	0.403
rs55886641	0.004	0.01	0.009	0.295	0.295	0.54	0.503	0.503	0.462	0.462	0.58	0.58	0.58	0.58	0.58	0.58	0.58	0.58	0.58	0.58	0.58	0.58	0.58	0.54	0.58	0.58	0.58	0.58	0.58	0.58	0.58	0.58	0.58	0.58	0.58	0.58	0.58	0.58	0.58	0.58	0.58	0.58	0.58	0.719	0.719	0.752	1.0	1.0	1.0	1.0	1.0	1.0	1.0	1.0	1.0	1.0	1.0	1.0	1.0	1.0	1.0	1.0	0.956	0.831	0.831	0.87	0.87	0.87	0.87	0.827	0.827	0.827	0.752	0.827	0.827	0.827	0.827	0.827	0.827	0.827	0.785	0.827	0.827	0.827	0.827	0.827	0.827	0.827	0.827	0.827	0.785	0.827	0.827	0.788	0.704	0.704	0.636	0.636	0.636	0.636	0.636	0.636	0.636	0.647	0.403	0.403
rs72983834	0.004	0.01	0.009	0.295	0.295	0.54	0.503	0.503	0.462	0.462	0.58	0.58	0.58	0.58	0.58	0.58	0.58	0.58	0.58	0.58	0.58	0.58	0.58	0.54	0.58	0.58	0.58	0.58	0.58	0.58	0.58	0.58	0.58	0.58	0.58	0.58	0.58	0.58	0.58	0.58	0.58	0.58	0.58	0.719	0.719	0.752	1.0	1.0	1.0	1.0	1.0	1.0	1.0	1.0	1.0	1.0	1.0	1.0	1.0	1.0	1.0	1.0	0.956	0.831	0.831	0.87	0.87	0.87	0.87	0.827	0.827	0.827	0.752	0.827	0.827	0.827	0.827	0.827	0.827	0.827	0.785	0.827	0.827	0.827	0.827	0.827	0.827	0.827	0.827	0.827	0.785	0.827	0.827	0.788	0.704	0.704	0.636	0.636	0.636	0.636	0.636	0.636	0.636	0.647	0.403	0.403
rs72983861	0.004	0.01	0.009	0.295	0.295	0.54	0.503	0.503	0.462	0.462	0.58	0.58	0.58	0.58	0.58	0.58	0.58	0.58	0.58	0.58	0.58	0.58	0.58	0.54	0.58	0.58	0.58	0.58	0.58	0.58	0.58	0.58	0.58	0.58	0.58	0.58	0.58	0.58	0.58	0.58	0.58	0.58	0.58	0.719	0.719	0.752	1.0	1.0	1.0	1.0	1.0	1.0	1.0	1.0	1.0	1.0	1.0	1.0	1.0	1.0	1.0	1.0	0.956	0.831	0.831	0.87	0.87	0.87	0.87	0.827	0.827	0.827	0.752	0.827	0.827	0.827	0.827	0.827	0.827	0.827	0.785	0.827	0.827	0.827	0.827	0.827	0.827	0.827	0.827	0.827	0.785	0.827	0.827	0.788	0.704	0.704	0.636	0.636	0.636	0.636	0.636	0.636	0.636	0.647	0.403	0.403
rs55740938	0.004	0.01	0.009	0.295	0.295	0.54	0.503	0.503	0.462	0.462	0.58	0.58	0.58	0.58	0.58	0.58	0.58	0.58	0.58	0.58	0.58	0.58	0.58	0.54	0.58	0.58	0.58	0.58	0.58	0.58	0.58	0.58	0.58	0.58	0.58	0.58	0.58	0.58	0.58	0.58	0.58	0.58	0.58	0.719	0.719	0.752	1.0	1.0	1.0	1.0	1.0	1.0	1.0	1.0	1.0	1.0	1.0	1.0	1.0	1.0	1.0	1.0	0.956	0.831	0.831	0.87	0.87	0.87	0.87	0.827	0.827	0.827	0.752	0.827	0.827	0.827	0.827	0.827	0.827	0.827	0.785	0.827	0.827	0.827	0.827	0.827	0.827	0.827	0.827	0.827	0.785	0.827	0.827	0.788	0.704	0.704	0.636	0.636	0.636	0.636	0.636	0.636	0.636	0.647	0.403	0.403
rs56396448	0.004	0.01	0.009	0.295	0.295	0.54	0.503	0.503	0.462	0.462	0.58	0.58	0.58	0.58	0.58	0.58	0.58	0.58	0.58	0.58	0.58	0.58	0.58	0.54	0.58	0.58	0.58	0.58	0.58	0.58	0.58	0.58	0.58	0.58	0.58	0.58	0.58	0.58	0.58	0.58	0.58	0.58	0.58	0.719	0.719	0.752	1.0	1.0	1.0	1.0	1.0	1.0	1.0	1.0	1.0	1.0	1.0	1.0	1.0	1.0	1.0	1.0	0.956	0.831	0.831	0.87	0.87	0.87	0.87	0.827	0.827	0.827	0.752	0.827	0.827	0.827	0.827	0.827	0.827	0.827	0.785	0.827	0.827	0.827	0.827	0.827	0.827	0.827	0.827	0.827	0.785	0.827	0.827	0.788	0.704	0.704	0.636	0.636	0.636	0.636	0.636	0.636	0.636	0.647	0.403	0.403
rs41264155	0.004	0.01	0.009	0.295	0.295	0.54	0.503	0.503	0.462	0.462	0.58	0.58	0.58	0.58	0.58	0.58	0.58	0.58	0.58	0.58	0.58	0.58	0.58	0.54	0.58	0.58	0.58	0.58	0.58	0.58	0.58	0.58	0.58	0.58	0.58	0.58	0.58	0.58	0.58	0.58	0.58	0.58	0.58	0.719	0.719	0.752	1.0	1.0	1.0	1.0	1.0	1.0	1.0	1.0	1.0	1.0	1.0	1.0	1.0	1.0	1.0	1.0	0.956	0.831	0.831	0.87	0.87	0.87	0.87	0.827	0.827	0.827	0.752	0.827	0.827	0.827	0.827	0.827	0.827	0.827	0.785	0.827	0.827	0.827	0.827	0.827	0.827	0.827	0.827	0.827	0.785	0.827	0.827	0.788	0.704	0.704	0.636	0.636	0.636	0.636	0.636	0.636	0.636	0.647	0.403	0.403
rs3191996	0.004	0.01	0.009	0.295	0.295	0.54	0.503	0.503	0.462	0.462	0.58	0.58	0.58	0.58	0.58	0.58	0.58	0.58	0.58	0.58	0.58	0.58	0.58	0.54	0.58	0.58	0.58	0.58	0.58	0.58	0.58	0.58	0.58	0.58	0.58	0.58	0.58	0.58	0.58	0.58	0.58	0.58	0.58	0.719	0.719	0.752	1.0	1.0	1.0	1.0	1.0	1.0	1.0	1.0	1.0	1.0	1.0	1.0	1.0	1.0	1.0	1.0	0.956	0.831	0.831	0.87	0.87	0.87	0.87	0.827	0.827	0.827	0.752	0.827	0.827	0.827	0.827	0.827	0.827	0.827	0.785	0.827	0.827	0.827	0.827	0.827	0.827	0.827	0.827	0.827	0.785	0.827	0.827	0.788	0.704	0.704	0.636	0.636	0.636	0.636	0.636	0.636	0.636	0.647	0.403	0.403
rs72987304	0.004	0.01	0.009	0.295	0.295	0.54	0.503	0.503	0.462	0.462	0.58	0.58	0.58	0.58	0.58	0.58	0.58	0.58	0.58	0.58	0.58	0.58	0.58	0.54	0.58	0.58	0.58	0.58	0.58	0.58	0.58	0.58	0.58	0.58	0.58	0.58	0.58	0.58	0.58	0.58	0.58	0.58	0.58	0.719	0.719	0.752	1.0	1.0	1.0	1.0	1.0	1.0	1.0	1.0	1.0	1.0	1.0	1.0	1.0	1.0	1.0	1.0	0.956	0.831	0.831	0.87	0.87	0.87	0.87	0.827	0.827	0.827	0.752	0.827	0.827	0.827	0.827	0.827	0.827	0.827	0.785	0.827	0.827	0.827	0.827	0.827	0.827	0.827	0.827	0.827	0.785	0.827	0.827	0.788	0.704	0.704	0.636	0.636	0.636	0.636	0.636	0.636	0.636	0.647	0.403	0.403
rs56313033	0.004	0.01	0.009	0.295	0.295	0.54	0.503	0.503	0.462	0.462	0.58	0.58	0.58	0.58	0.58	0.58	0.58	0.58	0.58	0.58	0.58	0.58	0.58	0.54	0.58	0.58	0.58	0.58	0.58	0.58	0.58	0.58	0.58	0.58	0.58	0.58	0.58	0.58	0.58	0.58	0.58	0.58	0.58	0.719	0.719	0.752	1.0	1.0	1.0	1.0	1.0	1.0	1.0	1.0	1.0	1.0	1.0	1.0	1.0	1.0	1.0	1.0	0.956	0.831	0.831	0.87	0.87	0.87	0.87	0.827	0.827	0.827	0.752	0.827	0.827	0.827	0.827	0.827	0.827	0.827	0.785	0.827	0.827	0.827	0.827	0.827	0.827	0.827	0.827	0.827	0.785	0.827	0.827	0.788	0.704	0.704	0.636	0.636	0.636	0.636	0.636	0.636	0.636	0.647	0.403	0.403
rs56142255	0.004	0.01	0.009	0.295	0.295	0.54	0.503	0.503	0.462	0.462	0.58	0.58	0.58	0.58	0.58	0.58	0.58	0.58	0.58	0.58	0.58	0.58	0.58	0.54	0.58	0.58	0.58	0.58	0.58	0.58	0.58	0.58	0.58	0.58	0.58	0.58	0.58	0.58	0.58	0.58	0.58	0.58	0.58	0.719	0.719	0.752	1.0	1.0	1.0	1.0	1.0	1.0	1.0	1.0	1.0	1.0	1.0	1.0	1.0	1.0	1.0	1.0	0.956	0.831	0.831	0.87	0.87	0.87	0.87	0.827	0.827	0.827	0.752	0.827	0.827	0.827	0.827	0.827	0.827	0.827	0.785	0.827	0.827	0.827	0.827	0.827	0.827	0.827	0.827	0.827	0.785	0.827	0.827	0.788	0.704	0.704	0.636	0.636	0.636	0.636	0.636	0.636	0.636	0.647	0.403	0.403
rs72987315	0.004	0.01	0.009	0.295	0.295	0.54	0.503	0.503	0.462	0.462	0.58	0.58	0.58	0.58	0.58	0.58	0.58	0.58	0.58	0.58	0.58	0.58	0.58	0.54	0.58	0.58	0.58	0.58	0.58	0.58	0.58	0.58	0.58	0.58	0.58	0.58	0.58	0.58	0.58	0.58	0.58	0.58	0.58	0.719	0.719	0.752	1.0	1.0	1.0	1.0	1.0	1.0	1.0	1.0	1.0	1.0	1.0	1.0	1.0	1.0	1.0	1.0	0.956	0.831	0.831	0.87	0.87	0.87	0.87	0.827	0.827	0.827	0.752	0.827	0.827	0.827	0.827	0.827	0.827	0.827	0.785	0.827	0.827	0.827	0.827	0.827	0.827	0.827	0.827	0.827	0.785	0.827	0.827	0.788	0.704	0.704	0.636	0.636	0.636	0.636	0.636	0.636	0.636	0.647	0.403	0.403
rs60841092	0.004	0.01	0.009	0.295	0.295	0.54	0.503	0.503	0.462	0.462	0.58	0.58	0.58	0.58	0.58	0.58	0.58	0.58	0.58	0.58	0.58	0.58	0.58	0.54	0.58	0.58	0.58	0.58	0.58	0.58	0.58	0.58	0.58	0.58	0.58	0.58	0.58	0.58	0.58	0.58	0.58	0.58	0.58	0.719	0.719	0.752	1.0	1.0	1.0	1.0	1.0	1.0	1.0	1.0	1.0	1.0	1.0	1.0	1.0	1.0	1.0	1.0	0.956	0.831	0.831	0.87	0.87	0.87	0.87	0.827	0.827	0.827	0.752	0.827	0.827	0.827	0.827	0.827	0.827	0.827	0.785	0.827	0.827	0.827	0.827	0.827	0.827	0.827	0.827	0.827	0.785	0.827	0.827	0.788	0.704	0.704	0.636	0.636	0.636	0.636	0.636	0.636	0.636	0.647	0.403	0.403
rs72987319	0.004	0.01	0.009	0.295	0.295	0.54	0.503	0.503	0.462	0.462	0.58	0.58	0.58	0.58	0.58	0.58	0.58	0.58	0.58	0.58	0.58	0.58	0.58	0.54	0.58	0.58	0.58	0.58	0.58	0.58	0.58	0.58	0.58	0.58	0.58	0.58	0.58	0.58	0.58	0.58	0.58	0.58	0.58	0.719	0.719	0.752	1.0	1.0	1.0	1.0	1.0	1.0	1.0	1.0	1.0	1.0	1.0	1.0	1.0	1.0	1.0	1.0	0.956	0.831	0.831	0.87	0.87	0.87	0.87	0.827	0.827	0.827	0.752	0.827	0.827	0.827	0.827	0.827	0.827	0.827	0.785	0.827	0.827	0.827	0.827	0.827	0.827	0.827	0.827	0.827	0.785	0.827	0.827	0.788	0.704	0.704	0.636	0.636	0.636	0.636	0.636	0.636	0.636	0.647	0.403	0.403
rs112066551	0.004	0.01	0.009	0.295	0.295	0.54	0.503	0.503	0.462	0.462	0.58	0.58	0.58	0.58	0.58	0.58	0.58	0.58	0.58	0.58	0.58	0.58	0.58	0.54	0.58	0.58	0.58	0.58	0.58	0.58	0.58	0.58	0.58	0.58	0.58	0.58	0.58	0.58	0.58	0.58	0.58	0.58	0.58	0.719	0.719	0.752	1.0	1.0	1.0	1.0	1.0	1.0	1.0	1.0	1.0	1.0	1.0	1.0	1.0	1.0	1.0	1.0	0.956	0.831	0.831	0.87	0.87	0.87	0.87	0.827	0.827	0.827	0.752	0.827	0.827	0.827	0.827	0.827	0.827	0.827	0.785	0.827	0.827	0.827	0.827	0.827	0.827	0.827	0.827	0.827	0.785	0.827	0.827	0.788	0.704	0.704	0.636	0.636	0.636	0.636	0.636	0.636	0.636	0.647	0.403	0.403
rs72987332	0.004	0.01	0.009	0.295	0.295	0.54	0.503	0.503	0.462	0.462	0.58	0.58	0.58	0.58	0.58	0.58	0.58	0.58	0.58	0.58	0.58	0.58	0.58	0.54	0.58	0.58	0.58	0.58	0.58	0.58	0.58	0.58	0.58	0.58	0.58	0.58	0.58	0.58	0.58	0.58	0.58	0.58	0.58	0.719	0.719	0.752	1.0	1.0	1.0	1.0	1.0	1.0	1.0	1.0	1.0	1.0	1.0	1.0	1.0	1.0	1.0	1.0	0.956	0.831	0.831	0.87	0.87	0.87	0.87	0.827	0.827	0.827	0.752	0.827	0.827	0.827	0.827	0.827	0.827	0.827	0.785	0.827	0.827	0.827	0.827	0.827	0.827	0.827	0.827	0.827	0.785	0.827	0.827	0.788	0.704	0.704	0.636	0.636	0.636	0.636	0.636	0.636	0.636	0.647	0.403	0.403
rs113497020	0.003	0.009	0.009	0.31	0.31	0.565	0.527	0.527	0.484	0.484	0.607	0.607	0.607	0.607	0.607	0.607	0.607	0.607	0.607	0.607	0.607	0.607	0.607	0.565	0.607	0.607	0.607	0.607	0.607	0.607	0.607	0.607	0.607	0.607	0.607	0.607	0.607	0.607	0.607	0.607	0.607	0.607	0.607	0.679	0.679	0.71	0.956	0.956	0.956	0.956	0.956	0.956	0.956	0.956	0.956	0.956	0.956	0.956	0.956	0.956	0.956	0.956	1.0	0.87	0.87	0.911	0.911	0.911	0.911	0.866	0.866	0.866	0.788	0.866	0.866	0.866	0.866	0.866	0.866	0.866	0.821	0.866	0.866	0.866	0.866	0.866	0.866	0.866	0.866	0.866	0.821	0.866	0.866	0.825	0.737	0.737	0.667	0.667	0.667	0.667	0.667	0.667	0.667	0.679	0.424	0.424
rs56171132	0.004	0.01	0.009	0.238	0.238	0.464	0.432	0.432	0.389	0.389	0.503	0.503	0.503	0.503	0.503	0.503	0.503	0.503	0.503	0.503	0.503	0.503	0.503	0.464	0.503	0.503	0.503	0.503	0.503	0.503	0.503	0.503	0.503	0.503	0.503	0.503	0.503	0.503	0.503	0.503	0.503	0.503	0.503	0.578	0.578	0.606	0.831	0.831	0.831	0.831	0.831	0.831	0.831	0.831	0.831	0.831	0.831	0.831	0.831	0.831	0.831	0.831	0.87	1.0	1.0	0.956	0.956	0.956	0.956	0.912	0.912	0.912	0.913	0.912	0.912	0.912	0.912	0.912	0.912	0.912	0.869	0.912	0.912	0.912	0.912	0.912	0.912	0.912	0.912	0.912	0.869	0.912	0.912	0.87	0.785	0.785	0.71	0.71	0.71	0.71	0.71	0.71	0.71	0.719	0.463	0.463
rs72993031	0.004	0.01	0.009	0.238	0.238	0.464	0.432	0.432	0.389	0.389	0.503	0.503	0.503	0.503	0.503	0.503	0.503	0.503	0.503	0.503	0.503	0.503	0.503	0.464	0.503	0.503	0.503	0.503	0.503	0.503	0.503	0.503	0.503	0.503	0.503	0.503	0.503	0.503	0.503	0.503	0.503	0.503	0.503	0.578	0.578	0.606	0.831	0.831	0.831	0.831	0.831	0.831	0.831	0.831	0.831	0.831	0.831	0.831	0.831	0.831	0.831	0.831	0.87	1.0	1.0	0.956	0.956	0.956	0.956	0.912	0.912	0.912	0.913	0.912	0.912	0.912	0.912	0.912	0.912	0.912	0.869	0.912	0.912	0.912	0.912	0.912	0.912	0.912	0.912	0.912	0.869	0.912	0.912	0.87	0.785	0.785	0.71	0.71	0.71	0.71	0.71	0.71	0.71	0.719	0.463	0.463
rs55917008	0.003	0.009	0.009	0.251	0.251	0.487	0.453	0.453	0.407	0.407	0.527	0.527	0.527	0.527	0.527	0.527	0.527	0.527	0.527	0.527	0.527	0.527	0.527	0.487	0.527	0.527	0.527	0.527	0.527	0.527	0.527	0.527	0.527	0.527	0.527	0.527	0.527	0.527	0.527	0.527	0.527	0.527	0.527	0.608	0.608	0.636	0.87	0.87	0.87	0.87	0.87	0.87	0.87	0.87	0.87	0.87	0.87	0.87	0.87	0.87	0.87	0.87	0.911	0.956	0.956	1.0	1.0	1.0	1.0	0.954	0.954	0.954	0.87	0.954	0.954	0.954	0.954	0.954	0.954	0.954	0.909	0.954	0.954	0.954	0.954	0.954	0.954	0.954	0.954	0.954	0.909	0.954	0.954	0.911	0.821	0.821	0.744	0.744	0.744	0.744	0.744	0.744	0.744	0.754	0.486	0.486
rs72993033	0.003	0.009	0.009	0.251	0.251	0.487	0.453	0.453	0.407	0.407	0.527	0.527	0.527	0.527	0.527	0.527	0.527	0.527	0.527	0.527	0.527	0.527	0.527	0.487	0.527	0.527	0.527	0.527	0.527	0.527	0.527	0.527	0.527	0.527	0.527	0.527	0.527	0.527	0.527	0.527	0.527	0.527	0.527	0.608	0.608	0.636	0.87	0.87	0.87	0.87	0.87	0.87	0.87	0.87	0.87	0.87	0.87	0.87	0.87	0.87	0.87	0.87	0.911	0.956	0.956	1.0	1.0	1.0	1.0	0.954	0.954	0.954	0.87	0.954	0.954	0.954	0.954	0.954	0.954	0.954	0.909	0.954	0.954	0.954	0.954	0.954	0.954	0.954	0.954	0.954	0.909	0.954	0.954	0.911	0.821	0.821	0.744	0.744	0.744	0.744	0.744	0.744	0.744	0.754	0.486	0.486
rs72993034	0.003	0.009	0.009	0.251	0.251	0.487	0.453	0.453	0.407	0.407	0.527	0.527	0.527	0.527	0.527	0.527	0.527	0.527	0.527	0.527	0.527	0.527	0.527	0.487	0.527	0.527	0.527	0.527	0.527	0.527	0.527	0.527	0.527	0.527	0.527	0.527	0.527	0.527	0.527	0.527	0.527	0.527	0.527	0.608	0.608	0.636	0.87	0.87	0.87	0.87	0.87	0.87	0.87	0.87	0.87	0.87	0.87	0.87	0.87	0.87	0.87	0.87	0.911	0.956	0.956	1.0	1.0	1.0	1.0	0.954	0.954	0.954	0.87	0.954	0.954	0.954	0.954	0.954	0.954	0.954	0.909	0.954	0.954	0.954	0.954	0.954	0.954	0.954	0.954	0.954	0.909	0.954	0.954	0.911	0.821	0.821	0.744	0.744	0.744	0.744	0.744	0.744	0.744	0.754	0.486	0.486
rs56387323	0.003	0.009	0.009	0.251	0.251	0.487	0.453	0.453	0.407	0.407	0.527	0.527	0.527	0.527	0.527	0.527	0.527	0.527	0.527	0.527	0.527	0.527	0.527	0.487	0.527	0.527	0.527	0.527	0.527	0.527	0.527	0.527	0.527	0.527	0.527	0.527	0.527	0.527	0.527	0.527	0.527	0.527	0.527	0.608	0.608	0.636	0.87	0.87	0.87	0.87	0.87	0.87	0.87	0.87	0.87	0.87	0.87	0.87	0.87	0.87	0.87	0.87	0.911	0.956	0.956	1.0	1.0	1.0	1.0	0.954	0.954	0.954	0.87	0.954	0.954	0.954	0.954	0.954	0.954	0.954	0.909	0.954	0.954	0.954	0.954	0.954	0.954	0.954	0.954	0.954	0.909	0.954	0.954	0.911	0.821	0.821	0.744	0.744	0.744	0.744	0.744	0.744	0.744	0.754	0.486	0.486
rs55988884	0.003	0.009	0.008	0.209	0.209	0.435	0.405	0.405	0.355	0.355	0.476	0.476	0.476	0.476	0.476	0.476	0.476	0.476	0.476	0.476	0.476	0.476	0.476	0.435	0.476	0.476	0.476	0.476	0.476	0.476	0.476	0.476	0.476	0.476	0.476	0.476	0.476	0.476	0.476	0.476	0.476	0.476	0.476	0.569	0.569	0.596	0.827	0.827	0.827	0.827	0.827	0.827	0.827	0.827	0.827	0.827	0.827	0.827	0.827	0.827	0.827	0.827	0.866	0.912	0.912	0.954	0.954	0.954	0.954	1.0	1.0	1.0	0.912	1.0	1.0	1.0	1.0	1.0	1.0	1.0	0.953	1.0	1.0	1.0	1.0	1.0	1.0	1.0	1.0	1.0	0.953	1.0	1.0	0.954	0.861	0.861	0.781	0.781	0.781	0.781	0.781	0.781	0.781	0.713	0.512	0.512
rs72993044	0.003	0.009	0.008	0.209	0.209	0.435	0.405	0.405	0.355	0.355	0.476	0.476	0.476	0.476	0.476	0.476	0.476	0.476	0.476	0.476	0.476	0.476	0.476	0.435	0.476	0.476	0.476	0.476	0.476	0.476	0.476	0.476	0.476	0.476	0.476	0.476	0.476	0.476	0.476	0.476	0.476	0.476	0.476	0.569	0.569	0.596	0.827	0.827	0.827	0.827	0.827	0.827	0.827	0.827	0.827	0.827	0.827	0.827	0.827	0.827	0.827	0.827	0.866	0.912	0.912	0.954	0.954	0.954	0.954	1.0	1.0	1.0	0.912	1.0	1.0	1.0	1.0	1.0	1.0	1.0	0.953	1.0	1.0	1.0	1.0	1.0	1.0	1.0	1.0	1.0	0.953	1.0	1.0	0.954	0.861	0.861	0.781	0.781	0.781	0.781	0.781	0.781	0.781	0.713	0.512	0.512
rs56120037	0.003	0.009	0.008	0.209	0.209	0.435	0.405	0.405	0.355	0.355	0.476	0.476	0.476	0.476	0.476	0.476	0.476	0.476	0.476	0.476	0.476	0.476	0.476	0.435	0.476	0.476	0.476	0.476	0.476	0.476	0.476	0.476	0.476	0.476	0.476	0.476	0.476	0.476	0.476	0.476	0.476	0.476	0.476	0.569	0.569	0.596	0.827	0.827	0.827	0.827	0.827	0.827	0.827	0.827	0.827	0.827	0.827	0.827	0.827	0.827	0.827	0.827	0.866	0.912	0.912	0.954	0.954	0.954	0.954	1.0	1.0	1.0	0.912	1.0	1.0	1.0	1.0	1.0	1.0	1.0	0.953	1.0	1.0	1.0	1.0	1.0	1.0	1.0	1.0	1.0	0.953	1.0	1.0	0.954	0.861	0.861	0.781	0.781	0.781	0.781	0.781	0.781	0.781	0.713	0.512	0.512
rs72993054	0.004	0.01	0.009	0.188	0.188	0.395	0.366	0.366	0.321	0.321	0.432	0.432	0.432	0.432	0.432	0.432	0.432	0.432	0.432	0.432	0.432	0.432	0.432	0.395	0.432	0.432	0.432	0.432	0.432	0.432	0.432	0.432	0.432	0.432	0.432	0.432	0.432	0.432	0.432	0.432	0.432	0.432	0.432	0.514	0.514	0.539	0.752	0.752	0.752	0.752	0.752	0.752	0.752	0.752	0.752	0.752	0.752	0.752	0.752	0.752	0.752	0.752	0.788	0.913	0.913	0.87	0.87	0.87	0.87	0.912	0.912	0.912	1.0	0.912	0.912	0.912	0.912	0.912	0.912	0.912	0.869	0.912	0.912	0.912	0.912	0.912	0.912	0.912	0.912	0.912	0.869	0.912	0.912	0.87	0.785	0.785	0.71	0.71	0.71	0.71	0.71	0.71	0.71	0.647	0.463	0.463
rs72993056	0.003	0.009	0.008	0.209	0.209	0.435	0.405	0.405	0.355	0.355	0.476	0.476	0.476	0.476	0.476	0.476	0.476	0.476	0.476	0.476	0.476	0.476	0.476	0.435	0.476	0.476	0.476	0.476	0.476	0.476	0.476	0.476	0.476	0.476	0.476	0.476	0.476	0.476	0.476	0.476	0.476	0.476	0.476	0.569	0.569	0.596	0.827	0.827	0.827	0.827	0.827	0.827	0.827	0.827	0.827	0.827	0.827	0.827	0.827	0.827	0.827	0.827	0.866	0.912	0.912	0.954	0.954	0.954	0.954	1.0	1.0	1.0	0.912	1.0	1.0	1.0	1.0	1.0	1.0	1.0	0.953	1.0	1.0	1.0	1.0	1.0	1.0	1.0	1.0	1.0	0.953	1.0	1.0	0.954	0.861	0.861	0.781	0.781	0.781	0.781	0.781	0.781	0.781	0.713	0.512	0.512
rs55690022	0.003	0.009	0.008	0.209	0.209	0.435	0.405	0.405	0.355	0.355	0.476	0.476	0.476	0.476	0.476	0.476	0.476	0.476	0.476	0.476	0.476	0.476	0.476	0.435	0.476	0.476	0.476	0.476	0.476	0.476	0.476	0.476	0.476	0.476	0.476	0.476	0.476	0.476	0.476	0.476	0.476	0.476	0.476	0.569	0.569	0.596	0.827	0.827	0.827	0.827	0.827	0.827	0.827	0.827	0.827	0.827	0.827	0.827	0.827	0.827	0.827	0.827	0.866	0.912	0.912	0.954	0.954	0.954	0.954	1.0	1.0	1.0	0.912	1.0	1.0	1.0	1.0	1.0	1.0	1.0	0.953	1.0	1.0	1.0	1.0	1.0	1.0	1.0	1.0	1.0	0.953	1.0	1.0	0.954	0.861	0.861	0.781	0.781	0.781	0.781	0.781	0.781	0.781	0.713	0.512	0.512
rs72993065	0.003	0.009	0.008	0.209	0.209	0.435	0.405	0.405	0.355	0.355	0.476	0.476	0.476	0.476	0.476	0.476	0.476	0.476	0.476	0.476	0.476	0.476	0.476	0.435	0.476	0.476	0.476	0.476	0.476	0.476	0.476	0.476	0.476	0.476	0.476	0.476	0.476	0.476	0.476	0.476	0.476	0.476	0.476	0.569	0.569	0.596	0.827	0.827	0.827	0.827	0.827	0.827	0.827	0.827	0.827	0.827	0.827	0.827	0.827	0.827	0.827	0.827	0.866	0.912	0.912	0.954	0.954	0.954	0.954	1.0	1.0	1.0	0.912	1.0	1.0	1.0	1.0	1.0	1.0	1.0	0.953	1.0	1.0	1.0	1.0	1.0	1.0	1.0	1.0	1.0	0.953	1.0	1.0	0.954	0.861	0.861	0.781	0.781	0.781	0.781	0.781	0.781	0.781	0.713	0.512	0.512
rs72993073	0.003	0.009	0.008	0.209	0.209	0.435	0.405	0.405	0.355	0.355	0.476	0.476	0.476	0.476	0.476	0.476	0.476	0.476	0.476	0.476	0.476	0.476	0.476	0.435	0.476	0.476	0.476	0.476	0.476	0.476	0.476	0.476	0.476	0.476	0.476	0.476	0.476	0.476	0.476	0.476	0.476	0.476	0.476	0.569	0.569	0.596	0.827	0.827	0.827	0.827	0.827	0.827	0.827	0.827	0.827	0.827	0.827	0.827	0.827	0.827	0.827	0.827	0.866	0.912	0.912	0.954	0.954	0.954	0.954	1.0	1.0	1.0	0.912	1.0	1.0	1.0	1.0	1.0	1.0	1.0	0.953	1.0	1.0	1.0	1.0	1.0	1.0	1.0	1.0	1.0	0.953	1.0	1.0	0.954	0.861	0.861	0.781	0.781	0.781	0.781	0.781	0.781	0.781	0.713	0.512	0.512
rs72993074	0.003	0.009	0.008	0.209	0.209	0.435	0.405	0.405	0.355	0.355	0.476	0.476	0.476	0.476	0.476	0.476	0.476	0.476	0.476	0.476	0.476	0.476	0.476	0.435	0.476	0.476	0.476	0.476	0.476	0.476	0.476	0.476	0.476	0.476	0.476	0.476	0.476	0.476	0.476	0.476	0.476	0.476	0.476	0.569	0.569	0.596	0.827	0.827	0.827	0.827	0.827	0.827	0.827	0.827	0.827	0.827	0.827	0.827	0.827	0.827	0.827	0.827	0.866	0.912	0.912	0.954	0.954	0.954	0.954	1.0	1.0	1.0	0.912	1.0	1.0	1.0	1.0	1.0	1.0	1.0	0.953	1.0	1.0	1.0	1.0	1.0	1.0	1.0	1.0	1.0	0.953	1.0	1.0	0.954	0.861	0.861	0.781	0.781	0.781	0.781	0.781	0.781	0.781	0.713	0.512	0.512
rs1123472	0.003	0.009	0.008	0.209	0.209	0.435	0.405	0.405	0.355	0.355	0.476	0.476	0.476	0.476	0.476	0.476	0.476	0.476	0.476	0.476	0.476	0.476	0.476	0.435	0.476	0.476	0.476	0.476	0.476	0.476	0.476	0.476	0.476	0.476	0.476	0.476	0.476	0.476	0.476	0.476	0.476	0.476	0.476	0.569	0.569	0.596	0.827	0.827	0.827	0.827	0.827	0.827	0.827	0.827	0.827	0.827	0.827	0.827	0.827	0.827	0.827	0.827	0.866	0.912	0.912	0.954	0.954	0.954	0.954	1.0	1.0	1.0	0.912	1.0	1.0	1.0	1.0	1.0	1.0	1.0	0.953	1.0	1.0	1.0	1.0	1.0	1.0	1.0	1.0	1.0	0.953	1.0	1.0	0.954	0.861	0.861	0.781	0.781	0.781	0.781	0.781	0.781	0.781	0.713	0.512	0.512
rs2117691	0.003	0.009	0.008	0.209	0.209	0.435	0.405	0.405	0.355	0.355	0.476	0.476	0.476	0.476	0.476	0.476	0.476	0.476	0.476	0.476	0.476	0.476	0.476	0.435	0.476	0.476	0.476	0.476	0.476	0.476	0.476	0.476	0.476	0.476	0.476	0.476	0.476	0.476	0.476	0.476	0.476	0.476	0.476	0.569	0.569	0.596	0.827	0.827	0.827	0.827	0.827	0.827	0.827	0.827	0.827	0.827	0.827	0.827	0.827	0.827	0.827	0.827	0.866	0.912	0.912	0.954	0.954	0.954	0.954	1.0	1.0	1.0	0.912	1.0	1.0	1.0	1.0	1.0	1.0	1.0	0.953	1.0	1.0	1.0	1.0	1.0	1.0	1.0	1.0	1.0	0.953	1.0	1.0	0.954	0.861	0.861	0.781	0.781	0.781	0.781	0.781	0.781	0.781	0.713	0.512	0.512
rs79795396	0.002	0.008	0.008	0.222	0.222	0.385	0.358	0.358	0.304	0.304	0.426	0.426	0.426	0.426	0.426	0.426	0.426	0.426	0.426	0.426	0.426	0.426	0.426	0.385	0.426	0.426	0.426	0.426	0.426	0.426	0.426	0.426	0.426	0.426	0.426	0.426	0.426	0.426	0.426	0.426	0.426	0.426	0.426	0.531	0.531	0.556	0.785	0.785	0.785	0.785	0.785	0.785	0.785	0.785	0.785	0.785	0.785	0.785	0.785	0.785	0.785	0.785	0.821	0.869	0.869	0.909	0.909	0.909	0.909	0.953	0.953	0.953	0.869	0.953	0.953	0.953	0.953	0.953	0.953	0.953	1.0	0.953	0.953	0.953	0.953	0.953	0.953	0.953	0.953	0.953	1.0	0.953	0.953	0.909	0.813	0.813	0.737	0.737	0.737	0.737	0.737	0.737	0.737	0.673	0.471	0.471
rs72994950	0.003	0.009	0.008	0.209	0.209	0.435	0.405	0.405	0.355	0.355	0.476	0.476	0.476	0.476	0.476	0.476	0.476	0.476	0.476	0.476	0.476	0.476	0.476	0.435	0.476	0.476	0.476	0.476	0.476	0.476	0.476	0.476	0.476	0.476	0.476	0.476	0.476	0.476	0.476	0.476	0.476	0.476	0.476	0.569	0.569	0.596	0.827	0.827	0.827	0.827	0.827	0.827	0.827	0.827	0.827	0.827	0.827	0.827	0.827	0.827	0.827	0.827	0.866	0.912	0.912	0.954	0.954	0.954	0.954	1.0	1.0	1.0	0.912	1.0	1.0	1.0	1.0	1.0	1.0	1.0	0.953	1.0	1.0	1.0	1.0	1.0	1.0	1.0	1.0	1.0	0.953	1.0	1.0	0.954	0.861	0.861	0.781	0.781	0.781	0.781	0.781	0.781	0.781	0.713	0.512	0.512
rs56387296	0.003	0.009	0.008	0.209	0.209	0.435	0.405	0.405	0.355	0.355	0.476	0.476	0.476	0.476	0.476	0.476	0.476	0.476	0.476	0.476	0.476	0.476	0.476	0.435	0.476	0.476	0.476	0.476	0.476	0.476	0.476	0.476	0.476	0.476	0.476	0.476	0.476	0.476	0.476	0.476	0.476	0.476	0.476	0.569	0.569	0.596	0.827	0.827	0.827	0.827	0.827	0.827	0.827	0.827	0.827	0.827	0.827	0.827	0.827	0.827	0.827	0.827	0.866	0.912	0.912	0.954	0.954	0.954	0.954	1.0	1.0	1.0	0.912	1.0	1.0	1.0	1.0	1.0	1.0	1.0	0.953	1.0	1.0	1.0	1.0	1.0	1.0	1.0	1.0	1.0	0.953	1.0	1.0	0.954	0.861	0.861	0.781	0.781	0.781	0.781	0.781	0.781	0.781	0.713	0.512	0.512
rs72994970	0.003	0.009	0.008	0.209	0.209	0.435	0.405	0.405	0.355	0.355	0.476	0.476	0.476	0.476	0.476	0.476	0.476	0.476	0.476	0.476	0.476	0.476	0.476	0.435	0.476	0.476	0.476	0.476	0.476	0.476	0.476	0.476	0.476	0.476	0.476	0.476	0.476	0.476	0.476	0.476	0.476	0.476	0.476	0.569	0.569	0.596	0.827	0.827	0.827	0.827	0.827	0.827	0.827	0.827	0.827	0.827	0.827	0.827	0.827	0.827	0.827	0.827	0.866	0.912	0.912	0.954	0.954	0.954	0.954	1.0	1.0	1.0	0.912	1.0	1.0	1.0	1.0	1.0	1.0	1.0	0.953	1.0	1.0	1.0	1.0	1.0	1.0	1.0	1.0	1.0	0.953	1.0	1.0	0.954	0.861	0.861	0.781	0.781	0.781	0.781	0.781	0.781	0.781	0.713	0.512	0.512
rs72994973	0.003	0.009	0.008	0.209	0.209	0.435	0.405	0.405	0.355	0.355	0.476	0.476	0.476	0.476	0.476	0.476	0.476	0.476	0.476	0.476	0.476	0.476	0.476	0.435	0.476	0.476	0.476	0.476	0.476	0.476	0.476	0.476	0.476	0.476	0.476	0.476	0.476	0.476	0.476	0.476	0.476	0.476	0.476	0.569	0.569	0.596	0.827	0.827	0.827	0.827	0.827	0.827	0.827	0.827	0.827	0.827	0.827	0.827	0.827	0.827	0.827	0.827	0.866	0.912	0.912	0.954	0.954	0.954	0.954	1.0	1.0	1.0	0.912	1.0	1.0	1.0	1.0	1.0	1.0	1.0	0.953	1.0	1.0	1.0	1.0	1.0	1.0	1.0	1.0	1.0	0.953	1.0	1.0	0.954	0.861	0.861	0.781	0.781	0.781	0.781	0.781	0.781	0.781	0.713	0.512	0.512
rs60779166	0.003	0.009	0.008	0.209	0.209	0.435	0.405	0.405	0.355	0.355	0.476	0.476	0.476	0.476	0.476	0.476	0.476	0.476	0.476	0.476	0.476	0.476	0.476	0.435	0.476	0.476	0.476	0.476	0.476	0.476	0.476	0.476	0.476	0.476	0.476	0.476	0.476	0.476	0.476	0.476	0.476	0.476	0.476	0.569	0.569	0.596	0.827	0.827	0.827	0.827	0.827	0.827	0.827	0.827	0.827	0.827	0.827	0.827	0.827	0.827	0.827	0.827	0.866	0.912	0.912	0.954	0.954	0.954	0.954	1.0	1.0	1.0	0.912	1.0	1.0	1.0	1.0	1.0	1.0	1.0	0.953	1.0	1.0	1.0	1.0	1.0	1.0	1.0	1.0	1.0	0.953	1.0	1.0	0.954	0.861	0.861	0.781	0.781	0.781	0.781	0.781	0.781	0.781	0.713	0.512	0.512
rs56121087	0.003	0.009	0.008	0.209	0.209	0.435	0.405	0.405	0.355	0.355	0.476	0.476	0.476	0.476	0.476	0.476	0.476	0.476	0.476	0.476	0.476	0.476	0.476	0.435	0.476	0.476	0.476	0.476	0.476	0.476	0.476	0.476	0.476	0.476	0.476	0.476	0.476	0.476	0.476	0.476	0.476	0.476	0.476	0.569	0.569	0.596	0.827	0.827	0.827	0.827	0.827	0.827	0.827	0.827	0.827	0.827	0.827	0.827	0.827	0.827	0.827	0.827	0.866	0.912	0.912	0.954	0.954	0.954	0.954	1.0	1.0	1.0	0.912	1.0	1.0	1.0	1.0	1.0	1.0	1.0	0.953	1.0	1.0	1.0	1.0	1.0	1.0	1.0	1.0	1.0	0.953	1.0	1.0	0.954	0.861	0.861	0.781	0.781	0.781	0.781	0.781	0.781	0.781	0.713	0.512	0.512
rs56340711	0.003	0.009	0.008	0.209	0.209	0.435	0.405	0.405	0.355	0.355	0.476	0.476	0.476	0.476	0.476	0.476	0.476	0.476	0.476	0.476	0.476	0.476	0.476	0.435	0.476	0.476	0.476	0.476	0.476	0.476	0.476	0.476	0.476	0.476	0.476	0.476	0.476	0.476	0.476	0.476	0.476	0.476	0.476	0.569	0.569	0.596	0.827	0.827	0.827	0.827	0.827	0.827	0.827	0.827	0.827	0.827	0.827	0.827	0.827	0.827	0.827	0.827	0.866	0.912	0.912	0.954	0.954	0.954	0.954	1.0	1.0	1.0	0.912	1.0	1.0	1.0	1.0	1.0	1.0	1.0	0.953	1.0	1.0	1.0	1.0	1.0	1.0	1.0	1.0	1.0	0.953	1.0	1.0	0.954	0.861	0.861	0.781	0.781	0.781	0.781	0.781	0.781	0.781	0.713	0.512	0.512
rs56176151	0.003	0.009	0.008	0.209	0.209	0.435	0.405	0.405	0.355	0.355	0.476	0.476	0.476	0.476	0.476	0.476	0.476	0.476	0.476	0.476	0.476	0.476	0.476	0.435	0.476	0.476	0.476	0.476	0.476	0.476	0.476	0.476	0.476	0.476	0.476	0.476	0.476	0.476	0.476	0.476	0.476	0.476	0.476	0.569	0.569	0.596	0.827	0.827	0.827	0.827	0.827	0.827	0.827	0.827	0.827	0.827	0.827	0.827	0.827	0.827	0.827	0.827	0.866	0.912	0.912	0.954	0.954	0.954	0.954	1.0	1.0	1.0	0.912	1.0	1.0	1.0	1.0	1.0	1.0	1.0	0.953	1.0	1.0	1.0	1.0	1.0	1.0	1.0	1.0	1.0	0.953	1.0	1.0	0.954	0.861	0.861	0.781	0.781	0.781	0.781	0.781	0.781	0.781	0.713	0.512	0.512
rs55706928	0.003	0.009	0.008	0.209	0.209	0.435	0.405	0.405	0.355	0.355	0.476	0.476	0.476	0.476	0.476	0.476	0.476	0.476	0.476	0.476	0.476	0.476	0.476	0.435	0.476	0.476	0.476	0.476	0.476	0.476	0.476	0.476	0.476	0.476	0.476	0.476	0.476	0.476	0.476	0.476	0.476	0.476	0.476	0.569	0.569	0.596	0.827	0.827	0.827	0.827	0.827	0.827	0.827	0.827	0.827	0.827	0.827	0.827	0.827	0.827	0.827	0.827	0.866	0.912	0.912	0.954	0.954	0.954	0.954	1.0	1.0	1.0	0.912	1.0	1.0	1.0	1.0	1.0	1.0	1.0	0.953	1.0	1.0	1.0	1.0	1.0	1.0	1.0	1.0	1.0	0.953	1.0	1.0	0.954	0.861	0.861	0.781	0.781	0.781	0.781	0.781	0.781	0.781	0.713	0.512	0.512
rs112559043	0.002	0.008	0.008	0.222	0.222	0.385	0.358	0.358	0.304	0.304	0.426	0.426	0.426	0.426	0.426	0.426	0.426	0.426	0.426	0.426	0.426	0.426	0.426	0.385	0.426	0.426	0.426	0.426	0.426	0.426	0.426	0.426	0.426	0.426	0.426	0.426	0.426	0.426	0.426	0.426	0.426	0.426	0.426	0.531	0.531	0.556	0.785	0.785	0.785	0.785	0.785	0.785	0.785	0.785	0.785	0.785	0.785	0.785	0.785	0.785	0.785	0.785	0.821	0.869	0.869	0.909	0.909	0.909	0.909	0.953	0.953	0.953	0.869	0.953	0.953	0.953	0.953	0.953	0.953	0.953	1.0	0.953	0.953	0.953	0.953	0.953	0.953	0.953	0.953	0.953	1.0	0.953	0.953	0.909	0.813	0.813	0.737	0.737	0.737	0.737	0.737	0.737	0.737	0.673	0.471	0.471
rs72982580	0.003	0.009	0.008	0.209	0.209	0.435	0.405	0.405	0.355	0.355	0.476	0.476	0.476	0.476	0.476	0.476	0.476	0.476	0.476	0.476	0.476	0.476	0.476	0.435	0.476	0.476	0.476	0.476	0.476	0.476	0.476	0.476	0.476	0.476	0.476	0.476	0.476	0.476	0.476	0.476	0.476	0.476	0.476	0.569	0.569	0.596	0.827	0.827	0.827	0.827	0.827	0.827	0.827	0.827	0.827	0.827	0.827	0.827	0.827	0.827	0.827	0.827	0.866	0.912	0.912	0.954	0.954	0.954	0.954	1.0	1.0	1.0	0.912	1.0	1.0	1.0	1.0	1.0	1.0	1.0	0.953	1.0	1.0	1.0	1.0	1.0	1.0	1.0	1.0	1.0	0.953	1.0	1.0	0.954	0.861	0.861	0.781	0.781	0.781	0.781	0.781	0.781	0.781	0.713	0.512	0.512
rs72982590	0.003	0.009	0.008	0.209	0.209	0.435	0.405	0.405	0.355	0.355	0.476	0.476	0.476	0.476	0.476	0.476	0.476	0.476	0.476	0.476	0.476	0.476	0.476	0.435	0.476	0.476	0.476	0.476	0.476	0.476	0.476	0.476	0.476	0.476	0.476	0.476	0.476	0.476	0.476	0.476	0.476	0.476	0.476	0.569	0.569	0.596	0.827	0.827	0.827	0.827	0.827	0.827	0.827	0.827	0.827	0.827	0.827	0.827	0.827	0.827	0.827	0.827	0.866	0.912	0.912	0.954	0.954	0.954	0.954	1.0	1.0	1.0	0.912	1.0	1.0	1.0	1.0	1.0	1.0	1.0	0.953	1.0	1.0	1.0	1.0	1.0	1.0	1.0	1.0	1.0	0.953	1.0	1.0	0.954	0.861	0.861	0.781	0.781	0.781	0.781	0.781	0.781	0.781	0.713	0.512	0.512
rs111706465	0.003	0.009	0.009	0.198	0.198	0.414	0.385	0.385	0.337	0.337	0.453	0.453	0.453	0.453	0.453	0.453	0.453	0.453	0.453	0.453	0.453	0.453	0.453	0.414	0.453	0.453	0.453	0.453	0.453	0.453	0.453	0.453	0.453	0.453	0.453	0.453	0.453	0.453	0.453	0.453	0.453	0.453	0.453	0.54	0.54	0.566	0.788	0.788	0.788	0.788	0.788	0.788	0.788	0.788	0.788	0.788	0.788	0.788	0.788	0.788	0.788	0.788	0.825	0.87	0.87	0.911	0.911	0.911	0.911	0.954	0.954	0.954	0.87	0.954	0.954	0.954	0.954	0.954	0.954	0.954	0.909	0.954	0.954	0.954	0.954	0.954	0.954	0.954	0.954	0.954	0.909	0.954	0.954	1.0	0.821	0.821	0.744	0.744	0.744	0.744	0.744	0.744	0.744	0.679	0.486	0.486
rs61178898	0.02	0.008	0.008	0.222	0.222	0.458	0.426	0.426	0.373	0.373	0.501	0.501	0.501	0.501	0.501	0.501	0.501	0.501	0.501	0.501	0.501	0.501	0.501	0.458	0.501	0.501	0.501	0.501	0.501	0.501	0.501	0.501	0.501	0.501	0.501	0.501	0.501	0.501	0.501	0.501	0.501	0.501	0.501	0.6	0.6	0.628	0.704	0.704	0.704	0.704	0.704	0.704	0.704	0.704	0.704	0.704	0.704	0.704	0.704	0.704	0.704	0.704	0.737	0.785	0.785	0.821	0.821	0.821	0.821	0.861	0.861	0.861	0.785	0.861	0.861	0.861	0.861	0.861	0.861	0.861	0.813	0.861	0.861	0.861	0.861	0.861	0.861	0.861	0.861	0.861	0.813	0.861	0.861	0.821	1.0	1.0	0.909	0.909	0.909	0.909	0.909	0.909	0.909	0.832	0.613	0.613
rs72984508	0.02	0.008	0.008	0.222	0.222	0.458	0.426	0.426	0.373	0.373	0.501	0.501	0.501	0.501	0.501	0.501	0.501	0.501	0.501	0.501	0.501	0.501	0.501	0.458	0.501	0.501	0.501	0.501	0.501	0.501	0.501	0.501	0.501	0.501	0.501	0.501	0.501	0.501	0.501	0.501	0.501	0.501	0.501	0.6	0.6	0.628	0.704	0.704	0.704	0.704	0.704	0.704	0.704	0.704	0.704	0.704	0.704	0.704	0.704	0.704	0.704	0.704	0.737	0.785	0.785	0.821	0.821	0.821	0.821	0.861	0.861	0.861	0.785	0.861	0.861	0.861	0.861	0.861	0.861	0.861	0.813	0.861	0.861	0.861	0.861	0.861	0.861	0.861	0.861	0.861	0.813	0.861	0.861	0.821	1.0	1.0	0.909	0.909	0.909	0.909	0.909	0.909	0.909	0.832	0.613	0.613
rs56411186	0.022	0.009	0.009	0.198	0.198	0.414	0.385	0.385	0.337	0.337	0.453	0.453	0.453	0.453	0.453	0.453	0.453	0.453	0.453	0.453	0.453	0.453	0.453	0.414	0.453	0.453	0.453	0.453	0.453	0.453	0.453	0.453	0.453	0.453	0.453	0.453	0.453	0.453	0.453	0.453	0.453	0.453	0.453	0.54	0.54	0.566	0.636	0.636	0.636	0.636	0.636	0.636	0.636	0.636	0.636	0.636	0.636	0.636	0.636	0.636	0.636	0.636	0.667	0.71	0.71	0.744	0.744	0.744	0.744	0.781	0.781	0.781	0.71	0.781	0.781	0.781	0.781	0.781	0.781	0.781	0.737	0.781	0.781	0.781	0.781	0.781	0.781	0.781	0.781	0.781	0.737	0.781	0.781	0.744	0.909	0.909	1.0	1.0	1.0	1.0	1.0	1.0	1.0	0.915	0.701	0.701
rs72984524	0.022	0.009	0.009	0.198	0.198	0.414	0.385	0.385	0.337	0.337	0.453	0.453	0.453	0.453	0.453	0.453	0.453	0.453	0.453	0.453	0.453	0.453	0.453	0.414	0.453	0.453	0.453	0.453	0.453	0.453	0.453	0.453	0.453	0.453	0.453	0.453	0.453	0.453	0.453	0.453	0.453	0.453	0.453	0.54	0.54	0.566	0.636	0.636	0.636	0.636	0.636	0.636	0.636	0.636	0.636	0.636	0.636	0.636	0.636	0.636	0.636	0.636	0.667	0.71	0.71	0.744	0.744	0.744	0.744	0.781	0.781	0.781	0.71	0.781	0.781	0.781	0.781	0.781	0.781	0.781	0.737	0.781	0.781	0.781	0.781	0.781	0.781	0.781	0.781	0.781	0.737	0.781	0.781	0.744	0.909	0.909	1.0	1.0	1.0	1.0	1.0	1.0	1.0	0.915	0.701	0.701
rs72984530	0.022	0.009	0.009	0.198	0.198	0.414	0.385	0.385	0.337	0.337	0.453	0.453	0.453	0.453	0.453	0.453	0.453	0.453	0.453	0.453	0.453	0.453	0.453	0.414	0.453	0.453	0.453	0.453	0.453	0.453	0.453	0.453	0.453	0.453	0.453	0.453	0.453	0.453	0.453	0.453	0.453	0.453	0.453	0.54	0.54	0.566	0.636	0.636	0.636	0.636	0.636	0.636	0.636	0.636	0.636	0.636	0.636	0.636	0.636	0.636	0.636	0.636	0.667	0.71	0.71	0.744	0.744	0.744	0.744	0.781	0.781	0.781	0.71	0.781	0.781	0.781	0.781	0.781	0.781	0.781	0.737	0.781	0.781	0.781	0.781	0.781	0.781	0.781	0.781	0.781	0.737	0.781	0.781	0.744	0.909	0.909	1.0	1.0	1.0	1.0	1.0	1.0	1.0	0.915	0.701	0.701
rs72984533	0.022	0.009	0.009	0.198	0.198	0.414	0.385	0.385	0.337	0.337	0.453	0.453	0.453	0.453	0.453	0.453	0.453	0.453	0.453	0.453	0.453	0.453	0.453	0.414	0.453	0.453	0.453	0.453	0.453	0.453	0.453	0.453	0.453	0.453	0.453	0.453	0.453	0.453	0.453	0.453	0.453	0.453	0.453	0.54	0.54	0.566	0.636	0.636	0.636	0.636	0.636	0.636	0.636	0.636	0.636	0.636	0.636	0.636	0.636	0.636	0.636	0.636	0.667	0.71	0.71	0.744	0.744	0.744	0.744	0.781	0.781	0.781	0.71	0.781	0.781	0.781	0.781	0.781	0.781	0.781	0.737	0.781	0.781	0.781	0.781	0.781	0.781	0.781	0.781	0.781	0.737	0.781	0.781	0.744	0.909	0.909	1.0	1.0	1.0	1.0	1.0	1.0	1.0	0.915	0.701	0.701
rs72984535	0.022	0.009	0.009	0.198	0.198	0.414	0.385	0.385	0.337	0.337	0.453	0.453	0.453	0.453	0.453	0.453	0.453	0.453	0.453	0.453	0.453	0.453	0.453	0.414	0.453	0.453	0.453	0.453	0.453	0.453	0.453	0.453	0.453	0.453	0.453	0.453	0.453	0.453	0.453	0.453	0.453	0.453	0.453	0.54	0.54	0.566	0.636	0.636	0.636	0.636	0.636	0.636	0.636	0.636	0.636	0.636	0.636	0.636	0.636	0.636	0.636	0.636	0.667	0.71	0.71	0.744	0.744	0.744	0.744	0.781	0.781	0.781	0.71	0.781	0.781	0.781	0.781	0.781	0.781	0.781	0.737	0.781	0.781	0.781	0.781	0.781	0.781	0.781	0.781	0.781	0.737	0.781	0.781	0.744	0.909	0.909	1.0	1.0	1.0	1.0	1.0	1.0	1.0	0.915	0.701	0.701
rs72984594	0.022	0.009	0.009	0.198	0.198	0.414	0.385	0.385	0.337	0.337	0.453	0.453	0.453	0.453	0.453	0.453	0.453	0.453	0.453	0.453	0.453	0.453	0.453	0.414	0.453	0.453	0.453	0.453	0.453	0.453	0.453	0.453	0.453	0.453	0.453	0.453	0.453	0.453	0.453	0.453	0.453	0.453	0.453	0.54	0.54	0.566	0.636	0.636	0.636	0.636	0.636	0.636	0.636	0.636	0.636	0.636	0.636	0.636	0.636	0.636	0.636	0.636	0.667	0.71	0.71	0.744	0.744	0.744	0.744	0.781	0.781	0.781	0.71	0.781	0.781	0.781	0.781	0.781	0.781	0.781	0.737	0.781	0.781	0.781	0.781	0.781	0.781	0.781	0.781	0.781	0.737	0.781	0.781	0.744	0.909	0.909	1.0	1.0	1.0	1.0	1.0	1.0	1.0	0.915	0.701	0.701
rs59039294	0.022	0.009	0.009	0.198	0.198	0.414	0.385	0.385	0.337	0.337	0.453	0.453	0.453	0.453	0.453	0.453	0.453	0.453	0.453	0.453	0.453	0.453	0.453	0.414	0.453	0.453	0.453	0.453	0.453	0.453	0.453	0.453	0.453	0.453	0.453	0.453	0.453	0.453	0.453	0.453	0.453	0.453	0.453	0.54	0.54	0.566	0.636	0.636	0.636	0.636	0.636	0.636	0.636	0.636	0.636	0.636	0.636	0.636	0.636	0.636	0.636	0.636	0.667	0.71	0.71	0.744	0.744	0.744	0.744	0.781	0.781	0.781	0.71	0.781	0.781	0.781	0.781	0.781	0.781	0.781	0.737	0.781	0.781	0.781	0.781	0.781	0.781	0.781	0.781	0.781	0.737	0.781	0.781	0.744	0.909	0.909	1.0	1.0	1.0	1.0	1.0	1.0	1.0	0.915	0.701	0.701
rs56286230	0.024	0.01	0.009	0.227	0.227	0.444	0.412	0.412	0.371	0.371	0.481	0.481	0.481	0.481	0.481	0.481	0.481	0.481	0.481	0.481	0.481	0.481	0.481	0.444	0.481	0.481	0.481	0.481	0.481	0.481	0.481	0.481	0.481	0.481	0.481	0.481	0.481	0.481	0.481	0.481	0.481	0.481	0.481	0.552	0.552	0.578	0.647	0.647	0.647	0.647	0.647	0.647	0.647	0.647	0.647	0.647	0.647	0.647	0.647	0.647	0.647	0.647	0.679	0.719	0.719	0.754	0.754	0.754	0.754	0.713	0.713	0.713	0.647	0.713	0.713	0.713	0.713	0.713	0.713	0.713	0.673	0.713	0.713	0.713	0.713	0.713	0.713	0.713	0.713	0.713	0.673	0.713	0.713	0.679	0.832	0.832	0.915	0.915	0.915	0.915	0.915	0.915	0.915	1.0	0.713	0.713
rs76339974	0.021	0.009	0.008	0.209	0.209	0.365	0.339	0.339	0.288	0.288	0.405	0.405	0.405	0.405	0.405	0.405	0.405	0.405	0.405	0.405	0.405	0.405	0.405	0.365	0.405	0.405	0.405	0.405	0.405	0.405	0.405	0.405	0.405	0.405	0.405	0.405	0.405	0.405	0.405	0.405	0.405	0.405	0.405	0.329	0.329	0.347	0.403	0.403	0.403	0.403	0.403	0.403	0.403	0.403	0.403	0.403	0.403	0.403	0.403	0.403	0.403	0.403	0.424	0.463	0.463	0.486	0.486	0.486	0.486	0.512	0.512	0.512	0.463	0.512	0.512	0.512	0.512	0.512	0.512	0.512	0.471	0.512	0.512	0.512	0.512	0.512	0.512	0.512	0.512	0.512	0.471	0.512	0.512	0.486	0.613	0.613	0.701	0.701	0.701	0.701	0.701	0.701	0.701	0.713	1.0	1.0
rs74919577	0.021	0.009	0.008	0.209	0.209	0.365	0.339	0.339	0.288	0.288	0.405	0.405	0.405	0.405	0.405	0.405	0.405	0.405	0.405	0.405	0.405	0.405	0.405	0.365	0.405	0.405	0.405	0.405	0.405	0.405	0.405	0.405	0.405	0.405	0.405	0.405	0.405	0.405	0.405	0.405	0.405	0.405	0.405	0.329	0.329	0.347	0.403	0.403	0.403	0.403	0.403	0.403	0.403	0.403	0.403	0.403	0.403	0.403	0.403	0.403	0.403	0.403	0.424	0.463	0.463	0.486	0.486	0.486	0.486	0.512	0.512	0.512	0.463	0.512	0.512	0.512	0.512	0.512	0.512	0.512	0.471	0.512	0.512	0.512	0.512	0.512	0.512	0.512	0.512	0.512	0.471	0.512	0.512	0.486	0.613	0.613	0.701	0.701	0.701	0.701	0.701	0.701	0.701	0.713	1.0	1.0
