Chr	Start	End	Ref/Alt	GeneID	GeneName	Altai	Vindija	Chagyrskaya	Denisovan
chr1	151796493	151796494	G/A	ENSG00000143365	RORC	1	1	1	0
chr1	174606761	174606762	A/C	ENSG00000152061	RABGAP1L	0	0	1	0
chr1	174876468	174876469	A/C	ENSG00000152061	RABGAP1L	1	0	0	0
chr2	11370989	11370990	C/T	ENSG00000134318	ROCK2	0	0	0	1
chr2	11484477	11484478	G/A	ENSG00000134318	ROCK2	0	1	0	0
chr2	23805846	23805847	A/T	ENSG00000119771	KLHL29	1	1	1	0
chr2	101097106	101097107	C/G	ENSG00000204640	NMS	1	0	0	0
chr2	239187088	239187089	T/C	ENSG00000132326	PER2	0	1	0	0
chr4	56296171	56296172	C/T	ENSG00000134852	CLOCK	0	0	0	1
chr4	102911884	102911885	A/G	ENSG00000153064	BANK1	0	0	0	1
chr7	102667939	102667940	G/A	ENSG00000161040	FBXL13	1	1	1	0
chr8	22472264	22472265	C/A	ENSG00000158941	CCAR2	0	1	0	0
chr8	71180316	71180317	C/T	ENSG00000140396	NCOA2	0	0	0	1
chr9	77113670	77113671	A/G	ENSG00000198963	RORB	0	1	0	0
chr10	73298325	73298326	C/A	ENSG00000107736	CDH23	1	1	1	1
chr10	73405408	73405409	G/A	ENSG00000107736	CDH23	1	1	1	0
chr10	73466968	73466969	C/T	ENSG00000107736	CDH23	0	0	1	0
chr10	73487651	73487652	G/T	ENSG00000107736	CDH23	0	0	0	1
chr11	27443526	27443527	C/G	ENSG00000205213	LGR4	0	0	0	1
chr11	48009908	48009909	G/T	ENSG00000149177	PTPRJ	0	1	0	0
chr11	48041748	48041749	C/T	ENSG00000149177	PTPRJ	0	0	0	1
chr11	66433174	66433175	A/C	ENSG00000173914	RBM4B	1	1	1	0
chr13	77853721	77853722	T/C	ENSG00000005810	MYCBP2	0	0	0	1
chr13	113769974	113769975	C/A	ENSG00000057593	F7	0	0	0	1
chr16	55707019	55707020	T/C	ENSG00000103546	SLC6A2	0	0	0	1
chr16	72966621	72966622	G/C	ENSG00000140836	ZFHX3	0	1	1	0
chr17	7578262	7578263	G/A	ENSG00000141510	TP53	0	0	0	1
chr17	16040742	16040743	A/T	ENSG00000141027	NCOR1	0	0	0	1
chr17	17719514	17719515	A/C	ENSG00000072310	SREBF1	1	0	0	0
chr17	17719516	17719517	T/C	ENSG00000072310	SREBF1	1	0	0	0
chr17	28547726	28547727	G/A	ENSG00000108576	SLC6A4	1	1	1	0
chr17	47581269	47581270	G/A	ENSG00000064300	NGFR	0	0	0	1
chr17	74152939	74152940	C/T	ENSG00000141576	RNF157	1	1	1	0
chr18	7666316	7666317	G/A	ENSG00000173482	PTPRM	0	1	0	0
chr18	7666417	7666418	A/G	ENSG00000173482	PTPRM	0	0	1	0
chr19	18867739	18867740	C/T	ENSG00000105662	CRTC1	1	1	1	0
