GeneID	GeneName	Confidence	Biosystems	CGDB	GO	GWAS	McMahon
ENSG00000109576	AADAT	Low	0	0	0	1	0
ENSG00000129673	AANAT	High	1	0	1	0	1
ENSG00000157426	AASDH	Low	0	1	0	0	0
ENSG00000181409	AATK	Low	0	1	0	0	0
ENSG00000165029	ABCA1	Low	0	1	0	0	0
ENSG00000198691	ABCA4	Low	0	1	0	0	0
ENSG00000085563	ABCB1	Low	0	1	0	0	0
ENSG00000101986	ABCD1	Low	0	1	0	0	0
ENSG00000173208	ABCD2	Low	0	1	0	0	0
ENSG00000160179	ABCG1	Low	0	1	0	0	0
ENSG00000143994	ABHD1	Low	0	1	0	0	0
ENSG00000158201	ABHD3	Low	0	1	0	0	0
ENSG00000100439	ABHD4	Low	0	1	0	0	0
ENSG00000011198	ABHD5	Low	0	1	0	0	0
ENSG00000099204	ABLIM1	Low	0	1	0	0	0
ENSG00000163995	ABLIM2	Low	0	1	0	0	0
ENSG00000114626	ABTB1	Low	0	1	0	0	0
ENSG00000285090	AC002074.1	Low	0	0	0	1	0
ENSG00000227930	AC003087.1	Low	0	0	0	1	0
ENSG00000236938	AC003092.2	Low	0	0	0	1	0
ENSG00000251170	AC004052.1	Low	0	0	0	1	0
ENSG00000215999	AC004052.1	Low	0	0	0	1	0
ENSG00000221576	AC004543.1	Low	0	0	0	1	0
ENSG00000237921	AC004543.1	Low	0	0	0	1	0
ENSG00000234715	AC005064.1	Low	0	0	0	1	0
ENSG00000258891	AC005480.1	Low	0	0	0	1	0
ENSG00000270140	AC005520.3	Low	0	0	0	1	0
ENSG00000235852	AC005540.1	Low	0	0	0	1	0
ENSG00000264174	AC005552.1	Low	0	0	0	1	0
ENSG00000262633	AC005670.2	Low	0	0	0	1	0
ENSG00000267471	AC005771.1	Low	0	0	0	1	0
ENSG00000258114	AC005871.2	Low	0	0	0	1	0
ENSG00000228509	AC006460.1	Low	0	0	0	1	0
ENSG00000285673	AC007092.1	Low	0	0	0	1	0
ENSG00000271955	AC007100.1	Low	0	0	0	1	0
ENSG00000260975	AC007333.2	Low	0	0	0	1	0
ENSG00000159186	AC007383.1	Low	0	0	0	1	0
ENSG00000246379	AC007495.1	Low	0	0	0	1	0
ENSG00000283240	AC007529.2	Low	0	0	0	1	0
ENSG00000262950	AC007861.1	Low	0	0	0	1	0
ENSG00000268797	AC008537.1	Low	0	0	0	1	0
ENSG00000253331	AC008662.1	Low	0	0	0	1	0
ENSG00000249881	AC008696.2	Low	0	0	0	1	0
ENSG00000270442	AC008725.1	Low	0	0	0	1	0
ENSG00000267370	AC008752.3	Low	0	0	0	1	0
ENSG00000266247	AC008752.3	Low	0	0	0	1	0
ENSG00000248733	AC008852.1	Low	0	0	0	1	0
ENSG00000260072	AC008938.1	Low	0	0	0	1	0
ENSG00000264465	AC008938.1	Low	0	0	0	1	0
ENSG00000261673	AC009075.1	Low	0	0	0	1	0
ENSG00000261310	AC009081.1	Low	0	0	0	1	0
ENSG00000265167	AC009081.1	Low	0	0	0	1	0
ENSG00000260593	AC009097.2	Low	0	0	0	1	0
ENSG00000267327	AC009271.1	Low	0	0	0	1	0
ENSG00000224467	AC009313.1	Low	0	0	0	1	0
ENSG00000232337	AC009313.2	Low	0	0	0	1	0
ENSG00000259223	AC009654.1	Low	0	0	0	1	0
ENSG00000282828	AC009971.1	Low	0	0	0	1	0
ENSG00000282890	AC009975.1	Low	0	0	0	1	0
ENSG00000282998	AC009975.2	Low	0	0	0	1	0
ENSG00000282925	AC010424.3	Low	0	0	0	1	0
ENSG00000251506	AC010451.3	Low	0	0	0	1	0
ENSG00000228033	AC010967.1	Low	0	0	0	1	0
ENSG00000266561	AC011195.1	Low	0	0	0	1	0
ENSG00000267383	AC011447.3	Low	0	0	0	1	0
ENSG00000253496	AC011586.2	Low	0	0	0	1	0
ENSG00000267109	AC011990.1	Low	0	0	0	1	0
ENSG00000222017	AC011997.1	Low	0	0	0	1	0
ENSG00000225057	AC012485.1	Low	0	0	0	1	0
ENSG00000268396	AC012485.1	Low	0	0	0	1	0
ENSG00000229494	AC012494.1	Low	0	0	0	1	0
ENSG00000233635	AC015923.1	Low	0	0	0	1	0
ENSG00000267788	AC015936.2	Low	0	0	0	1	0
ENSG00000249429	AC016598.1	Low	0	0	0	1	0
ENSG00000251205	AC016598.2	Low	0	0	0	1	0
ENSG00000238091	AC016745.1	Low	0	0	0	1	0
ENSG00000234997	AC016745.1	Low	0	0	0	1	0
ENSG00000256070	AC016956.1	Low	0	0	0	1	0
ENSG00000250076	AC017013.1	Low	0	0	0	1	0
ENSG00000257237	AC018448.1	Low	0	0	0	1	0
ENSG00000257586	AC018448.2	Low	0	0	0	1	0
ENSG00000264701	AC018521.4	Low	0	0	0	1	0
ENSG00000253859	AC018616.1	Low	0	0	0	1	0
ENSG00000251567	AC018680.1	Low	0	0	0	1	0
ENSG00000260003	AC018767.2	Low	0	0	0	1	0
ENSG00000225044	AC018814.1	Low	0	0	0	1	0
ENSG00000219391	AC019129.1	Low	0	0	0	1	0
ENSG00000273876	AC019176.2	Low	0	0	0	1	0
ENSG00000279254	AC020604.1	Low	0	0	0	1	0
ENSG00000266460	AC021506.1	Low	0	0	0	1	0
ENSG00000275827	AC021506.2	Low	0	0	0	1	0
ENSG00000267284	AC022031.2	Low	0	0	0	1	0
ENSG00000284762	AC022414.1	Low	0	0	0	1	0
ENSG00000253118	AC022695.1	Low	0	0	0	1	0
ENSG00000248538	AC022784.1	Low	0	0	0	1	0
ENSG00000264622	AC022903.1	Low	0	0	0	1	0
ENSG00000256372	AC023050.2	Low	0	0	0	1	0
ENSG00000256465	AC023050.3	Low	0	0	0	1	0
ENSG00000254780	AC023232.1	Low	0	0	0	1	0
ENSG00000256211	AC023512.1	Low	0	0	0	1	0
ENSG00000270807	AC024153.1	Low	0	0	0	1	0
ENSG00000285837	AC024598.1	Low	0	0	0	1	0
ENSG00000263710	AC025175.1	Low	0	0	0	1	0
ENSG00000272416	AC025175.1	Low	0	0	0	1	0
ENSG00000249099	AC025475.1	Low	0	0	0	1	0
ENSG00000230944	AC026202.1	Low	0	0	0	1	0
ENSG00000229119	AC026403.1	Low	0	0	0	1	0
ENSG00000249941	AC026415.1	Low	0	0	0	1	0
ENSG00000261261	AC026462.4	Low	0	0	0	1	0
ENSG00000253238	AC034114.2	Low	0	0	0	1	0
ENSG00000279523	AC040168.1	Low	0	0	0	1	0
ENSG00000267215	AC040963.1	Low	0	0	0	1	0
ENSG00000264446	AC046130.1	Low	0	0	0	1	0
ENSG00000245482	AC046130.1	Low	0	0	0	1	0
ENSG00000256538	AC046130.2	Low	0	0	0	1	0
ENSG00000234028	AC062029.1	Low	0	0	0	1	0
ENSG00000253844	AC064807.2	Low	0	0	0	1	0
ENSG00000285551	AC067752.1	Low	0	0	0	1	0
ENSG00000283341	AC068205.2	Low	0	0	0	1	0
ENSG00000243276	AC068633.1	Low	0	0	0	1	0
ENSG00000223897	AC069157.1	Low	0	0	0	1	0
ENSG00000270541	AC069545.1	Low	0	0	0	1	0
ENSG00000279956	AC073082.1	Low	0	0	0	1	0
ENSG00000278424	AC073114.1	Low	0	0	0	1	0
ENSG00000271409	AC073176.2	Low	0	0	0	1	0
ENSG00000250665	AC073429.1	Low	0	0	0	1	0
ENSG00000257596	AC078778.1	Low	0	0	0	1	0
ENSG00000257545	AC079385.1	Low	0	0	0	1	0
ENSG00000258268	AC079793.1	Low	0	0	0	1	0
ENSG00000242536	AC079943.2	Low	0	0	0	1	0
ENSG00000249334	AC084048.1	Low	0	0	0	1	0
ENSG00000242012	AC084211.1	Low	0	0	0	1	0
ENSG00000270718	AC084373.1	Low	0	0	0	1	0
ENSG00000256995	AC084816.1	Low	0	0	0	1	0
ENSG00000239397	AC084878.1	Low	0	0	0	1	0
ENSG00000254258	AC087354.1	Low	0	0	0	1	0
ENSG00000259275	AC087477.2	Low	0	0	0	1	0
ENSG00000246250	AC087521.2	Low	0	0	0	1	0
ENSG00000254302	AC087855.2	Low	0	0	0	1	0
ENSG00000229642	AC087857.1	Low	0	0	0	1	0
ENSG00000257645	AC087897.1	Low	0	0	0	1	0
ENSG00000256878	AC087897.1	Low	0	0	0	1	0
ENSG00000258119	AC087897.2	Low	0	0	0	1	0
ENSG00000263655	AC090125.1	Low	0	0	0	1	0
ENSG00000264388	AC090312.1	Low	0	0	0	1	0
ENSG00000265946	AC090312.2	Low	0	0	0	1	0
ENSG00000253553	AC090578.1	Low	0	0	0	1	0
ENSG00000253363	AC090809.1	Low	0	0	0	1	0
ENSG00000265799	AC090844.3	Low	0	0	0	1	0
ENSG00000253656	AC090987.1	Low	0	0	0	1	0
ENSG00000253108	AC090993.1	Low	0	0	0	1	0
ENSG00000243635	AC091804.1	Low	0	0	0	1	0
ENSG00000253713	AC091819.2	Low	0	0	0	1	0
ENSG00000248775	AC091951.2	Low	0	0	0	1	0
ENSG00000237838	AC092422.1	Low	0	0	0	1	0
ENSG00000230773	AC092650.1	Low	0	0	0	1	0
ENSG00000255021	AC093496.1	Low	0	0	0	1	0
ENSG00000222109	AC093515.1	Low	0	0	0	1	0
ENSG00000260289	AC093515.1	Low	0	0	0	1	0
ENSG00000249000	AC093722.1	Low	0	0	0	1	0
ENSG00000251159	AC093852.1	Low	0	0	0	1	0
ENSG00000280040	AC095031.1	Low	0	0	0	1	0
ENSG00000248551	AC095050.1	Low	0	0	0	1	0
ENSG00000249284	AC095050.2	Low	0	0	0	1	0
ENSG00000250039	AC096719.1	Low	0	0	0	1	0
ENSG00000272305	AC096887.1	Low	0	0	0	1	0
ENSG00000266635	AC096887.1	Low	0	0	0	1	0
ENSG00000248138	AC097515.1	Low	0	0	0	1	0
ENSG00000285708	AC097634.4	Low	0	0	0	1	0
ENSG00000280140	AC098679.4	Low	0	0	0	1	0
ENSG00000251574	AC099520.1	Low	0	0	0	1	0
ENSG00000268566	AC100781.1	Low	0	0	0	1	0
ENSG00000253154	AC100801.1	Low	0	0	0	1	0
ENSG00000271583	AC103881.1	Low	0	0	0	1	0
ENSG00000253505	AC103957.1	Low	0	0	0	1	0
ENSG00000254035	AC104117.3	Low	0	0	0	1	0
ENSG00000233778	AC104339.1	Low	0	0	0	1	0
ENSG00000285922	AC104453.1	Low	0	0	0	1	0
ENSG00000249847	AC104619.2	Low	0	0	0	1	0
ENSG00000265552	AC104961.1	Low	0	0	0	1	0
ENSG00000236856	AC105393.2	Low	0	0	0	1	0
ENSG00000248973	AC106799.2	Low	0	0	0	1	0
ENSG00000240241	AC108752.1	Low	0	0	0	1	0
ENSG00000249635	AC109361.1	Low	0	0	0	1	0
ENSG00000279013	AC110774.1	Low	0	0	0	1	0
ENSG00000279460	AC112243.1	Low	0	0	0	1	0
ENSG00000176812	AC112778.1	Low	0	0	0	1	0
ENSG00000212075	AC112778.1	Low	0	0	0	1	0
ENSG00000251670	AC113346.2	Low	0	0	0	1	0
ENSG00000265533	AC114689.3	Low	0	0	0	1	0
ENSG00000228043	AC114763.1	Low	0	0	0	1	0
ENSG00000270241	AC115286.1	Low	0	0	0	1	0
ENSG00000221053	AC115286.1	Low	0	0	0	1	0
ENSG00000276993	AC116003.3	Low	0	0	0	1	0
ENSG00000257292	AC117372.1	Low	0	0	0	1	0
ENSG00000266333	AC117372.1	Low	0	0	0	1	0
ENSG00000238026	AC117434.1	Low	0	0	0	1	0
ENSG00000239381	AC125613.1	Low	0	0	0	1	0
ENSG00000257129	AC126177.1	Low	0	0	0	1	0
ENSG00000263632	AC126177.1	Low	0	0	0	1	0
ENSG00000257194	AC126178.1	Low	0	0	0	1	0
ENSG00000280022	AC126544.1	Low	0	0	0	1	0
ENSG00000261090	AC127459.2	Low	0	0	0	1	0
ENSG00000263620	AC129492.3	Low	0	0	0	1	0
ENSG00000242009	AC129807.1	Low	0	0	0	1	0
ENSG00000259925	AC130456.2	Low	0	0	0	1	0
ENSG00000280265	AC130456.7	Low	0	0	0	1	0
ENSG00000279444	AC135584.1	Low	0	0	0	1	0
ENSG00000250820	AC138965.2	Low	0	0	0	1	0
ENSG00000255628	AC140847.1	Low	0	0	0	1	0
ENSG00000276110	AC242988.1	Low	0	0	0	1	0
ENSG00000260836	AC245033.1	Low	0	0	0	1	0
ENSG00000278013	AC245033.2	Low	0	0	0	1	0
ENSG00000196177	ACADSB	Low	0	1	0	0	0
ENSG00000161533	ACOX1	Low	0	1	0	0	0
ENSG00000151726	ACSL1	Low	0	1	0	0	0
ENSG00000164398	ACSL6	Low	0	1	0	0	0
ENSG00000234667	ACTBP13	Low	0	0	0	1	0
ENSG00000271615	ACTG1P22	Low	0	0	0	1	0
ENSG00000123612	ACVR1C	Low	0	1	0	0	0
ENSG00000119640	ACYP1	Low	0	1	0	0	0
ENSG00000170634	ACYP2	Low	0	0	0	1	0
ENSG00000196839	ADA	Medium	1	0	1	0	0
ENSG00000168803	ADAL	Low	0	1	0	0	0
ENSG00000137845	ADAM10	Low	0	0	0	1	0
ENSG00000151694	ADAM17	Low	0	1	0	0	0
ENSG00000149451	ADAM33	Low	0	1	0	0	0
ENSG00000138316	ADAMTS14	Low	0	0	0	1	0
ENSG00000143382	ADAMTSL4	Low	0	1	0	0	0
ENSG00000105963	ADAP1	Low	0	1	0	0	0
ENSG00000189007	ADAT2	Low	0	0	0	1	0
ENSG00000063761	ADCK1	Low	0	0	0	1	0
ENSG00000164742	ADCY1	Medium	1	0	1	0	0
ENSG00000138031	ADCY3	Low	0	0	0	1	0
ENSG00000129467	ADCY4	Low	0	1	0	0	0
ENSG00000173175	ADCY5	Low	0	0	0	1	0
ENSG00000150471	ADGRL3	Low	0	0	0	1	0
ENSG00000232676	ADH5P2	Low	0	0	0	1	0
ENSG00000181092	ADIPOQ	High	1	1	1	0	0
ENSG00000159346	ADIPOR1	Low	0	1	0	0	0
ENSG00000006831	ADIPOR2	Low	0	1	0	0	0
ENSG00000148926	ADM	Low	0	1	0	0	0
ENSG00000163485	ADORA1	Medium	1	0	1	0	0
ENSG00000128271	ADORA2A	Medium	1	0	1	0	0
ENSG00000120907	ADRA1A	High	0	0	0	0	1
ENSG00000170214	ADRA1B	High	0	0	0	0	1
ENSG00000043591	ADRB1	Low	0	0	1	0	0
ENSG00000181026	AEN	Low	0	0	0	1	0
ENSG00000253642	AF279873.3	Low	0	0	0	1	0
ENSG00000254194	AF279873.4	Low	0	0	0	1	0
ENSG00000165923	AGBL2	Low	0	1	0	0	0
ENSG00000006530	AGK	Low	0	1	0	0	0
ENSG00000116771	AGMAT	Low	0	1	0	0	0
ENSG00000155189	AGPAT5	Low	0	1	0	0	0
ENSG00000159723	AGRP	Medium	1	0	1	0	0
ENSG00000177674	AGTRAP	Low	0	1	0	0	0
ENSG00000101444	AHCY	Medium	1	0	1	0	0
ENSG00000106546	AHR	Medium	1	0	1	0	0
ENSG00000173209	AHSA2P	Low	0	0	0	1	0
ENSG00000196581	AJAP1	Low	0	0	0	1	0
ENSG00000147853	AK3	Low	0	1	0	0	0
ENSG00000154027	AK5	Medium	0	1	0	1	0
ENSG00000256614	AK6P1	Low	0	0	0	1	0
ENSG00000257173	AK6P2	Low	0	0	0	1	0
ENSG00000231824	AKAIN1	Low	0	0	0	1	0
ENSG00000121057	AKAP1	Low	0	1	0	0	0
ENSG00000127914	AKAP9	Low	0	0	0	1	0
ENSG00000236365	AL008987.1	Low	0	0	0	1	0
ENSG00000233388	AL022334.1	Low	0	0	0	1	0
ENSG00000232294	AL031674.1	Low	0	0	0	1	0
ENSG00000227681	AL033504.1	Low	0	0	0	1	0
ENSG00000284716	AL034417.3	Low	0	0	0	1	0
ENSG00000271419	AL035410.2	Low	0	0	0	1	0
ENSG00000216913	AL049693.1	Low	0	0	0	1	0
ENSG00000220110	AL080315.1	Low	0	0	0	1	0
ENSG00000271397	AL109837.1	Low	0	0	0	1	0
ENSG00000258901	AL121821.2	Low	0	0	0	1	0
ENSG00000258558	AL121852.1	Low	0	0	0	1	0
ENSG00000272278	AL121932.1	Low	0	0	0	1	0
ENSG00000271440	AL121932.1	Low	0	0	0	1	0
ENSG00000237301	AL121992.1	Low	0	0	0	1	0
ENSG00000264048	AL121992.1	Low	0	0	0	1	0
ENSG00000258795	AL132719.1	Low	0	0	0	1	0
ENSG00000257522	AL133166.1	Low	0	0	0	1	0
ENSG00000272754	AL133245.1	Low	0	0	0	1	0
ENSG00000233492	AL133325.2	Low	0	0	0	1	0
ENSG00000261038	AL133457.1	Low	0	0	0	1	0
ENSG00000231902	AL135923.2	Low	0	0	0	1	0
ENSG00000283627	AL137785.1	Low	0	0	0	1	0
ENSG00000234261	AL138720.1	Low	0	0	0	1	0
ENSG00000255872	AL138752.2	Low	0	0	0	1	0
ENSG00000264620	AL139022.1	Low	0	0	0	1	0
ENSG00000259118	AL139022.1	Low	0	0	0	1	0
ENSG00000260118	AL157700.1	Low	0	0	0	1	0
ENSG00000231601	AL157709.1	Low	0	0	0	1	0
ENSG00000270306	AL158050.2	Low	0	0	0	1	0
ENSG00000284196	AL158064.1	Low	0	0	0	1	0
ENSG00000228160	AL158069.1	Low	0	0	0	1	0
ENSG00000264604	AL158069.1	Low	0	0	0	1	0
ENSG00000204055	AL158151.1	Low	0	0	0	1	0
ENSG00000220992	AL158151.1	Low	0	0	0	1	0
ENSG00000285714	AL159158.1	Low	0	0	0	1	0
ENSG00000230131	AL160290.2	Low	0	0	0	1	0
ENSG00000258549	AL161713.1	Low	0	0	0	1	0
ENSG00000285907	AL161910.1	Low	0	0	0	1	0
ENSG00000278576	AL162171.3	Low	0	0	0	1	0
ENSG00000228430	AL162726.3	Low	0	0	0	1	0
ENSG00000258506	AL163642.1	Low	0	0	0	1	0
ENSG00000259097	AL163932.1	Low	0	0	0	1	0
ENSG00000285718	AL353072.2	Low	0	0	0	1	0
ENSG00000271931	AL353135.1	Low	0	0	0	1	0
ENSG00000271269	AL353778.1	Low	0	0	0	1	0
ENSG00000269957	AL353811.1	Low	0	0	0	1	0
ENSG00000239050	AL354741.1	Low	0	0	0	1	0
ENSG00000285643	AL354741.1	Low	0	0	0	1	0
ENSG00000274090	AL354821.1	Low	0	0	0	1	0
ENSG00000254942	AL355310.3	Low	0	0	0	1	0
ENSG00000227809	AL355674.1	Low	0	0	0	1	0
ENSG00000226149	AL356124.1	Low	0	0	0	1	0
ENSG00000224836	AL356498.1	Low	0	0	0	1	0
ENSG00000270725	AL356580.1	Low	0	0	0	1	0
ENSG00000235089	AL357632.1	Low	0	0	0	1	0
ENSG00000255288	AL358944.1	Low	0	0	0	1	0
ENSG00000226739	AL358972.1	Low	0	0	0	1	0
ENSG00000285615	AL359508.1	Low	0	0	0	1	0
ENSG00000220540	AL359511.1	Low	0	0	0	1	0
ENSG00000204398	AL359649.1	Low	0	0	0	1	0
ENSG00000230987	AL359976.1	Low	0	0	0	1	0
ENSG00000265419	AL359987.1	Low	0	0	0	1	0
ENSG00000237742	AL365259.1	Low	0	0	0	1	0
ENSG00000279965	AL390755.1	Low	0	0	0	1	0
ENSG00000275285	AL391095.2	Low	0	0	0	1	0
ENSG00000225424	AL391869.1	Low	0	0	0	1	0
ENSG00000237954	AL445218.1	Low	0	0	0	1	0
ENSG00000231791	AL445228.1	Low	0	0	0	1	0
ENSG00000226409	AL450332.1	Low	0	0	0	1	0
ENSG00000186328	AL451165.1	Low	0	0	0	1	0
ENSG00000272288	AL451165.2	Low	0	0	0	1	0
ENSG00000232311	AL512303.1	Low	0	0	0	1	0
ENSG00000260100	AL512604.3	Low	0	0	0	1	0
ENSG00000223368	AL513124.1	Low	0	0	0	1	0
ENSG00000231827	AL513523.2	Low	0	0	0	1	0
ENSG00000217379	AL589647.1	Low	0	0	0	1	0
ENSG00000271860	AL589740.1	Low	0	0	0	1	0
ENSG00000215905	AL590609.1	Low	0	0	0	1	0
ENSG00000213121	AL590867.1	Low	0	0	0	1	0
ENSG00000235215	AL592431.1	Low	0	0	0	1	0
ENSG00000219619	AL606845.1	Low	0	0	0	1	0
ENSG00000203739	AL645568.1	Low	0	0	0	1	0
ENSG00000178146	AL672207.1	Low	0	0	0	1	0
ENSG00000273599	AL731571.1	Low	0	0	0	1	0
ENSG00000230782	AL807761.4	Low	0	0	0	1	0
ENSG00000170017	ALCAM	Low	0	0	0	1	0
ENSG00000175548	ALG10B	Low	0	0	0	1	0
ENSG00000189046	ALKBH2	Low	0	1	0	0	0
ENSG00000166199	ALKBH3	Low	0	0	0	1	0
ENSG00000160993	ALKBH4	Low	0	0	0	1	0
ENSG00000132965	ALOX5AP	Low	0	1	0	0	0
ENSG00000162551	ALPL	Low	0	1	0	0	0
ENSG00000125363	AMELX	Low	0	1	0	0	0
ENSG00000139211	AMIGO2	Low	0	1	0	0	0
ENSG00000176020	AMIGO3	Low	0	1	0	0	0
ENSG00000153107	ANAPC1	Low	0	1	0	0	0
ENSG00000053900	ANAPC4	Low	0	1	0	0	0
ENSG00000174606	ANGEL2	Low	0	1	0	0	0
ENSG00000091879	ANGPT2	Low	0	1	0	0	0
ENSG00000029534	ANK1	Low	0	0	0	1	0
ENSG00000145362	ANK2	Low	0	0	0	1	0
ENSG00000151150	ANK3	Medium	0	1	0	1	0
ENSG00000151687	ANKAR	Low	0	1	0	0	0
ENSG00000153930	ANKFN1	Low	0	0	0	1	0
ENSG00000001629	ANKIB1	Low	0	0	0	1	0
ENSG00000172932	ANKRD13D	Low	0	1	0	0	0
ENSG00000180071	ANKRD18A	Low	0	1	0	0	0
ENSG00000183148	ANKRD20A2	Low	0	1	0	0	0
ENSG00000107890	ANKRD26	Low	0	1	0	0	0
ENSG00000135976	ANKRD36	Low	0	1	0	0	0
ENSG00000196912	ANKRD36B	Low	0	1	0	0	0
ENSG00000165138	ANKS6	Low	0	1	0	0	0
ENSG00000143401	ANP32E	Low	0	0	0	1	0
ENSG00000143412	ANXA9	Low	0	0	0	1	0
ENSG00000136250	AOAH	Low	0	1	0	0	0
ENSG00000131480	AOC2	Low	0	1	0	0	0
ENSG00000245552	AP000787.1	Low	0	0	0	1	0
ENSG00000256916	AP000851.1	Low	0	0	0	1	0
ENSG00000254458	AP001107.3	Low	0	0	0	1	0
ENSG00000280010	AP001350.2	Low	0	0	0	1	0
ENSG00000250390	AP001790.1	Low	0	0	0	1	0
ENSG00000255482	AP001830.2	Low	0	0	0	1	0
ENSG00000254830	AP002428.1	Low	0	0	0	1	0
ENSG00000254437	AP003398.1	Low	0	0	0	1	0
ENSG00000285568	AP003398.2	Low	0	0	0	1	0
ENSG00000255299	AP003557.1	Low	0	0	0	1	0
ENSG00000285895	AP003557.2	Low	0	0	0	1	0
ENSG00000254599	AP003715.1	Low	0	0	0	1	0
ENSG00000266268	AP005203.1	Low	0	0	0	1	0
ENSG00000263745	AP005230.1	Low	0	0	0	1	0
ENSG00000264189	AP005262.1	Low	0	0	0	1	0
ENSG00000254320	AP006245.2	Low	0	0	0	1	0
ENSG00000166747	AP1G1	Low	0	1	0	0	0
ENSG00000129354	AP1M2	Low	0	1	0	0	0
ENSG00000006125	AP2B1	Low	0	0	0	1	0
ENSG00000120868	APAF1	Low	0	1	0	0	0
ENSG00000154856	APCDD1	Low	0	1	0	0	0
ENSG00000138613	APH1B	Low	0	1	0	0	0
ENSG00000248822	APOBEC3AP1	Low	0	0	0	1	0
ENSG00000179750	APOBEC3B	Low	0	1	0	0	0
ENSG00000100342	APOL1	Low	0	1	0	0	0
ENSG00000128335	APOL2	Low	0	1	0	0	0
ENSG00000157500	APPL1	Low	0	1	0	0	0
ENSG00000165272	AQP3	Low	0	1	0	0	0
ENSG00000161798	AQP5	Low	0	1	0	0	0
ENSG00000103569	AQP9	Low	0	1	0	0	0
ENSG00000047365	ARAP2	Low	0	1	0	0	0
ENSG00000118520	ARG1	Low	0	1	0	0	0
ENSG00000175220	ARHGAP1	Low	0	0	0	1	0
ENSG00000075884	ARHGAP15	Low	0	0	0	1	0
ENSG00000138639	ARHGAP24	Low	0	0	0	1	0
ENSG00000145819	ARHGAP26	Low	0	1	0	0	0
ENSG00000186517	ARHGAP30	Low	0	0	0	1	0
ENSG00000123329	ARHGAP9	Low	0	1	0	0	0
ENSG00000136002	ARHGEF4	Low	0	1	0	0	0
ENSG00000165801	ARHGEF40	Low	0	1	0	0	0
ENSG00000189079	ARID2	Low	0	0	0	1	0
ENSG00000116017	ARID3A	Low	0	1	0	0	0
ENSG00000150347	ARID5B	Low	0	1	0	0	0
ENSG00000177479	ARIH2	Low	0	0	0	1	0
ENSG00000152213	ARL11	Low	0	1	0	0	0
ENSG00000104442	ARMC1	Low	0	1	0	0	0
ENSG00000184867	ARMCX2	Low	0	1	0	0	0
ENSG00000143437	ARNT	Low	1	0	0	0	0
ENSG00000172379	ARNT2	Low	1	0	0	0	0
ENSG00000133794	ARNTL	High	1	1	1	1	1
ENSG00000029153	ARNTL2	Medium	1	0	1	0	0
ENSG00000137486	ARRB1	Low	0	1	0	0	0
ENSG00000197070	ARRDC1	Medium	0	1	0	1	0
ENSG00000100299	ARSA	Low	0	1	0	0	0
ENSG00000113273	ARSB	Low	0	1	0	0	0
ENSG00000180801	ARSJ	Low	0	1	0	0	0
ENSG00000173409	ARV1	Low	0	1	0	0	0
ENSG00000104763	ASAH1	Low	0	1	0	0	0
ENSG00000065802	ASB1	Low	0	0	0	1	0
ENSG00000196372	ASB13	Low	0	1	0	0	0
ENSG00000115239	ASB3	Low	0	0	0	1	0
ENSG00000183475	ASB7	Low	0	0	0	1	0
ENSG00000112249	ASCC3	Low	0	1	0	0	0
ENSG00000139352	ASCL1	High	0	0	0	0	1
ENSG00000116539	ASH1L	Low	0	1	0	0	0
ENSG00000108684	ASIC2	Low	0	0	0	1	0
ENSG00000126522	ASL	Low	0	1	0	0	0
ENSG00000196433	ASMT	High	0	0	0	0	1
ENSG00000070669	ASNS	Low	0	1	0	0	0
ENSG00000244617	ASPRV1	Low	0	1	0	0	0
ENSG00000130707	ASS1	Low	0	0	1	0	0
ENSG00000217791	ASS1P9	Low	0	0	0	1	0
ENSG00000119778	ATAD2B	Low	0	0	0	1	0
ENSG00000107669	ATE1	Low	0	0	0	1	0
ENSG00000162772	ATF3	Low	0	1	0	0	0
ENSG00000128272	ATF4	Medium	1	0	1	0	0
ENSG00000169136	ATF5	Medium	1	0	1	0	0
ENSG00000166669	ATF7IP2	Low	0	1	0	0	0
ENSG00000110046	ATG2A	Low	0	1	0	0	0
ENSG00000232735	ATG4AP1	Low	0	0	0	1	0
ENSG00000197548	ATG7	Low	0	0	1	0	0
ENSG00000138363	ATIC	Low	0	1	0	0	0
ENSG00000179774	ATOH7	Medium	1	0	1	0	0
ENSG00000145246	ATP10D	Low	0	1	0	0	0
ENSG00000143153	ATP1B1	Low	0	1	0	0	0
ENSG00000117410	ATP6V0B	Low	0	1	0	0	0
ENSG00000143515	ATP8B2	Low	0	1	0	0	0
ENSG00000166377	ATP9B	Low	0	1	0	0	0
ENSG00000175054	ATR	Low	0	1	0	0	0
ENSG00000162650	ATXN7L2	Low	0	0	0	1	0
ENSG00000158321	AUTS2	Low	0	0	0	1	0
ENSG00000135407	AVIL	Low	0	1	0	0	0
ENSG00000101200	AVP	Low	1	0	0	0	0
ENSG00000166148	AVPR1A	Low	0	0	0	1	0
ENSG00000162779	AXDND1	Low	0	0	0	1	0
ENSG00000103126	AXIN1	Low	0	1	0	0	0
ENSG00000177191	B3GNT8	Low	0	1	0	0	0
ENSG00000158470	B4GALT5	Low	0	1	0	0	0
ENSG00000112182	BACH2	Low	0	1	0	0	0
ENSG00000151929	BAG3	Low	0	1	0	0	0
ENSG00000007516	BAIAP3	Low	0	1	0	0	0
ENSG00000153064	BANK1	Medium	0	1	0	1	0
ENSG00000176788	BASP1	Low	0	1	0	0	0
ENSG00000168062	BATF2	Low	0	1	0	0	0
ENSG00000125124	BBS2	Low	0	1	0	0	0
ENSG00000075790	BCAP29	Low	0	0	0	1	0
ENSG00000119866	BCL11A	Low	0	1	0	0	0
ENSG00000127152	BCL11B	Low	0	1	0	0	0
ENSG00000171791	BCL2	Low	0	1	0	0	0
ENSG00000140379	BCL2A1	Low	0	1	0	0	0
ENSG00000069399	BCL3	Low	0	1	0	0	0
ENSG00000161940	BCL6B	Low	0	1	0	0	0
ENSG00000106635	BCL7B	Low	0	1	0	0	0
ENSG00000232699	BDH2P1	Low	0	0	0	1	0
ENSG00000245573	BDNF-AS	Low	0	0	0	1	0
ENSG00000145734	BDP1	Low	0	1	0	0	0
ENSG00000183092	BEGAIN	Low	0	0	0	1	0
ENSG00000162373	BEND5	Low	0	1	0	0	0
ENSG00000165626	BEND7	Low	0	1	0	0	0
ENSG00000133134	BEX2	Low	0	1	0	0	0
ENSG00000134107	BHLHE40	Medium	1	0	1	0	0
ENSG00000123095	BHLHE41	High	1	1	1	0	0
ENSG00000122870	BICC1	Low	0	0	0	1	0
ENSG00000147439	BIN3	Low	0	1	0	0	0
ENSG00000023445	BIRC3	Low	0	1	0	0	0
ENSG00000115760	BIRC6	Low	0	0	0	1	0
ENSG00000101197	BIRC7	Low	0	1	0	0	0
ENSG00000136573	BLK	Low	0	0	0	1	0
ENSG00000234201	BMI1P1	Low	0	0	0	1	0
ENSG00000165733	BMS1	Low	0	1	0	0	0
ENSG00000102010	BMX	Low	0	1	0	0	0
ENSG00000152430	BOLL	Low	0	0	0	1	0
ENSG00000101425	BPI	Low	0	1	0	0	0
ENSG00000185515	BRCC3	Low	0	1	0	0	0
ENSG00000162670	BRINP3	Low	0	0	0	1	0
ENSG00000113460	BRIX1	Low	0	1	0	0	0
ENSG00000174672	BRSK2	Low	0	0	0	1	0
ENSG00000185658	BRWD1	Low	0	1	0	0	0
ENSG00000172270	BSG	Low	0	1	0	0	0
ENSG00000164061	BSN	Low	0	0	0	1	0
ENSG00000183826	BTBD9	High	1	0	1	1	0
ENSG00000113303	BTNL8	Low	0	1	0	0	0
ENSG00000166167	BTRC	High	1	0	1	1	0
ENSG00000137656	BUD13	Low	0	0	0	1	0
ENSG00000136261	BZW2	Low	0	1	0	0	0
ENSG00000179088	C12orf42	Low	0	1	0	0	0
ENSG00000130921	C12orf65	Low	0	1	0	0	0
ENSG00000174206	C12orf66	Low	0	1	0	0	0
ENSG00000227051	C14orf132	Low	0	1	0	0	0
ENSG00000179008	C14orf39	Low	0	0	0	1	0
ENSG00000166152	C16orf78	Low	0	0	0	1	0
ENSG00000261190	C16orf97	Low	0	0	0	1	0
ENSG00000173372	C1QA	Low	0	1	0	0	0
ENSG00000159189	C1QC	Low	0	1	0	0	0
ENSG00000131094	C1QL1	Low	0	0	0	1	0
ENSG00000172247	C1QTNF4	Low	0	0	0	1	0
ENSG00000139178	C1RL	Low	0	1	0	0	0
ENSG00000118292	C1orf54	Medium	0	1	0	1	0
ENSG00000142698	C1orf94	Low	0	0	0	1	0
ENSG00000101220	C20orf27	Low	0	1	0	0	0
ENSG00000119147	C2orf40	Low	0	1	0	0	0
ENSG00000237651	C2orf74	Low	0	1	0	0	0
ENSG00000088543	C3orf18	Medium	0	1	0	1	0
ENSG00000188315	C3orf62	Low	0	1	0	0	0
ENSG00000123838	C4BPA	Low	0	1	0	0	0
ENSG00000197405	C5AR1	Low	0	1	0	0	0
ENSG00000176731	C8orf59	Low	0	1	0	0	0
ENSG00000230185	C9orf147	Low	0	0	0	1	0
ENSG00000154975	CA10	Low	0	0	0	1	0
ENSG00000118298	CA14	Low	0	0	0	1	0
ENSG00000167434	CA4	Low	0	1	0	0	0
ENSG00000174990	CA5A	Low	0	1	0	0	0
ENSG00000131686	CA6	Low	0	1	0	0	0
ENSG00000154040	CABYR	Low	0	1	0	0	0
ENSG00000242983	CABYRP1	Low	0	0	0	1	0
ENSG00000151067	CACNA1C	Low	0	1	0	0	0
ENSG00000100346	CACNA1I	Low	0	1	0	0	0
ENSG00000007402	CACNA2D2	Low	0	0	0	1	0
ENSG00000157445	CACNA2D3	Low	0	0	0	1	0
ENSG00000165995	CACNB2	Low	0	1	0	0	0
ENSG00000182985	CADM1	Low	0	0	0	1	0
ENSG00000175161	CADM2	Low	0	0	0	1	0
ENSG00000136436	CALCOCO2	Medium	0	1	0	1	0
ENSG00000183166	CALN1	Low	0	0	0	1	0
ENSG00000145349	CAMK2D	Low	0	0	0	1	0
ENSG00000162545	CAMK2N1	Low	0	1	0	0	0
ENSG00000152495	CAMK4	Low	0	1	0	0	0
ENSG00000004660	CAMKK1	Low	0	1	0	0	0
ENSG00000143919	CAMKMT	Low	0	0	0	1	0
ENSG00000164076	CAMKV	Low	0	0	0	1	0
ENSG00000171735	CAMTA1	Low	0	0	0	1	0
ENSG00000144712	CAND2	Low	0	1	0	0	0
ENSG00000171302	CANT1	Low	0	1	0	0	0
ENSG00000135387	CAPRIN1	Low	0	1	0	0	0
ENSG00000116489	CAPZA1	Low	0	0	0	1	0
ENSG00000105483	CARD8	Low	0	1	0	0	0
ENSG00000164326	CARTPT	Medium	1	0	1	0	0
ENSG00000249231	CASC16	Low	0	0	0	1	0
ENSG00000257859	CASC18	Low	0	0	0	1	0
ENSG00000147044	CASK	Low	0	1	0	0	0
ENSG00000064012	CASP8	Low	0	1	0	0	0
ENSG00000166762	CATSPER2	Low	0	1	0	0	0
ENSG00000182533	CAV3	Low	0	0	0	1	0
ENSG00000170955	CAVIN3	Medium	1	0	1	0	0
ENSG00000110395	CBL	Low	0	1	0	0	0
ENSG00000160200	CBS	Low	0	1	0	0	0
ENSG00000108468	CBX1	Low	0	0	0	1	0
ENSG00000158941	CCAR2	Medium	1	0	1	0	0
ENSG00000160799	CCDC12	Low	0	0	0	1	0
ENSG00000248712	CCDC153	Low	0	1	0	0	0
ENSG00000159588	CCDC17	Low	0	1	0	0	0
ENSG00000104983	CCDC61	Low	0	0	0	1	0
ENSG00000149201	CCDC81	Low	0	0	0	1	0
ENSG00000175602	CCDC85B	Low	0	1	0	0	0
ENSG00000205476	CCDC85C	Low	0	1	0	0	0
ENSG00000182791	CCDC87	Low	0	0	0	1	0
ENSG00000115355	CCDC88A	Low	0	1	0	0	0
ENSG00000168071	CCDC88B	Low	0	1	0	0	0
ENSG00000137500	CCDC90B	Low	0	0	0	1	0
ENSG00000123106	CCDC91	Low	0	1	0	0	0
ENSG00000204536	CCHCR1	Low	0	0	0	1	0
ENSG00000274736	CCL23	Low	0	1	0	0	0
ENSG00000138764	CCNG2	Low	0	1	0	0	0
ENSG00000134480	CCNH	Low	0	0	0	1	0
ENSG00000135083	CCNJL	Low	0	1	0	0	0
ENSG00000126353	CCR7	Low	0	1	0	0	0
ENSG00000173585	CCR9	Low	0	1	0	0	0
ENSG00000132141	CCT6B	Low	0	0	0	1	0
ENSG00000204936	CD177	Low	0	1	0	0	0
ENSG00000091972	CD200	Low	0	1	0	0	0
ENSG00000012124	CD22	Low	0	1	0	0	0
ENSG00000174807	CD248	Low	0	1	0	0	0
ENSG00000178562	CD28	Low	0	1	0	0	0
ENSG00000167850	CD300C	Low	0	1	0	0	0
ENSG00000186074	CD300LF	Low	0	1	0	0	0
ENSG00000004468	CD38	Low	0	1	0	0	0
ENSG00000198851	CD3E	Low	0	1	0	0	0
ENSG00000160654	CD3G	Low	0	1	0	0	0
ENSG00000117335	CD46	Low	0	1	0	0	0
ENSG00000110448	CD5	Low	0	1	0	0	0
ENSG00000085063	CD59	Low	0	0	0	1	0
ENSG00000112149	CD83	Low	0	1	0	0	0
ENSG00000172116	CD8B	Low	0	1	0	0	0
ENSG00000254126	CD8B2	Low	0	0	0	1	0
ENSG00000125810	CD93	Low	0	1	0	0	0
ENSG00000153283	CD96	Low	0	1	0	0	0
ENSG00000158825	CDA	Low	0	1	0	0	0
ENSG00000158402	CDC25C	Low	0	0	0	1	0
ENSG00000163171	CDC42EP3	Low	0	1	0	0	0
ENSG00000197622	CDC42SE1	Low	0	1	0	0	0
ENSG00000164649	CDCA7L	Low	0	1	0	0	0
ENSG00000140945	CDH13	Low	0	0	0	1	0
ENSG00000071991	CDH19	Low	0	0	0	1	0
ENSG00000107736	CDH23	Medium	0	1	0	1	0
ENSG00000179242	CDH4	Low	0	0	0	1	0
ENSG00000103502	CDIPT	Low	0	1	0	0	0
ENSG00000170312	CDK1	Low	0	0	1	0	0
ENSG00000135446	CDK4	High	1	1	1	0	0
ENSG00000140743	CDR2	Low	0	1	0	0	0
ENSG00000109089	CDR2L	Low	0	1	0	0	0
ENSG00000101290	CDS2	Low	0	1	0	0	0
ENSG00000079385	CEACAM1	Low	0	1	0	0	0
ENSG00000170956	CEACAM3	Low	0	1	0	0	0
ENSG00000135048	CEMIP2	Low	0	0	0	1	0
ENSG00000153044	CENPH	Low	0	1	0	0	0
ENSG00000011523	CEP68	Low	0	1	0	0	0
ENSG00000159398	CES5A	Low	0	0	0	1	0
ENSG00000089101	CFAP61	Low	0	0	0	1	0
ENSG00000003402	CFLAR	Low	0	1	0	0	0
ENSG00000106554	CHCHD3	Low	0	0	0	1	0
ENSG00000124177	CHD6	Low	0	1	0	0	0
ENSG00000109220	CHIC2	Low	0	1	0	0	0
ENSG00000131165	CHMP1A	Low	0	1	0	0	0
ENSG00000033100	CHPF2	Low	0	1	0	0	0
ENSG00000168539	CHRM1	Low	1	0	0	0	0
ENSG00000129749	CHRNA10	Low	0	1	0	0	0
ENSG00000160716	CHRNB2	Medium	1	0	1	0	0
ENSG00000171310	CHST11	Low	0	1	0	0	0
ENSG00000182022	CHST15	Low	0	1	0	0	0
ENSG00000147119	CHST7	Low	0	1	0	0	0
ENSG00000131873	CHSY1	Low	0	1	0	0	0
ENSG00000159208	CIART	Medium	1	0	1	0	0
ENSG00000141977	CIB3	Low	0	1	0	0	0
ENSG00000198894	CIPC	Medium	1	0	1	0	0
ENSG00000138433	CIR1	Low	0	0	0	1	0
ENSG00000189143	CLDN4	Medium	1	0	1	0	0
ENSG00000140839	CLEC18B	Low	0	1	0	0	0
ENSG00000069493	CLEC2D	Low	0	1	0	0	0
ENSG00000198178	CLEC4C	Low	0	1	0	0	0
ENSG00000166523	CLEC4E	Low	0	1	0	0	0
ENSG00000130779	CLIP1	Low	0	0	0	1	0
ENSG00000102805	CLN5	Low	0	0	0	1	0
ENSG00000134852	CLOCK	High	1	0	1	0	1
ENSG00000239265	CLRN1-AS1	Low	0	0	0	1	0
ENSG00000103351	CLUAP1	Low	0	1	0	0	0
ENSG00000258278	CLUHP8	Low	0	0	0	1	0
ENSG00000125246	CLYBL	Low	0	1	0	0	0
ENSG00000182712	CMC4	Low	0	1	0	0	0
ENSG00000140932	CMTM2	Low	0	1	0	0	0
ENSG00000166091	CMTM5	Low	0	1	0	0	0
ENSG00000170293	CMTM8	Low	0	1	0	0	0
ENSG00000176571	CNBD1	Low	0	0	0	1	0
ENSG00000137161	CNPY3	Low	0	1	0	0	0
ENSG00000144619	CNTN4	Low	0	0	0	1	0
ENSG00000149972	CNTN5	Low	0	0	0	1	0
ENSG00000174469	CNTNAP2	Low	0	1	0	0	0
ENSG00000106714	CNTNAP3	Low	0	1	0	0	0
ENSG00000155052	CNTNAP5	Low	0	0	0	1	0
ENSG00000164597	COG5	Low	0	0	0	1	0
ENSG00000082293	COL19A1	Low	0	1	0	0	0
ENSG00000187498	COL4A1	Low	0	0	0	1	0
ENSG00000111481	COPZ1	Low	0	0	0	1	0
ENSG00000005243	COPZ2	Low	0	0	0	1	0
ENSG00000115520	COQ10B	Low	0	0	0	1	0
ENSG00000110880	CORO1C	Low	0	1	0	0	0
ENSG00000103187	COTL1	Low	0	1	0	0	0
ENSG00000108582	CPD	Low	0	1	0	0	0
ENSG00000214575	CPEB1	Low	0	0	0	1	0
ENSG00000107864	CPEB3	Low	0	0	0	1	0
ENSG00000140848	CPNE2	Low	0	1	0	0	0
ENSG00000178773	CPNE7	Low	0	1	0	0	0
ENSG00000139117	CPNE8	Low	0	0	0	1	0
ENSG00000257718	CPNE8-AS1	Low	0	0	0	1	0
ENSG00000103381	CPPED1	Low	0	1	0	0	0
ENSG00000104324	CPQ	Low	0	0	0	1	0
ENSG00000110090	CPT1A	Medium	1	0	1	0	0
ENSG00000197721	CR1L	Low	0	1	0	0	0
ENSG00000117322	CR2	Low	0	1	0	0	0
ENSG00000095321	CRAT	Low	0	1	0	0	0
ENSG00000118260	CREB1	Medium	1	0	1	0	0
ENSG00000146592	CREB5	Low	0	1	0	0	0
ENSG00000095794	CREM	Medium	1	0	1	0	0
ENSG00000147571	CRH	Medium	1	0	1	0	0
ENSG00000145708	CRHBP	Low	0	0	0	1	0
ENSG00000150938	CRIM1	Low	0	0	0	1	0
ENSG00000182809	CRIP2	Low	0	1	0	0	0
ENSG00000119878	CRIPT	Low	0	0	0	1	0
ENSG00000103196	CRISPLD2	Low	0	1	0	0	0
ENSG00000095713	CRTAC1	Low	0	0	0	1	0
ENSG00000109943	CRTAM	Low	0	1	0	0	0
ENSG00000105662	CRTC1	Medium	1	0	1	0	0
ENSG00000140577	CRTC3	Low	0	1	0	0	0
ENSG00000105392	CRX	Low	1	0	0	0	0
ENSG00000008405	CRY1	High	1	1	1	1	1
ENSG00000121671	CRY2	High	1	1	1	0	1
ENSG00000139631	CSAD	Low	0	1	0	0	0
ENSG00000164400	CSF2	Low	0	0	1	0	0
ENSG00000198223	CSF2RA	Low	0	1	0	0	0
ENSG00000100368	CSF2RB	Low	0	1	0	0	0
ENSG00000119535	CSF3R	Low	0	1	0	0	0
ENSG00000183117	CSMD1	Low	0	0	0	1	0
ENSG00000141551	CSNK1D	High	1	1	1	0	0
ENSG00000213923	CSNK1E	High	1	1	1	0	1
ENSG00000178662	CSRNP3	Low	0	1	0	0	0
ENSG00000101439	CST3	Low	1	0	0	0	0
ENSG00000077984	CST7	Low	0	1	0	0	0
ENSG00000176102	CSTF3	Low	0	1	0	0	0
ENSG00000159692	CTBP1	Low	0	1	0	0	0
ENSG00000175029	CTBP2	Low	0	0	0	1	0
ENSG00000117151	CTBS	Low	0	1	0	0	0
ENSG00000178971	CTC1	Low	0	0	0	1	0
ENSG00000141086	CTRL	Low	0	1	0	0	0
ENSG00000117984	CTSD	Low	0	1	0	0	0
ENSG00000174080	CTSF	Medium	0	1	0	1	0
ENSG00000163131	CTSS	Medium	0	1	0	1	0
ENSG00000205279	CTXN3	Low	0	0	0	1	0
ENSG00000055130	CUL1	Low	1	0	0	0	0
ENSG00000139842	CUL4A	Low	0	1	0	0	0
ENSG00000112659	CUL9	Low	0	0	0	1	0
ENSG00000257923	CUX1	Low	0	0	0	1	0
ENSG00000081041	CXCL2	Low	0	1	0	0	0
ENSG00000160683	CXCR5	Low	0	1	0	0	0
ENSG00000147231	CXorf57	Low	0	1	0	0	0
ENSG00000204165	CXorf65	Low	0	1	0	0	0
ENSG00000071967	CYBRD1	Low	0	1	0	0	0
ENSG00000172115	CYCS	Low	0	1	0	0	0
ENSG00000187954	CYHR1	Low	0	1	0	0	0
ENSG00000183035	CYLC1	Low	0	0	0	1	0
ENSG00000135929	CYP27A1	Low	0	1	0	0	0
ENSG00000255974	CYP2A6	Low	0	0	0	1	0
ENSG00000205702	CYP2D7	Low	0	1	0	0	0
ENSG00000134716	CYP2J2	Low	0	1	0	0	0
ENSG00000186115	CYP4F2	Low	0	1	0	0	0
ENSG00000145476	CYP4V2	Low	0	1	0	0	0
ENSG00000241095	CYP51A1P1	Low	0	0	0	1	0
ENSG00000146122	DAAM2	Low	0	1	0	0	0
ENSG00000173406	DAB1	Low	0	0	0	1	0
ENSG00000165617	DACT1	Low	0	1	0	0	0
ENSG00000035664	DAPK2	Low	0	1	0	0	0
ENSG00000113758	DBN1	Low	0	1	0	0	0
ENSG00000105516	DBP	High	1	1	1	0	0
ENSG00000119599	DCAF4	Low	0	1	0	0	0
ENSG00000167986	DDB1	Low	0	0	1	0	0
ENSG00000132437	DDC	High	1	0	1	1	1
ENSG00000197312	DDI2	Low	0	0	0	1	0
ENSG00000168209	DDIT4	Low	0	1	0	0	0
ENSG00000204580	DDR1	Low	0	1	0	0	0
ENSG00000088205	DDX18	Low	0	1	0	0	0
ENSG00000198231	DDX42	Low	0	1	0	0	0
ENSG00000108654	DDX5	Low	1	0	0	0	0
ENSG00000160570	DEDD2	Low	0	0	0	1	0
ENSG00000119522	DENND1A	Low	0	0	0	1	0
ENSG00000146966	DENND2A	Low	0	1	0	0	0
ENSG00000174485	DENND4A	Low	0	1	0	0	0
ENSG00000170456	DENND5B	Low	0	1	0	0	0
ENSG00000023697	DERA	Low	0	0	0	1	0
ENSG00000185000	DGAT1	Low	0	1	0	0	0
ENSG00000062282	DGAT2	Low	0	1	0	0	0
ENSG00000128191	DGCR8	Low	0	1	0	0	0
ENSG00000058866	DGKG	Low	0	0	0	1	0
ENSG00000102967	DHODH	Low	0	1	0	0	0
ENSG00000167536	DHRS13	Low	0	1	0	0	0
ENSG00000073737	DHRS9	Low	0	1	0	0	0
ENSG00000169084	DHRSX	Low	0	1	0	0	0
ENSG00000134815	DHX34	Low	0	1	0	0	0
ENSG00000135829	DHX9	Low	1	0	0	0	0
ENSG00000066084	DIP2B	Low	0	1	0	0	0
ENSG00000151240	DIP2C	Low	0	0	0	1	0
ENSG00000144535	DIS3L2	Low	0	1	0	0	0
ENSG00000008226	DLEC1	Low	0	1	0	0	0
ENSG00000137090	DMRT1	Low	0	0	0	1	0
ENSG00000173253	DMRT2	Low	0	0	0	1	0
ENSG00000184911	DMRTC1B	Low	0	1	0	0	0
ENSG00000114841	DNAH1	Low	0	0	0	1	0
ENSG00000223717	DNAJA1P1	Low	0	0	0	1	0
ENSG00000077232	DNAJC10	Low	0	1	0	0	0
ENSG00000116138	DNAJC16	Medium	0	1	0	1	0
ENSG00000205981	DNAJC19	Low	0	1	0	0	0
ENSG00000087470	DNM1L	Low	0	1	0	0	0
ENSG00000130816	DNMT1	Low	0	1	0	0	0
ENSG00000150760	DOCK1	Low	0	0	0	1	0
ENSG00000135905	DOCK10	Low	0	1	0	0	0
ENSG00000088538	DOCK3	Low	0	0	0	1	0
ENSG00000128512	DOCK4	Low	0	1	0	0	0
ENSG00000147459	DOCK5	Low	0	1	0	0	0
ENSG00000101134	DOK5	Low	0	1	0	0	0
ENSG00000188641	DPYD	Low	0	0	0	1	0
ENSG00000232878	DPYD-AS1	Low	0	0	0	1	0
ENSG00000113657	DPYSL3	Low	0	0	0	1	0
ENSG00000184845	DRD1	High	1	0	0	1	1
ENSG00000149295	DRD2	High	1	0	1	1	0
ENSG00000151577	DRD3	High	1	0	1	1	0
ENSG00000069696	DRD4	Medium	1	0	1	0	0
ENSG00000134765	DSC1	Low	0	1	0	0	0
ENSG00000134769	DTNA	Low	0	0	0	1	0
ENSG00000091073	DTX2	Low	0	1	0	0	0
ENSG00000163840	DTX3L	Low	0	1	0	0	0
ENSG00000141994	DUS3L	Low	0	0	0	1	0
ENSG00000120129	DUSP1	Low	0	1	0	0	0
ENSG00000079393	DUSP13	Low	0	1	0	0	0
ENSG00000198842	DUSP27	Low	0	1	0	0	0
ENSG00000188542	DUSP28	Low	0	1	0	0	0
ENSG00000161202	DVL3	Low	0	1	0	0	0
ENSG00000157540	DYRK1A	Medium	1	0	1	0	0
ENSG00000127334	DYRK2	Low	0	1	0	0	0
ENSG00000135636	DYSF	Low	0	1	0	0	0
ENSG00000198919	DZIP3	Low	0	1	0	0	0
ENSG00000147654	EBAG9	Low	0	1	0	0	0
ENSG00000164330	EBF1	Low	0	1	0	0	0
ENSG00000281649	EBLN3P	Low	0	0	0	1	0
ENSG00000117298	ECE1	Medium	0	1	0	1	0
ENSG00000121310	ECHDC2	Low	0	1	0	0	0
ENSG00000134463	ECHDC3	Low	0	1	0	0	0
ENSG00000228502	EEF1A1P11	Low	0	0	0	1	0
ENSG00000214199	EEF1A1P12	Low	0	0	0	1	0
ENSG00000240138	EEF1GP4	Low	0	0	0	1	0
ENSG00000215529	EFCAB8	Low	0	0	0	1	0
ENSG00000184349	EFNA5	Low	0	0	0	1	0
ENSG00000146648	EGFR	Low	0	0	1	0	0
ENSG00000135766	EGLN1	Low	0	1	0	0	0
ENSG00000120738	EGR1	Medium	1	0	1	0	0
ENSG00000122877	EGR2	Low	0	0	0	1	0
ENSG00000179388	EGR3	Medium	1	0	1	0	0
ENSG00000204371	EHMT2	Low	0	0	0	1	0
ENSG00000255302	EID1	Low	0	1	0	0	0
ENSG00000176396	EID2	Low	0	1	0	0	0
ENSG00000172071	EIF2AK3	Low	0	0	0	1	0
ENSG00000104408	EIF3E	Low	0	1	0	0	0
ENSG00000149100	EIF3M	Low	0	1	0	0	0
ENSG00000063046	EIF4B	Low	0	1	0	0	0
ENSG00000163412	EIF4E3	Low	0	1	0	0	0
ENSG00000075151	EIF4G3	Low	0	0	0	1	0
ENSG00000158417	EIF5B	Low	0	1	0	0	0
ENSG00000066044	ELAVL1	Low	0	1	0	0	0
ENSG00000105656	ELL	Low	0	1	0	0	0
ENSG00000134759	ELP2	Low	0	1	0	0	0
ENSG00000143924	EML4	Low	0	1	0	0	0
ENSG00000134531	EMP1	Low	0	1	0	0	0
ENSG00000188316	ENO4	Low	0	0	0	1	0
ENSG00000143420	ENSA	Low	0	0	0	1	0
ENSG00000138185	ENTPD1	Low	0	1	0	0	0
ENSG00000100393	EP300	Medium	1	0	1	0	0
ENSG00000082397	EPB41L3	Low	0	0	0	1	0
ENSG00000135999	EPC2	Low	0	0	0	1	0
ENSG00000145242	EPHA5	Low	0	0	0	1	0
ENSG00000154928	EPHB1	Low	0	0	0	1	0
ENSG00000120915	EPHX2	Low	0	1	0	0	0
ENSG00000178567	EPM2AIP1	Low	0	1	0	0	0
ENSG00000187266	EPOR	Low	0	1	0	0	0
ENSG00000136628	EPRS	Low	0	1	0	0	0
ENSG00000127527	EPS15L1	Low	0	1	0	0	0
ENSG00000187672	ERC2	Low	0	0	0	1	0
ENSG00000113719	ERGIC1	Low	0	1	0	0	0
ENSG00000104626	ERI1	Low	0	0	0	1	0
ENSG00000136541	ERMN	Low	0	1	0	0	0
ENSG00000089048	ESF1	Low	0	1	0	0	0
ENSG00000091831	ESR1	Low	0	1	0	0	0
ENSG00000140009	ESR2	Low	0	0	0	1	0
ENSG00000196482	ESRRG	Low	0	0	0	1	0
ENSG00000117868	ESYT2	Low	0	1	0	0	0
ENSG00000158220	ESYT3	Low	0	0	0	1	0
ENSG00000187609	EXD3	Low	0	0	0	1	0
ENSG00000112685	EXOC2	Low	0	1	0	0	0
ENSG00000131558	EXOC4	Low	0	0	0	1	0
ENSG00000130713	EXOSC2	Low	0	1	0	0	0
ENSG00000075914	EXOSC7	Low	0	1	0	0	0
ENSG00000120699	EXOSC8	Low	0	1	0	0	0
ENSG00000123737	EXOSC9	Low	0	1	0	0	0
ENSG00000151348	EXT2	Low	0	1	0	0	0
ENSG00000106462	EZH2	High	1	0	1	1	0
ENSG00000131187	F12	Low	0	1	0	0	0
ENSG00000124491	F13A1	Low	0	0	0	1	0
ENSG00000057593	F7	Medium	1	0	1	0	0
ENSG00000165591	FAAH2	Low	0	1	0	0	0
ENSG00000164687	FABP5	Medium	0	1	0	1	0
ENSG00000149485	FADS1	Low	0	0	0	1	0
ENSG00000134824	FADS2	Low	0	0	0	1	0
ENSG00000167106	FAM102A	Low	0	1	0	0	0
ENSG00000182518	FAM104B	Low	0	1	0	0	0
ENSG00000100376	FAM118A	Low	0	0	0	1	0
ENSG00000048828	FAM120A	Low	0	1	0	0	0
ENSG00000184083	FAM120C	Low	0	1	0	0	0
ENSG00000155744	FAM126B	Low	0	1	0	0	0
ENSG00000170074	FAM153A	Low	0	1	0	0	0
ENSG00000204442	FAM155A	Low	0	0	0	1	0
ENSG00000130054	FAM155B	Low	0	0	0	1	0
ENSG00000114023	FAM162A	Low	0	1	0	0	0
ENSG00000222011	FAM185A	Low	0	0	0	1	0
ENSG00000125386	FAM193A	Low	0	0	0	1	0
ENSG00000145975	FAM217A	Low	0	0	0	1	0
ENSG00000198643	FAM3D	Medium	0	1	0	1	0
ENSG00000197872	FAM49A	Low	0	1	0	0	0
ENSG00000189319	FAM53B	Low	0	1	0	0	0
ENSG00000120709	FAM53C	Low	0	1	0	0	0
ENSG00000270683	FAM71BP1	Low	0	0	0	1	0
ENSG00000168143	FAM83B	Low	0	0	0	1	0
ENSG00000173295	FAM86B3P	Low	0	0	0	1	0
ENSG00000137414	FAM8A1	Low	0	1	0	0	0
ENSG00000183161	FANCF	Low	0	1	0	0	0
ENSG00000187790	FANCM	Low	0	1	0	0	0
ENSG00000197601	FAR1	Low	0	1	0	0	0
ENSG00000026103	FAS	Low	1	0	0	0	0
ENSG00000140092	FBLN5	Low	0	1	0	0	0
ENSG00000161040	FBXL13	Medium	0	1	0	1	0
ENSG00000127585	FBXL16	Low	0	1	0	0	0
ENSG00000145743	FBXL17	Low	0	0	0	1	0
ENSG00000108306	FBXL20	Low	0	1	0	0	0
ENSG00000005812	FBXL3	High	1	0	1	1	0
ENSG00000135108	FBXO21	Low	0	1	0	0	0
ENSG00000143756	FBXO28	Low	0	1	0	0	0
ENSG00000110429	FBXO3	Low	0	0	0	1	0
ENSG00000178974	FBXO34	Low	0	0	0	1	0
ENSG00000145868	FBXO38	Low	0	1	0	0	0
ENSG00000151876	FBXO4	Low	0	1	0	0	0
ENSG00000072803	FBXW11	Medium	1	0	1	0	0
ENSG00000109670	FBXW7	Low	0	0	1	0	0
ENSG00000275395	FCGBP	Low	0	1	0	0	0
ENSG00000143226	FCGR2A	Low	0	1	0	0	0
ENSG00000072694	FCGR2B	Low	0	1	0	0	0
ENSG00000162747	FCGR3B	Low	0	1	0	0	0
ENSG00000132185	FCRLA	Low	0	1	0	0	0
ENSG00000182511	FES	Low	0	1	0	0	0
ENSG00000163497	FEV	High	0	0	0	0	1
ENSG00000128610	FEZF1	Low	0	0	0	1	0
ENSG00000126262	FFAR2	Low	0	1	0	0	0
ENSG00000140285	FGF7	Low	0	1	0	0	0
ENSG00000174721	FGFBP3	Low	0	1	0	0	0
ENSG00000189283	FHIT	Low	0	1	0	0	0
ENSG00000197296	FITM2	Low	0	1	0	0	0
ENSG00000119782	FKBP1B	Low	0	1	0	0	0
ENSG00000004478	FKBP4	Low	0	1	0	0	0
ENSG00000105701	FKBP8	Low	0	1	0	0	0
ENSG00000154803	FLCN	Low	0	1	0	0	0
ENSG00000137312	FLOT1	Low	0	1	0	0	0
ENSG00000122025	FLT3	Low	0	1	0	0	0
ENSG00000090554	FLT3LG	Low	0	1	0	0	0
ENSG00000109920	FNBP4	Low	0	0	0	1	0
ENSG00000075420	FNDC3B	Low	0	1	0	0	0
ENSG00000229090	FO082842.1	Low	0	0	0	1	0
ENSG00000110203	FOLR3	Low	0	1	0	0	0
ENSG00000170345	FOS	Low	0	1	0	0	0
ENSG00000075426	FOSL2	Low	0	1	0	0	0
ENSG00000125798	FOXA2	High	0	0	0	0	1
ENSG00000129654	FOXJ1	Low	0	1	0	0	0
ENSG00000164916	FOXK1	Low	0	1	0	0	0
ENSG00000150907	FOXO1	Low	0	1	0	0	0
ENSG00000114861	FOXP1	Low	0	0	0	1	0
ENSG00000128573	FOXP2	Low	0	0	0	1	0
ENSG00000137166	FOXP4	Low	0	0	0	1	0
ENSG00000171049	FPR2	Low	0	1	0	0	0
ENSG00000165879	FRAT1	Low	0	1	0	0	0
ENSG00000168843	FSTL5	Low	0	1	0	0	0
ENSG00000230204	FTH1P5	Low	0	0	0	1	0
ENSG00000140718	FTO	Low	0	0	0	1	0
ENSG00000180549	FUT7	Low	0	1	0	0	0
ENSG00000258421	FXNP1	Low	0	0	0	1	0
ENSG00000160211	G6PD	Low	0	1	0	0	0
ENSG00000109458	GAB1	Low	0	1	0	0	0
ENSG00000215568	GAB4	Low	0	1	0	0	0
ENSG00000170296	GABARAP	Low	0	1	0	0	0
ENSG00000204681	GABBR1	High	0	0	0	0	1
ENSG00000143458	GABPB2	Low	0	1	0	0	0
ENSG00000022355	GABRA1	High	0	0	0	0	1
ENSG00000099860	GADD45B	Low	0	1	0	0	0
ENSG00000158089	GALNT14	Low	0	1	0	0	0
ENSG00000236167	GAPDHP57	Low	0	0	0	1	0
ENSG00000007237	GAS7	Low	0	1	0	0	0
ENSG00000179348	GATA2	High	0	1	0	0	1
ENSG00000107485	GATA3	High	0	0	0	0	1
ENSG00000136574	GATA4	Low	0	0	0	1	0
ENSG00000171766	GATM	Low	0	1	0	0	0
ENSG00000107862	GBF1	Low	0	0	0	1	0
ENSG00000131979	GCH1	Low	0	0	0	1	0
ENSG00000140905	GCSH	Low	0	1	0	0	0
ENSG00000131095	GFAP	Low	0	0	0	1	0
ENSG00000198380	GFPT1	Medium	1	0	1	0	0
ENSG00000187871	GFRAL	Low	0	0	0	1	0
ENSG00000100083	GGA1	Low	0	1	0	0	0
ENSG00000100121	GGTLC2	Low	0	1	0	0	0
ENSG00000118702	GHRH	Medium	1	0	1	0	0
ENSG00000106128	GHRHR	Low	0	0	1	0	0
ENSG00000157017	GHRL	High	1	1	1	0	0
ENSG00000121853	GHSR	Low	0	0	0	1	0
ENSG00000196329	GIMAP5	Low	0	1	0	0	0
ENSG00000179144	GIMAP7	Low	0	1	0	0	0
ENSG00000198814	GK	Low	0	1	0	0	0
ENSG00000165113	GKAP1	Low	0	0	0	1	0
ENSG00000107249	GLIS3	Low	0	0	0	1	0
ENSG00000151948	GLT1D1	Low	0	1	0	0	0
ENSG00000149124	GLYAT	Low	0	0	0	1	0
ENSG00000087338	GMCL1	Low	0	0	0	1	0
ENSG00000088256	GNA11	High	1	1	1	0	0
ENSG00000114353	GNAI2	Medium	0	1	0	1	0
ENSG00000087258	GNAO1	Low	0	0	0	1	0
ENSG00000156052	GNAQ	Medium	1	0	1	0	0
ENSG00000186469	GNG2	Low	0	1	0	0	0
ENSG00000176533	GNG7	Low	0	0	0	1	0
ENSG00000124713	GNMT	Low	0	1	0	0	0
ENSG00000259844	GNPATP	Low	0	0	0	1	0
ENSG00000135677	GNS	Low	0	1	0	0	0
ENSG00000144674	GOLGA4	Low	0	1	0	0	0
ENSG00000205281	GOLGA6L10	Low	0	1	0	0	0
ENSG00000175265	GOLGA8A	Low	0	1	0	0	0
ENSG00000143457	GOLPH3L	Low	0	0	0	1	0
ENSG00000116580	GON4L	Low	0	1	0	0	0
ENSG00000143167	GPA33	Low	0	1	0	0	0
ENSG00000092978	GPATCH2	Low	0	0	0	1	0
ENSG00000160818	GPATCH4	Low	0	1	0	0	0
ENSG00000179399	GPC5	Low	0	0	0	1	0
ENSG00000183098	GPC6	Low	0	0	0	1	0
ENSG00000198522	GPN1	Low	0	1	0	0	0
ENSG00000180269	GPR139	Low	0	0	0	1	0
ENSG00000187037	GPR141	Low	0	1	0	0	0
ENSG00000180758	GPR157	Low	0	0	1	0	0
ENSG00000166073	GPR176	Low	0	0	1	0	0
ENSG00000154478	GPR26	Low	0	0	0	1	0
ENSG00000170837	GPR27	Low	0	1	0	0	0
ENSG00000142511	GPR32	Low	0	1	0	0	0
ENSG00000146360	GPR6	Low	0	0	0	1	0
ENSG00000156097	GPR61	Low	0	0	0	1	0
ENSG00000198932	GPRASP1	Low	0	1	0	0	0
ENSG00000167191	GPRC5B	Medium	0	1	0	1	0
ENSG00000116157	GPX7	Low	0	1	0	0	0
ENSG00000154016	GRAP	Low	0	1	0	0	0
ENSG00000161835	GRASP	Low	0	1	0	0	0
ENSG00000106070	GRB10	Medium	0	1	0	1	0
ENSG00000180875	GREM2	Low	0	1	0	0	0
ENSG00000198055	GRK6	Low	0	0	0	1	0
ENSG00000168959	GRM5	Low	0	0	0	1	0
ENSG00000196277	GRM7	Low	0	0	0	1	0
ENSG00000109519	GRPEL1	Low	0	1	0	0	0
ENSG00000082701	GSK3B	High	1	1	1	0	0
ENSG00000168765	GSTM4	Low	0	1	0	0	0
ENSG00000263001	GTF2I	Low	0	1	0	0	0
ENSG00000196275	GTF2IRD2	Low	0	1	0	0	0
ENSG00000100226	GTPBP1	Low	0	0	0	1	0
ENSG00000204529	GUCY2EP	Low	0	0	0	1	0
ENSG00000100453	GZMB	Low	0	1	0	0	0
ENSG00000184897	H1FX	Low	0	1	0	0	0
ENSG00000162882	HAAO	Low	0	1	0	0	0
ENSG00000130956	HABP4	Low	0	1	0	0	0
ENSG00000206527	HACD2	Low	0	0	0	1	0
ENSG00000131373	HACL1	Low	0	1	0	0	0
ENSG00000103253	HAGHL	Low	0	1	0	0	0
ENSG00000084110	HAL	Low	0	1	0	0	0
ENSG00000140511	HAPLN3	Low	0	1	0	0	0
ENSG00000248690	HAS2-AS1	Low	0	0	0	1	0
ENSG00000105856	HBP1	Low	0	1	0	0	0
ENSG00000206344	HCG27	Low	0	1	0	0	0
ENSG00000101336	HCK	Medium	0	1	0	1	0
ENSG00000121764	HCRTR1	Low	1	0	0	0	0
ENSG00000137252	HCRTR2	High	1	0	1	1	0
ENSG00000116478	HDAC1	Medium	1	0	1	0	0
ENSG00000196591	HDAC2	Medium	1	0	1	0	0
ENSG00000171720	HDAC3	Medium	1	0	1	0	0
ENSG00000068024	HDAC4	Low	0	0	0	1	0
ENSG00000048052	HDAC9	Low	0	0	0	1	0
ENSG00000013583	HEBP1	Medium	1	0	1	0	0
ENSG00000138411	HECW2	Low	0	0	0	1	0
ENSG00000119969	HELLS	Low	0	1	0	0	0
ENSG00000163312	HELQ	Low	0	1	0	0	0
ENSG00000188175	HEPACAM2	Low	0	1	0	0	0
ENSG00000179111	HES7	Low	0	0	0	1	0
ENSG00000010282	HHATL	Low	0	1	0	0	0
ENSG00000149196	HIKESHI	Low	0	0	0	1	0
ENSG00000187837	HIST1H1C	Low	0	1	0	0	0
ENSG00000196866	HIST1H2AD	Low	0	1	0	0	0
ENSG00000158373	HIST1H2BD	Low	0	1	0	0	0
ENSG00000274290	HIST1H2BE	Low	0	1	0	0	0
ENSG00000275713	HIST1H2BH	Low	0	1	0	0	0
ENSG00000278588	HIST1H2BI	Low	0	1	0	0	0
ENSG00000273703	HIST1H2BM	Low	0	1	0	0	0
ENSG00000197153	HIST1H3J	Low	0	1	0	0	0
ENSG00000203812	HIST2H2AA4	Low	0	1	0	0	0
ENSG00000272196	HIST2H2AA4	Low	0	1	0	0	0
ENSG00000184678	HIST2H2BE	Low	0	1	0	0	0
ENSG00000203814	HIST2H2BF	Low	0	1	0	0	0
ENSG00000183598	HIST2H3D	Low	0	1	0	0	0
ENSG00000196890	HIST3H2BB	Low	0	1	0	0	0
ENSG00000095951	HIVEP1	Low	0	0	0	1	0
ENSG00000160883	HK3	Low	0	1	0	0	0
ENSG00000156510	HKDC1	Low	0	1	0	0	0
ENSG00000196735	HLA-DQA1	Low	0	1	0	0	0
ENSG00000235290	HLA-W	Low	0	0	0	1	0
ENSG00000159267	HLCS	Low	0	1	0	0	0
ENSG00000136630	HLX	Low	0	1	0	0	0
ENSG00000230886	HMGB1P25	Low	0	0	0	1	0
ENSG00000164104	HMGB2	Low	0	1	0	0	0
ENSG00000146151	HMGCLL1	Low	0	0	0	1	0
ENSG00000241810	HMGN2P13	Low	0	0	0	1	0
ENSG00000214281	HMGN2P39	Low	0	0	0	1	0
ENSG00000275410	HNF1B	Medium	1	0	1	0	0
ENSG00000101076	HNF4A	Low	0	0	1	0	0
ENSG00000164749	HNF4G	Low	0	0	0	1	0
ENSG00000228611	HNF4GP1	Low	0	0	0	1	0
ENSG00000135486	HNRNPA1	Low	0	1	0	0	0
ENSG00000139675	HNRNPA1L2	Low	0	1	0	0	0
ENSG00000236539	HNRNPA1P54	Low	0	0	0	1	0
ENSG00000237442	HNRNPA1P57	Low	0	0	0	1	0
ENSG00000257332	HNRNPA1P69	Low	0	0	0	1	0
ENSG00000170144	HNRNPA3	Low	0	1	0	0	0
ENSG00000138668	HNRNPD	High	1	0	1	1	0
ENSG00000104824	HNRNPL	Low	0	0	1	0	0
ENSG00000125944	HNRNPR	Low	0	0	1	0	0
ENSG00000153187	HNRNPU	High	1	1	1	0	0
ENSG00000152413	HOMER1	Low	1	0	0	0	0
ENSG00000134709	HOOK1	Low	0	1	0	0	0
ENSG00000257017	HP	Low	0	1	0	0	0
ENSG00000127483	HP1BP3	Low	0	0	0	1	0
ENSG00000116983	HPCAL4	Low	0	1	0	0	0
ENSG00000165704	HPRT1	Low	0	1	0	0	0
ENSG00000100099	HPS4	Low	0	1	0	0	0
ENSG00000173083	HPSE	Low	0	1	0	0	0
ENSG00000122254	HS3ST2	High	1	0	1	1	0
ENSG00000176387	HSD11B2	Low	0	1	0	0	0
ENSG00000072506	HSD17B10	Low	0	1	0	0	0
ENSG00000149084	HSD17B12	Low	0	0	0	1	0
ENSG00000119471	HSDL2	Low	0	0	0	1	0
ENSG00000025156	HSF2	Low	0	1	0	0	0
ENSG00000187522	HSPA14	Low	0	1	0	0	0
ENSG00000284024	HSPA14	Low	0	1	0	0	0
ENSG00000204389	HSPA1A	Low	0	1	0	0	0
ENSG00000204388	HSPA1B	Low	0	1	0	0	0
ENSG00000173110	HSPA6	Low	0	1	0	0	0
ENSG00000113013	HSPA9	Low	0	1	0	0	0
ENSG00000230067	HSPD1P6	Low	0	0	0	1	0
ENSG00000102241	HTATSF1	Low	0	1	0	0	0
ENSG00000178394	HTR1A	High	0	0	0	0	1
ENSG00000135312	HTR1B	High	0	1	0	0	1
ENSG00000179546	HTR1D	High	0	0	0	0	1
ENSG00000102468	HTR2A	High	0	0	0	0	1
ENSG00000147246	HTR2C	High	0	0	0	0	1
ENSG00000158748	HTR6	Low	0	0	0	1	0
ENSG00000148680	HTR7	High	1	0	1	0	1
ENSG00000196305	IARS	Low	0	1	0	0	0
ENSG00000005700	IBTK	Low	0	1	0	0	0
ENSG00000003147	ICA1	Low	0	0	0	1	0
ENSG00000163600	ICOS	Low	0	1	0	0	0
ENSG00000125968	ID1	Low	0	0	1	0	0
ENSG00000115738	ID2	Medium	1	0	1	0	0
ENSG00000117318	ID3	Medium	1	0	1	0	0
ENSG00000172201	ID4	Medium	1	0	1	0	0
ENSG00000138413	IDH1	Low	0	1	0	0	0
ENSG00000148377	IDI2	Low	0	1	0	0	0
ENSG00000010404	IDS	Low	0	1	0	0	0
ENSG00000204010	IFIT1B	Low	0	1	0	0	0
ENSG00000119922	IFIT2	Low	0	1	0	0	0
ENSG00000111537	IFNG	Low	0	1	0	0	0
ENSG00000250858	IGBP1P5	Low	0	0	0	1	0
ENSG00000197081	IGF2R	Low	0	1	0	0	0
ENSG00000211898	IGHD	Low	0	1	0	0	0
ENSG00000128322	IGLL1	Low	0	1	0	0	0
ENSG00000166130	IKBIP	Low	0	1	0	0	0
ENSG00000131724	IL13RA1	Low	0	1	0	0	0
ENSG00000125538	IL1B	Low	0	1	0	0	0
ENSG00000115590	IL1R2	Low	0	1	0	0	0
ENSG00000196083	IL1RAP	Low	0	1	0	0	0
ENSG00000169306	IL1RAPL1	Low	0	0	0	1	0
ENSG00000115598	IL1RL2	Low	0	1	0	0	0
ENSG00000136689	IL1RN	Low	0	1	0	0	0
ENSG00000174564	IL20RB	Low	0	0	0	1	0
ENSG00000110944	IL23A	Low	0	1	0	0	0
ENSG00000164509	IL31RA	Low	0	1	0	0	0
ENSG00000136244	IL6	Low	1	0	0	0	0
ENSG00000129351	ILF3	Low	0	0	0	1	0
ENSG00000106348	IMPDH1	Low	0	1	0	0	0
ENSG00000178035	IMPDH2	Low	0	0	1	0	0
ENSG00000163083	INHBB	Low	0	1	0	0	0
ENSG00000109452	INPP4B	Low	0	1	0	0	0
ENSG00000148384	INPP5E	Low	0	0	0	1	0
ENSG00000173404	INSM1	High	0	0	0	0	1
ENSG00000171105	INSR	Low	0	0	0	1	0
ENSG00000068745	IP6K2	Low	0	0	0	1	0
ENSG00000161896	IP6K3	Low	0	1	0	0	0
ENSG00000074706	IPCEF1	Low	0	0	0	1	0
ENSG00000151151	IPMK	Low	0	1	0	0	0
ENSG00000132321	IQCA1	Low	0	1	0	0	0
ENSG00000173226	IQCB1	Low	0	1	0	0	0
ENSG00000174628	IQCK	Low	0	1	0	0	0
ENSG00000090376	IRAK3	Low	0	1	0	0	0
ENSG00000125347	IRF1	Low	0	1	0	0	0
ENSG00000168310	IRF2	Low	0	1	0	0	0
ENSG00000185507	IRF7	Low	0	1	0	0	0
ENSG00000185950	IRS2	Low	0	1	0	0	0
ENSG00000101230	ISM1	Medium	0	1	0	1	0
ENSG00000078747	ITCH	Low	0	1	0	0	0
ENSG00000161638	ITGA5	Low	0	1	0	0	0
ENSG00000091409	ITGA6	Low	0	1	0	0	0
ENSG00000140678	ITGAX	Low	0	1	0	0	0
ENSG00000113263	ITK	Low	0	1	0	0	0
ENSG00000100605	ITPK1	Low	0	1	0	0	0
ENSG00000143772	ITPKB	Medium	0	1	0	1	0
ENSG00000162434	JAK1	Low	0	1	0	0	0
ENSG00000109944	JHY	Low	0	0	0	1	0
ENSG00000177606	JUN	Medium	1	0	1	0	0
ENSG00000171223	JUNB	Low	0	1	0	0	0
ENSG00000130522	JUND	Medium	1	0	1	0	0
ENSG00000107104	KANK1	Medium	0	1	0	1	0
ENSG00000120071	KANSL1	Low	0	0	0	1	0
ENSG00000083168	KAT6A	Low	0	0	0	1	0
ENSG00000189337	KAZN	Low	0	0	0	1	0
ENSG00000170852	KBTBD2	Low	0	0	0	1	0
ENSG00000177301	KCNA2	Low	0	0	1	0	0
ENSG00000182674	KCNB2	Low	0	0	0	1	0
ENSG00000184408	KCND2	Medium	1	0	1	0	0
ENSG00000175538	KCNE3	Low	0	1	0	0	0
ENSG00000152049	KCNE4	Low	0	1	0	0	0
ENSG00000162975	KCNF1	Low	0	0	0	1	0
ENSG00000026559	KCNG1	Low	0	1	0	0	0
ENSG00000055118	KCNH2	Medium	0	1	0	1	0
ENSG00000140015	KCNH5	Low	0	0	0	1	0
ENSG00000173826	KCNH6	Low	0	1	0	0	0
ENSG00000184611	KCNH7	Medium	1	1	0	0	0
ENSG00000183960	KCNH8	Low	0	1	0	0	0
ENSG00000185774	KCNIP4	Low	0	0	0	1	0
ENSG00000151704	KCNJ1	Low	0	1	0	0	0
ENSG00000184185	KCNJ12	Low	0	1	0	0	0
ENSG00000168135	KCNJ4	Low	0	0	0	1	0
ENSG00000082482	KCNK2	High	0	0	0	0	1
ENSG00000171303	KCNK3	High	0	0	0	0	1
ENSG00000156113	KCNMA1	Low	1	0	0	0	0
ENSG00000135643	KCNMB4	Low	0	1	0	0	0
ENSG00000080709	KCNN2	Low	0	0	0	1	0
ENSG00000143603	KCNN3	High	0	0	0	0	1
ENSG00000053918	KCNQ1	Low	0	1	0	0	0
ENSG00000162687	KCNT2	Low	0	0	0	1	0
ENSG00000100196	KDELR3	Low	0	0	0	1	0
ENSG00000173120	KDM2A	Low	0	0	1	0	0
ENSG00000120733	KDM3B	Low	0	0	0	1	0
ENSG00000107077	KDM4C	Low	0	1	0	0	0
ENSG00000073614	KDM5A	Medium	1	0	1	0	0
ENSG00000155666	KDM8	Low	0	0	1	0	0
ENSG00000119537	KDSR	Low	0	1	0	0	0
ENSG00000112232	KHDRBS2	Low	0	0	0	1	0
ENSG00000142687	KIAA0319L	Low	0	1	0	0	0
ENSG00000100578	KIAA0586	Low	0	1	0	0	0
ENSG00000257093	KIAA1147	Low	0	1	0	0	0
ENSG00000114656	KIAA1257	Low	0	1	0	0	0
ENSG00000164659	KIAA1324L	Low	0	1	0	0	0
ENSG00000138160	KIF11	Low	0	1	0	0	0
ENSG00000089177	KIF16B	Low	0	1	0	0	0
ENSG00000186185	KIF18B	Low	0	0	0	1	0
ENSG00000054523	KIF1B	Low	0	1	0	0	0
ENSG00000139116	KIF21A	Low	0	0	0	1	0
ENSG00000131437	KIF3A	Low	0	1	0	0	0
ENSG00000084731	KIF3C	Low	0	1	0	0	0
ENSG00000189013	KIR2DL4	Low	0	1	0	0	0
ENSG00000221957	KIR2DS4	Low	0	1	0	0	0
ENSG00000240403	KIR3DL2	Low	0	1	0	0	0
ENSG00000149571	KIRREL3	Low	0	0	0	1	0
ENSG00000155090	KLF10	Medium	1	0	1	0	0
ENSG00000172059	KLF11	Low	0	1	0	0	0
ENSG00000118922	KLF12	Low	0	1	0	0	0
ENSG00000102554	KLF5	Low	0	0	0	1	0
ENSG00000119138	KLF9	High	1	1	1	0	0
ENSG00000185909	KLHDC8B	Low	0	1	0	0	0
ENSG00000076321	KLHL20	Low	0	1	0	0	0
ENSG00000119771	KLHL29	Medium	0	1	0	1	0
ENSG00000146021	KLHL3	Low	0	1	0	0	0
ENSG00000185915	KLHL34	Low	0	1	0	0	0
ENSG00000167749	KLK4	Low	0	1	0	0	0
ENSG00000118058	KMT2A	Medium	1	0	1	0	0
ENSG00000167548	KMT2D	Low	0	0	0	1	0
ENSG00000114030	KPNA1	Low	0	1	0	0	0
ENSG00000196911	KPNA5	Low	0	1	0	0	0
ENSG00000220635	KRASP1	Low	0	0	0	1	0
ENSG00000183762	KREMEN1	Low	0	1	0	0	0
ENSG00000111615	KRR1	Low	0	1	0	0	0
ENSG00000235275	KRT18P16	Low	0	0	0	1	0
ENSG00000249891	KRT19P6	Low	0	0	0	1	0
ENSG00000108244	KRT23	Low	0	1	0	0	0
ENSG00000108759	KRT32	Low	0	1	0	0	0
ENSG00000171435	KSR2	Low	0	0	0	1	0
ENSG00000185513	L3MBTL1	Low	0	1	0	0	0
ENSG00000196569	LAMA2	Low	0	0	0	1	0
ENSG00000058085	LAMC2	Low	0	0	0	1	0
ENSG00000005893	LAMP2	Low	0	1	0	0	0
ENSG00000147036	LANCL3	Low	0	1	0	0	0
ENSG00000161813	LARP4	Low	0	1	0	0	0
ENSG00000107929	LARP4B	Low	0	0	0	1	0
ENSG00000265698	LARP7P3	Low	0	0	0	1	0
ENSG00000086730	LAT2	Low	0	1	0	0	0
ENSG00000150457	LATS2	Low	0	1	0	0	0
ENSG00000168806	LCMT2	Low	0	1	0	0	0
ENSG00000148346	LCN2	Low	0	1	0	0	0
ENSG00000178177	LCORL	Low	0	0	0	1	0
ENSG00000111716	LDHB	Low	0	1	0	0	0
ENSG00000130164	LDLR	Low	0	1	0	0	0
ENSG00000138795	LEF1	Low	0	1	0	0	0
ENSG00000174697	LEP	Medium	1	0	1	0	0
ENSG00000116678	LEPR	Low	0	1	0	0	0
ENSG00000168961	LGALS9	Low	0	1	0	0	0
ENSG00000171916	LGALS9C	Low	0	1	0	0	0
ENSG00000205213	LGR4	Medium	1	0	1	0	0
ENSG00000138039	LHCGR	Low	0	0	0	1	0
ENSG00000104974	LILRA1	Low	0	1	0	0	0
ENSG00000239998	LILRA2	Low	0	1	0	0	0
ENSG00000239961	LILRA4	Low	0	1	0	0	0
ENSG00000187116	LILRA5	Low	0	1	0	0	0
ENSG00000204577	LILRB3	Low	0	1	0	0	0
ENSG00000186818	LILRB4	Low	0	1	0	0	0
ENSG00000105609	LILRB5	Low	0	1	0	0	0
ENSG00000182541	LIMK2	Low	0	1	0	0	0
ENSG00000205659	LIN52	Low	0	0	0	1	0
ENSG00000111052	LIN7A	Low	0	1	0	0	0
ENSG00000224843	LINC00240	Low	0	0	0	1	0
ENSG00000214894	LINC00243	Low	0	0	0	1	0
ENSG00000235221	LINC00383	Low	0	0	0	1	0
ENSG00000245526	LINC00461	Low	0	0	0	1	0
ENSG00000253394	LINC00534	Low	0	0	0	1	0
ENSG00000249917	LINC00536	Low	0	0	0	1	0
ENSG00000241469	LINC00635	Low	0	0	0	1	0
ENSG00000240423	LINC00636	Low	0	0	0	1	0
ENSG00000254934	LINC00678	Low	0	0	0	1	0
ENSG00000227244	LINC00845	Low	0	0	0	1	0
ENSG00000232077	LINC01031	Low	0	0	0	1	0
ENSG00000249307	LINC01088	Low	0	0	0	1	0
ENSG00000231171	LINC01098	Low	0	0	0	1	0
ENSG00000225493	LINC01107	Low	0	0	0	1	0
ENSG00000233723	LINC01122	Low	0	0	0	1	0
ENSG00000228794	LINC01128	Low	0	0	0	1	0
ENSG00000234807	LINC01135	Low	0	0	0	1	0
ENSG00000253807	LINC01170	Low	0	0	0	1	0
ENSG00000223715	LINC01208	Low	0	0	0	1	0
ENSG00000236306	LINC01241	Low	0	0	0	1	0
ENSG00000231532	LINC01249	Low	0	0	0	1	0
ENSG00000251576	LINC01267	Low	0	0	0	1	0
ENSG00000254344	LINC01288	Low	0	0	0	1	0
ENSG00000244128	LINC01322	Low	0	0	0	1	0
ENSG00000228918	LINC01344	Low	0	0	0	1	0
ENSG00000237352	LINC01358	Low	0	0	0	1	0
ENSG00000260930	LINC01416	Low	0	0	0	1	0
ENSG00000249484	LINC01470	Low	0	0	0	1	0
ENSG00000246223	LINC01550	Low	0	0	0	1	0
ENSG00000261008	LINC01572	Low	0	0	0	1	0
ENSG00000254083	LINC01591	Low	0	0	0	1	0
ENSG00000224648	LINC01627	Low	0	0	0	1	0
ENSG00000279082	LINC01727	Low	0	0	0	1	0
ENSG00000233907	LINC01761	Low	0	0	0	1	0
ENSG00000226053	LINC01776	Low	0	0	0	1	0
ENSG00000267777	LINC01791	Low	0	0	0	1	0
ENSG00000233684	LINC01865	Low	0	0	0	1	0
ENSG00000226383	LINC01876	Low	0	0	0	1	0
ENSG00000266278	LINC01910	Low	0	0	0	1	0
ENSG00000231040	LINC01911	Low	0	0	0	1	0
ENSG00000254226	LINC01933	Low	0	0	0	1	0
ENSG00000234279	LINC01937	Low	0	0	0	1	0
ENSG00000254130	LINC01947	Low	0	0	0	1	0
ENSG00000251027	LINC01950	Low	0	0	0	1	0
ENSG00000271952	LINC01954	Low	0	0	0	1	0
ENSG00000263317	LINC01982	Low	0	0	0	1	0
ENSG00000227260	LINC01985	Low	0	0	0	1	0
ENSG00000241098	LINC01994	Low	0	0	0	1	0
ENSG00000244247	LINC01995	Low	0	0	0	1	0
ENSG00000239440	LINC02008	Low	0	0	0	1	0
ENSG00000279727	LINC02033	Low	0	0	0	1	0
ENSG00000240567	LINC02067	Low	0	0	0	1	0
ENSG00000261749	LINC02180	Low	0	0	0	1	0
ENSG00000250974	LINC02196	Low	0	0	0	1	0
ENSG00000263715	LINC02210-CRHR1	Low	0	0	0	1	0
ENSG00000250313	LINC02229	Low	0	0	0	1	0
ENSG00000259485	LINC02253	Low	0	0	0	1	0
ENSG00000249699	LINC02261	Low	0	0	0	1	0
ENSG00000228358	LINC02263	Low	0	0	0	1	0
ENSG00000258556	LINC02322	Low	0	0	0	1	0
ENSG00000250102	LINC02377	Low	0	0	0	1	0
ENSG00000258183	LINC02392	Low	0	0	0	1	0
ENSG00000258144	LINC02406	Low	0	0	0	1	0
ENSG00000249618	LINC02465	Low	0	0	0	1	0
ENSG00000251326	LINC02479	Low	0	0	0	1	0
ENSG00000283083	LINC02498	Low	0	0	0	1	0
ENSG00000228777	LINC02534	Low	0	0	0	1	0
ENSG00000169783	LINGO1	Low	0	0	0	1	0
ENSG00000189067	LITAF	Low	0	1	0	0	0
ENSG00000169223	LMAN2	Low	0	0	0	1	0
ENSG00000168216	LMBRD1	Low	0	0	0	1	0
ENSG00000185621	LMLN	Low	0	1	0	0	0
ENSG00000113368	LMNB1	Low	0	1	0	0	0
ENSG00000136153	LMO7	Low	0	1	0	0	0
ENSG00000163431	LMOD1	Low	0	0	0	1	0
ENSG00000136944	LMX1B	High	0	0	0	0	1
ENSG00000064547	LPAR2	Low	0	1	0	0	0
ENSG00000153395	LPCAT1	Low	0	1	0	0	0
ENSG00000087253	LPCAT2	Low	0	1	0	0	0
ENSG00000145012	LPP	Low	0	0	0	1	0
ENSG00000126243	LRFN3	Low	0	1	0	0	0
ENSG00000171236	LRG1	Low	0	1	0	0	0
ENSG00000139263	LRIG3	Low	0	1	0	0	0
ENSG00000197324	LRP10	Low	0	1	0	0	0
ENSG00000070018	LRP6	Low	0	1	0	0	0
ENSG00000138095	LRPPRC	Medium	0	1	0	1	0
ENSG00000128606	LRRC17	Low	0	0	0	1	0
ENSG00000238083	LRRC37A2	Low	0	1	0	0	0
ENSG00000131409	LRRC4B	Low	0	1	0	0	0
ENSG00000161328	LRRC56	Low	0	1	0	0	0
ENSG00000129295	LRRC6	Low	0	1	0	0	0
ENSG00000171488	LRRC8C	Low	0	1	0	0	0
ENSG00000133739	LRRCC1	Low	0	1	0	0	0
ENSG00000170382	LRRN2	Low	0	1	0	0	0
ENSG00000176204	LRRTM4	Low	0	0	0	1	0
ENSG00000185565	LSAMP	Low	0	0	0	1	0
ENSG00000271679	LSM1P2	Low	0	0	0	1	0
ENSG00000213906	LTB4R2	Low	0	1	0	0	0
ENSG00000111321	LTBR	Low	0	1	0	0	0
ENSG00000007392	LUC7L	Low	0	1	0	0	0
ENSG00000180155	LYNX1	Low	0	1	0	0	0
ENSG00000186687	LYRM7	Low	0	1	0	0	0
ENSG00000172264	MACROD2	Medium	0	1	0	1	0
ENSG00000002822	MAD1L1	Low	0	0	0	1	0
ENSG00000099866	MADCAM1	Low	0	1	0	0	0
ENSG00000110514	MADD	Low	0	0	0	1	0
ENSG00000147381	MAGEA4	Low	0	1	0	0	0
ENSG00000179222	MAGED1	Low	1	0	0	0	0
ENSG00000187243	MAGED4B	Low	0	1	0	0	0
ENSG00000177383	MAGEF1	Low	0	1	0	0	0
ENSG00000187601	MAGEH1	Low	0	1	0	0	0
ENSG00000254585	MAGEL2	Medium	1	0	1	0	0
ENSG00000187391	MAGI2	Low	0	0	0	1	0
ENSG00000162385	MAGOH	Low	0	1	0	0	0
ENSG00000111837	MAK	Low	0	1	0	0	0
ENSG00000198042	MAK16	Low	0	1	0	0	0
ENSG00000172005	MAL	Low	0	1	0	0	0
ENSG00000111885	MAN1A1	Low	0	1	0	0	0
ENSG00000117643	MAN1C1	Low	0	1	0	0	0
ENSG00000109323	MANBA	Low	0	0	0	1	0
ENSG00000205693	MANSC4	Low	0	1	0	0	0
ENSG00000189221	MAOA	High	0	0	0	0	1
ENSG00000101460	MAP1LC3A	Low	0	1	0	0	0
ENSG00000140941	MAP1LC3B	Low	0	1	0	0	0
ENSG00000078018	MAP2	Low	0	0	0	1	0
ENSG00000091436	MAP3K20	Low	0	0	0	1	0
ENSG00000238133	MAP3K20-AS1	Low	0	0	0	1	0
ENSG00000198909	MAP3K3	Low	0	1	0	0	0
ENSG00000135525	MAP7	Low	0	1	0	0	0
ENSG00000164114	MAP9	Low	0	1	0	0	0
ENSG00000100030	MAPK1	Low	0	1	0	0	0
ENSG00000109339	MAPK10	Medium	1	0	1	0	0
ENSG00000107643	MAPK8	Medium	1	0	1	0	0
ENSG00000050748	MAPK9	Medium	1	0	1	0	0
ENSG00000119487	MAPKAP1	Low	0	0	0	1	0
ENSG00000162889	MAPKAPK2	Low	0	1	0	0	0
ENSG00000186868	MAPT	Low	0	0	0	1	0
ENSG00000227284	MARK2P10	Low	0	0	0	1	0
ENSG00000099308	MAST3	Low	0	1	0	0	0
ENSG00000125952	MAX	Low	0	0	0	1	0
ENSG00000172197	MBOAT1	Low	0	1	0	0	0
ENSG00000143797	MBOAT2	Low	0	1	0	0	0
ENSG00000124089	MC3R	Medium	1	0	1	0	0
ENSG00000143384	MCL1	Low	0	1	0	0	0
ENSG00000100297	MCM5	Low	0	0	0	1	0
ENSG00000140563	MCTP2	Low	0	1	0	0	0
ENSG00000137337	MDC1	Low	0	1	0	0	0
ENSG00000112559	MDFI	Low	0	0	0	1	0
ENSG00000135272	MDFIC	Medium	0	1	0	1	0
ENSG00000112139	MDGA1	Low	0	0	0	1	0
ENSG00000135679	MDM2	Low	0	1	0	0	0
ENSG00000197880	MDS2	Low	0	1	0	0	0
ENSG00000163875	MEAF6	Low	0	1	0	0	0
ENSG00000123066	MED13L	Low	0	0	0	1	0
ENSG00000112282	MED23	Low	0	1	0	0	0
ENSG00000104973	MED25	Low	0	1	0	0	0
ENSG00000118579	MED28	Low	0	1	0	0	0
ENSG00000141026	MED9	Low	0	0	0	1	0
ENSG00000081189	MEF2C	Low	0	0	0	1	0
ENSG00000248309	MEF2C-AS1	Low	0	0	0	1	0
ENSG00000143995	MEIS1	Low	0	0	0	1	0
ENSG00000134138	MEIS2	Low	0	0	0	1	0
ENSG00000037897	METTL1	Low	0	1	0	0	0
ENSG00000169519	METTL15	Low	0	0	0	1	0
ENSG00000165819	METTL3	High	1	1	1	0	0
ENSG00000138382	METTL5	Low	0	1	0	0	0
ENSG00000123600	METTL8	Low	0	1	0	0	0
ENSG00000205639	MFSD2B	Low	0	0	0	1	0
ENSG00000164073	MFSD8	Low	0	1	0	0	0
ENSG00000257335	MGAM	Low	0	1	0	0	0
ENSG00000128268	MGAT3	Low	0	0	0	1	0
ENSG00000167889	MGAT5B	Low	0	0	0	1	0
ENSG00000229390	MICD	Low	0	0	0	1	0
ENSG00000101871	MID1	Low	0	1	0	0	0
ENSG00000167470	MIDN	Low	0	1	0	0	0
ENSG00000141503	MINK1	Low	0	0	0	1	0
ENSG00000255248	MIR100HG	Low	0	0	0	1	0
ENSG00000221160	MIR1281	Low	1	0	0	0	0
ENSG00000265695	MIR3064	Low	1	0	0	0	0
ENSG00000224184	MIR3681HG	Low	0	0	0	1	0
ENSG00000263458	MIR4455	Low	0	0	0	1	0
ENSG00000263561	MIR4704	Low	0	0	0	1	0
ENSG00000265438	MIR4751	Low	1	0	0	0	0
ENSG00000264387	MIR5007	Low	0	0	0	1	0
ENSG00000266241	MIR5047	Low	1	0	0	0	0
ENSG00000283408	MIR548A1HG	Low	0	0	0	1	0
ENSG00000265226	MIR548AI	Low	0	0	0	1	0
ENSG00000185155	MIXL1	Low	0	1	0	0	0
ENSG00000099875	MKNK2	Low	0	1	0	0	0
ENSG00000078403	MLLT10	Low	0	0	0	1	0
ENSG00000171843	MLLT3	Low	0	1	0	0	0
ENSG00000139428	MMAB	Low	0	0	0	1	0
ENSG00000142606	MMEL1	Low	0	1	0	0	0
ENSG00000137674	MMP20	Low	0	0	0	1	0
ENSG00000008516	MMP25	Low	0	1	0	0	0
ENSG00000137673	MMP7	Low	0	0	0	1	0
ENSG00000133422	MORC2	Low	0	1	0	0	0
ENSG00000133131	MORC4	Low	0	1	0	0	0
ENSG00000130150	MOSPD2	Low	0	1	0	0	0
ENSG00000124383	MPHOSPH10	Low	0	1	0	0	0
ENSG00000066382	MPPED2	Low	0	0	0	1	0
ENSG00000197965	MPZL1	Low	0	1	0	0	0
ENSG00000160588	MPZL3	Low	0	0	0	1	0
ENSG00000158186	MRAS	Low	0	0	0	1	0
ENSG00000132313	MRPL35	Low	0	1	0	0	0
ENSG00000224296	MRPL49P1	Low	0	0	0	1	0
ENSG00000239226	MRPS17P3	Low	0	0	0	1	0
ENSG00000163319	MRPS18C	Low	0	1	0	0	0
ENSG00000113048	MRPS27	Low	0	1	0	0	0
ENSG00000148187	MRRF	Low	0	1	0	0	0
ENSG00000124532	MRS2	Low	0	1	0	0	0
ENSG00000053372	MRTO4	Low	0	1	0	0	0
ENSG00000072952	MRVI1	Low	0	1	0	0	0
ENSG00000113318	MSH3	Low	0	1	0	0	0
ENSG00000153944	MSI2	Low	0	0	0	1	0
ENSG00000188895	MSL1	Low	0	1	0	0	0
ENSG00000175806	MSRA	Low	0	0	0	1	0
ENSG00000148450	MSRB2	Low	0	1	0	0	0
ENSG00000182979	MTA1	Medium	1	0	1	0	0
ENSG00000057935	MTA3	Low	0	1	0	0	0
ENSG00000109919	MTCH2	Low	0	0	0	1	0
ENSG00000177000	MTHFR	Low	0	1	0	0	0
ENSG00000136371	MTHFS	Low	0	1	0	0	0
ENSG00000100330	MTMR3	Low	0	1	0	0	0
ENSG00000225901	MTND2P9	Low	0	0	0	1	0
ENSG00000168412	MTNR1A	High	1	0	1	0	1
ENSG00000134640	MTNR1B	High	1	1	1	1	1
ENSG00000198793	MTOR	Low	0	0	1	0	0
ENSG00000116984	MTR	Low	0	1	0	0	0
ENSG00000112031	MTRF1L	Low	0	0	0	1	0
ENSG00000138823	MTTP	Medium	1	0	1	0	0
ENSG00000176945	MUC20	Low	0	1	0	0	0
ENSG00000157601	MX1	Low	0	1	0	0	0
ENSG00000213347	MXD3	Medium	0	1	0	1	0
ENSG00000162576	MXRA8	Low	0	1	0	0	0
ENSG00000132382	MYBBP1A	High	1	1	1	0	0
ENSG00000134571	MYBPC3	Low	0	1	0	0	0
ENSG00000133055	MYBPH	Low	0	1	0	0	0
ENSG00000136997	MYC	Low	0	1	0	0	0
ENSG00000005810	MYCBP2	Medium	0	0	1	1	0
ENSG00000236051	MYCBP2-AS1	Low	0	0	0	1	0
ENSG00000101335	MYL9	Low	0	1	0	0	0
ENSG00000007944	MYLIP	Low	0	1	0	0	0
ENSG00000041515	MYO16	Low	0	0	0	1	0
ENSG00000142347	MYO1F	Low	0	1	0	0	0
ENSG00000169994	MYO7B	Low	0	1	0	0	0
ENSG00000078177	N4BP2	Low	0	1	0	0	0
ENSG00000156239	N6AMT1	Low	0	1	0	0	0
ENSG00000156269	NAA11	Low	0	0	0	1	0
ENSG00000111300	NAA25	Low	0	0	0	1	0
ENSG00000177694	NAALADL2	Low	0	0	0	1	0
ENSG00000008130	NADK	Low	0	1	0	0	0
ENSG00000159593	NAE1	Low	0	1	0	0	0
ENSG00000198951	NAGA	Low	0	0	0	1	0
ENSG00000108784	NAGLU	Medium	1	0	1	0	0
ENSG00000102452	NALCN	Low	0	0	0	1	0
ENSG00000105835	NAMPT	High	1	1	1	0	0
ENSG00000125814	NAPB	Low	0	1	0	0	0
ENSG00000204872	NAT8B	Low	0	1	0	0	0
ENSG00000067798	NAV3	Low	0	0	0	1	0
ENSG00000172915	NBEA	Low	0	1	0	0	0
ENSG00000158747	NBL1	Low	0	0	0	1	0
ENSG00000144959	NCEH1	Low	0	0	0	1	0
ENSG00000158517	NCF1	Low	0	1	0	0	0
ENSG00000100365	NCF4	Low	0	1	0	0	0
ENSG00000071051	NCK2	Low	0	0	0	1	0
ENSG00000140396	NCOA2	Medium	1	0	1	0	0
ENSG00000141027	NCOR1	Medium	1	0	1	0	0
ENSG00000166579	NDEL1	Low	0	1	0	0	0
ENSG00000165795	NDRG2	Low	0	1	0	0	0
ENSG00000139180	NDUFA9	Low	0	0	1	0	0
ENSG00000164182	NDUFAF2	Low	0	1	0	0	0
ENSG00000023228	NDUFS1	Low	0	0	0	1	0
ENSG00000103154	NECAB2	Low	0	1	0	0	0
ENSG00000111859	NEDD9	Low	0	1	0	0	0
ENSG00000137601	NEK1	Low	0	0	0	1	0
ENSG00000119408	NEK6	Low	0	0	0	1	0
ENSG00000184613	NELL2	Low	0	1	0	0	0
ENSG00000173848	NET1	Low	0	1	0	0	0
ENSG00000258360	NF1P12	Low	0	0	0	1	0
ENSG00000235568	NFAM1	Low	0	1	0	0	0
ENSG00000163531	NFASC	Low	0	0	0	1	0
ENSG00000072736	NFATC3	Low	0	0	0	1	0
ENSG00000050344	NFE2L3	Low	0	1	0	0	0
ENSG00000165030	NFIL3	High	1	1	1	0	0
ENSG00000109320	NFKB1	Low	0	0	0	1	0
ENSG00000077150	NFKB2	Low	0	1	0	0	0
ENSG00000233557	NFU1P2	Low	0	0	0	1	0
ENSG00000064300	NGFR	Medium	1	0	1	0	0
ENSG00000131669	NINJ1	Low	0	1	0	0	0
ENSG00000136352	NKX2-1	Medium	1	0	1	0	0
ENSG00000125820	NKX2-2	High	0	0	0	0	1
ENSG00000169760	NLGN1	Medium	1	0	1	0	0
ENSG00000142405	NLRP12	Low	0	1	0	0	0
ENSG00000169251	NMD3	Low	0	0	0	1	0
ENSG00000157064	NMNAT2	Low	0	0	0	1	0
ENSG00000163864	NMNAT3	Low	0	1	0	0	0
ENSG00000204640	NMS	Medium	1	0	1	0	0
ENSG00000152465	NMT2	Low	0	1	0	0	0
ENSG00000109255	NMU	Low	0	0	1	0	0
ENSG00000151014	NOCT	High	1	0	1	1	0
ENSG00000101746	NOL4	Low	0	0	0	1	0
ENSG00000197183	NOL4L	Low	0	0	0	1	0
ENSG00000198000	NOL8	Low	0	1	0	0	0
ENSG00000147140	NONO	Low	1	0	0	0	0
ENSG00000055044	NOP58	Low	0	1	0	0	0
ENSG00000007171	NOS2	Medium	1	0	1	0	0
ENSG00000142546	NOSIP	Low	0	1	0	0	0
ENSG00000139910	NOVA1	Low	0	0	0	1	0
ENSG00000104967	NOVA2	Low	0	0	0	1	0
ENSG00000170485	NPAS2		1	1	1	1	0
ENSG00000141458	NPC1	Low	0	0	0	1	0
ENSG00000135838	NPL	Low	0	0	0	1	0
ENSG00000227969	NPM1P22	Low	0	0	0	1	0
ENSG00000213104	NPM1P46	Low	0	0	0	1	0
ENSG00000231821	NPM1P48	Low	0	0	0	1	0
ENSG00000107833	NPM3	Low	0	1	0	0	0
ENSG00000214285	NPS	High	1	0	1	1	0
ENSG00000221890	NPTXR	Low	0	1	0	0	0
ENSG00000185149	NPY2R	Medium	1	0	1	0	0
ENSG00000124588	NQO2	Low	0	1	0	0	0
ENSG00000131910	NR0B2	Low	0	0	1	0	0
ENSG00000126368	NR1D1	High	1	1	1	0	1
ENSG00000174738	NR1D2	High	1	1	1	0	0
ENSG00000025434	NR1H3	Medium	1	0	1	0	0
ENSG00000120798	NR2C1	Low	0	1	0	0	0
ENSG00000160113	NR2F6	Medium	1	0	1	0	0
ENSG00000113580	NR3C1	High	0	0	0	1	1
ENSG00000151623	NR3C2	Low	0	1	0	0	0
ENSG00000136931	NR5A1	Low	0	0	0	1	0
ENSG00000148572	NRBF2	Low	0	1	0	0	0
ENSG00000091129	NRCAM	Low	0	1	0	0	0
ENSG00000157168	NRG1	Low	0	0	0	1	0
ENSG00000253974	NRG1-IT1	Low	0	0	0	1	0
ENSG00000180530	NRIP1	Medium	1	0	1	0	0
ENSG00000124785	NRN1	Low	0	0	0	1	0
ENSG00000171119	NRTN	Low	0	0	0	1	0
ENSG00000179915	NRXN1	Low	0	0	0	1	0
ENSG00000021645	NRXN3	Low	0	0	0	1	0
ENSG00000164346	NSA2	Low	0	1	0	0	0
ENSG00000088833	NSFL1C	Low	0	1	0	0	0
ENSG00000170091	NSG2	Low	0	0	0	1	0
ENSG00000179299	NSUN7	Low	0	1	0	0	0
ENSG00000076685	NT5C2	Medium	0	1	0	1	0
ENSG00000178425	NT5DC1	Low	0	1	0	0	0
ENSG00000135318	NT5E	Low	0	1	0	0	0
ENSG00000065320	NTN1	High	0	0	0	0	1
ENSG00000196358	NTNG2	Low	0	1	0	0	0
ENSG00000198400	NTRK1	Medium	1	0	1	0	0
ENSG00000148053	NTRK2	Low	0	0	1	0	0
ENSG00000140538	NTRK3	Medium	1	0	1	0	0
ENSG00000104805	NUCB1	Low	0	1	0	0	0
ENSG00000070081	NUCB2	Low	0	1	0	0	0
ENSG00000069275	NUCKS1	Low	0	1	0	0	0
ENSG00000120526	NUDCD1	Low	0	1	0	0	0
ENSG00000111581	NUP107	Low	0	1	0	0	0
ENSG00000163002	NUP35	Low	0	1	0	0	0
ENSG00000138750	NUP54	Low	0	1	0	0	0
ENSG00000110713	NUP98	Low	0	1	0	0	0
ENSG00000147206	NXF3	Low	0	0	0	1	0
ENSG00000126952	NXF5	Low	0	0	0	1	0
ENSG00000204361	NXPE2	Low	0	0	0	1	0
ENSG00000122584	NXPH1	Low	0	0	0	1	0
ENSG00000205978	NYNRIN	Low	0	1	0	0	0
ENSG00000135114	OASL	Low	0	1	0	0	0
ENSG00000180304	OAZ2	Low	0	1	0	0	0
ENSG00000145247	OCIAD2	Low	0	1	0	0	0
ENSG00000122126	OCRL	Low	0	1	0	0	0
ENSG00000181355	OFCC1	Low	0	0	0	1	0
ENSG00000046651	OFD1	Low	0	1	0	0	0
ENSG00000182057	OGFRP1	Low	0	0	0	1	0
ENSG00000114026	OGG1	Low	0	1	0	0	0
ENSG00000147162	OGT	Low	1	0	0	0	0
ENSG00000105088	OLFM2	Low	0	0	0	1	0
ENSG00000178814	OPLAH	Low	0	1	0	0	0
ENSG00000054277	OPN3	High	1	0	1	0	1
ENSG00000122375	OPN4	High	1	0	1	0	1
ENSG00000124818	OPN5	High	0	0	0	0	1
ENSG00000125510	OPRL1	High	1	1	1	0	0
ENSG00000204700	OR2J2	Low	0	0	0	1	0
ENSG00000224233	OR2J4P	Low	0	0	0	1	0
ENSG00000231667	OR7E111P	Low	0	0	0	1	0
ENSG00000186509	OR9Q1	Low	0	0	0	1	0
ENSG00000160991	ORAI2	Low	0	0	0	1	0
ENSG00000164815	ORC5	Low	0	0	0	1	0
ENSG00000229314	ORM1	Low	0	1	0	0	0
ENSG00000228278	ORM2	Low	0	1	0	0	0
ENSG00000144645	OSBPL10	Low	0	1	0	0	0
ENSG00000141447	OSBPL1A	Low	0	1	0	0	0
ENSG00000128694	OSGEPL1	Low	0	1	0	0	0
ENSG00000140961	OSGIN1	Low	0	1	0	0	0
ENSG00000164823	OSGIN2	Low	0	1	0	0	0
ENSG00000099985	OSM	Low	0	1	0	0	0
ENSG00000081087	OSTM1	Low	0	1	0	0	0
ENSG00000125879	OTOR	Low	0	1	0	0	0
ENSG00000164164	OTUD4	Low	0	1	0	0	0
ENSG00000115507	OTX1	Low	0	1	0	0	0
ENSG00000165588	OTX2	Low	0	0	0	1	0
ENSG00000248550	OTX2-AS1	Low	0	0	0	1	0
ENSG00000236719	OVAAL	Low	0	0	0	1	0
ENSG00000154814	OXNAD1	Low	0	1	0	0	0
ENSG00000108405	P2RX1	Low	0	1	0	0	0
ENSG00000169860	P2RY1	Low	0	0	0	1	0
ENSG00000169313	P2RY12	Low	0	1	0	0	0
ENSG00000181631	P2RY13	Low	0	1	0	0	0
ENSG00000070756	PABPC1	Low	0	1	0	0	0
ENSG00000101104	PABPC1L	Low	0	0	0	1	0
ENSG00000198526	PABPC1P2	Low	0	0	0	1	0
ENSG00000124507	PACSIN1	Low	0	1	0	0	0
ENSG00000100266	PACSIN2	Low	0	1	0	0	0
ENSG00000117115	PADI2	Low	0	1	0	0	0
ENSG00000142619	PADI3	Low	0	1	0	0	0
ENSG00000007168	PAFAH1B1	Low	0	0	0	1	0
ENSG00000128050	PAICS	Low	0	1	0	0	0
ENSG00000124374	PAIP2B	Low	0	1	0	0	0
ENSG00000149269	PAK1	Low	0	1	0	0	0
ENSG00000145730	PAM	Low	0	0	0	1	0
ENSG00000182749	PAQR7	Low	0	1	0	0	0
ENSG00000175193	PARL	Low	0	1	0	0	0
ENSG00000111224	PARP11	Low	0	1	0	0	0
ENSG00000166049	PASD1	Low	1	0	0	0	0
ENSG00000115687	PASK	Low	0	1	0	0	0
ENSG00000132849	PATJ	Low	0	0	0	1	0
ENSG00000106331	PAX4	Medium	1	0	1	0	0
ENSG00000196092	PAX5	Low	0	0	0	1	0
ENSG00000125618	PAX8	Low	0	0	0	1	0
ENSG00000189223	PAX8-AS1	Low	0	0	0	1	0
ENSG00000185630	PBX1	Low	0	0	0	1	0
ENSG00000244171	PBX2P1	Low	0	0	0	1	0
ENSG00000167081	PBX3	Low	0	0	0	1	0
ENSG00000173599	PC	Low	0	0	0	1	0
ENSG00000114054	PCCB	Low	0	0	0	1	0
ENSG00000150275	PCDH15	Low	0	0	0	1	0
ENSG00000184226	PCDH9	Low	0	1	0	0	0
ENSG00000254221	PCDHGB1	Low	0	1	0	0	0
ENSG00000180628	PCGF5	Low	0	0	0	1	0
ENSG00000078674	PCM1	Low	0	1	0	0	0
ENSG00000125851	PCSK2	Low	0	0	0	1	0
ENSG00000115257	PCSK4	Low	0	1	0	0	0
ENSG00000116005	PCYOX1	Medium	0	1	0	1	0
ENSG00000145882	PCYOX1L	Low	0	1	0	0	0
ENSG00000163440	PDCL2	Low	0	1	0	0	0
ENSG00000112541	PDE10A	Low	0	0	0	1	0
ENSG00000154678	PDE1C	Low	0	0	0	1	0
ENSG00000184588	PDE4B	Low	0	0	0	1	0
ENSG00000113448	PDE4D	Low	0	0	0	1	0
ENSG00000132915	PDE6A	Low	0	1	0	0	0
ENSG00000113231	PDE8B	Low	0	0	0	1	0
ENSG00000168291	PDHB	Low	0	1	0	0	0
ENSG00000185615	PDIA2	Low	0	0	0	1	0
ENSG00000152256	PDK1	Low	0	1	0	0	0
ENSG00000067992	PDK3	Low	0	1	0	0	0
ENSG00000196923	PDLIM7	Low	0	1	0	0	0
ENSG00000140992	PDPK1	Low	0	1	0	0	0
ENSG00000139515	PDX1	Low	0	1	0	0	0
ENSG00000165650	PDZD8	Low	0	0	0	1	0
ENSG00000089220	PEBP1	Low	0	1	0	0	0
ENSG00000139946	PELI2	Low	0	1	0	0	0
ENSG00000179094	PER1	High	1	1	1	1	1
ENSG00000132326	PER2	High	1	1	1	1	1
ENSG00000049246	PER3	High	1	1	1	1	1
ENSG00000112357	PEX7	Low	0	1	0	0	0
ENSG00000170525	PFKFB3	Low	0	1	0	0	0
ENSG00000114268	PFKFB4	Medium	0	1	0	1	0
ENSG00000008438	PGLYRP1	Low	0	1	0	0	0
ENSG00000130517	PGPEP1	Low	0	0	0	1	0
ENSG00000087157	PGS1	Low	0	1	0	0	0
ENSG00000112137	PHACTR1	Low	0	0	0	1	0
ENSG00000260326	PHBP21	Low	0	0	0	1	0
ENSG00000134686	PHC2	Low	0	1	0	0	0
ENSG00000130024	PHF10	Low	0	1	0	0	0
ENSG00000106443	PHF14	Low	0	1	0	0	0
ENSG00000135365	PHF21A	Low	0	1	0	0	0
ENSG00000100410	PHF5A	Low	0	0	0	1	0
ENSG00000092621	PHGDH	Low	0	1	0	0	0
ENSG00000144824	PHLDB2	Low	0	1	0	0	0
ENSG00000081913	PHLPP1	Medium	1	0	1	0	0
ENSG00000173868	PHOSPHO1	Low	0	1	0	0	0
ENSG00000144362	PHOSPHO2	Low	0	1	0	0	0
ENSG00000073921	PICALM	Low	0	1	0	0	0
ENSG00000142892	PIGK	Low	0	0	0	1	0
ENSG00000163964	PIGX	Low	0	1	0	0	0
ENSG00000100100	PIK3IP1	Low	0	1	0	0	0
ENSG00000085514	PILRA	Low	0	1	0	0	0
ENSG00000127445	PIN1	Low	0	0	0	1	0
ENSG00000174238	PITPNA	Low	0	1	0	0	0
ENSG00000154217	PITPNC1	Low	0	0	0	1	0
ENSG00000197181	PIWIL2	Low	0	0	1	0	0
ENSG00000184571	PIWIL3	Low	0	0	0	1	0
ENSG00000181191	PJA1	Low	0	1	0	0	0
ENSG00000067225	PKM	Low	0	0	0	1	0
ENSG00000236480	PKMP1	Low	0	0	0	1	0
ENSG00000165495	PKNOX2	Low	0	0	0	1	0
ENSG00000181690	PLAG1	Low	0	1	0	0	0
ENSG00000118495	PLAGL1	Low	0	1	0	0	0
ENSG00000011422	PLAUR	Low	0	1	0	0	0
ENSG00000137841	PLCB2	Low	0	1	0	0	0
ENSG00000101333	PLCB4	Low	0	0	0	1	0
ENSG00000115896	PLCL1	Low	0	0	0	1	0
ENSG00000129219	PLD2	Low	0	0	0	1	0
ENSG00000166428	PLD4	Low	0	1	0	0	0
ENSG00000179598	PLD6	Low	0	1	0	0	0
ENSG00000115956	PLEK	Low	0	1	0	0	0
ENSG00000021300	PLEKHB1	Low	0	1	0	0	0
ENSG00000126822	PLEKHG3	Low	0	1	0	0	0
ENSG00000214456	PLIN5	Low	0	1	0	0	0
ENSG00000102934	PLLP	Low	0	0	0	1	0
ENSG00000083444	PLOD1	Low	0	1	0	0	0
ENSG00000117598	PLPPR5	Low	0	0	0	1	0
ENSG00000188313	PLSCR1	Low	0	1	0	0	0
ENSG00000120594	PLXDC2	Low	0	1	0	0	0
ENSG00000221866	PLXNA4	Low	0	0	0	1	0
ENSG00000124225	PMEPA1	Low	0	1	0	0	0
ENSG00000118557	PMFBP1	Low	0	0	0	1	0
ENSG00000140464	PML	Medium	1	0	1	0	0
ENSG00000165688	PMPCA	Low	0	0	0	1	0
ENSG00000122512	PMS2	Low	0	1	0	0	0
ENSG00000182013	PNMA8A	Low	0	0	0	1	0
ENSG00000277531	PNMA8C	Low	0	0	0	1	0
ENSG00000032444	PNPLA6	Low	0	1	0	0	0
ENSG00000138035	PNPT1	Low	0	1	0	0	0
ENSG00000146278	PNRC1	Low	0	0	0	1	0
ENSG00000256525	POLG2	Low	0	1	0	0	0
ENSG00000137054	POLR1E	Low	0	1	0	0	0
ENSG00000005075	POLR2J	Low	0	0	0	1	0
ENSG00000168255	POLR2J3	Low	0	0	0	1	0
ENSG00000285437	POLR2J3	Low	0	0	0	1	0
ENSG00000147669	POLR2K	Low	0	1	0	0	0
ENSG00000232647	POLR3KP1	Low	0	0	0	1	0
ENSG00000167272	POP5	Low	0	0	0	1	0
ENSG00000110777	POU2AF1	Low	0	1	0	0	0
ENSG00000028277	POU2F2	Low	0	0	0	1	0
ENSG00000138777	PPA2	Low	0	1	0	0	0
ENSG00000186951	PPARA	Medium	1	0	1	0	0
ENSG00000132170	PPARG	Medium	1	0	1	0	0
ENSG00000109819	PPARGC1A	Medium	1	0	1	0	0
ENSG00000155846	PPARGC1B	Low	0	1	0	0	0
ENSG00000138398	PPIG	Low	0	1	0	0	0
ENSG00000137168	PPIL1	Low	0	1	0	0	0
ENSG00000131013	PPIL4	Low	0	1	0	0	0
ENSG00000100034	PPM1F	Low	0	1	0	0	0
ENSG00000163644	PPM1K	Low	0	1	0	0	0
ENSG00000163590	PPM1L	Low	0	0	0	1	0
ENSG00000172531	PPP1CA	Medium	1	0	1	0	0
ENSG00000213639	PPP1CB	Medium	1	0	1	0	0
ENSG00000186298	PPP1CC	Medium	1	0	1	0	0
ENSG00000077157	PPP1R12B	Low	0	1	0	0	0
ENSG00000087074	PPP1R15A	Low	0	1	0	0	0
ENSG00000184203	PPP1R2	Low	0	1	0	0	0
ENSG00000173281	PPP1R3B	Low	0	1	0	0	0
ENSG00000156475	PPP2R2B	Low	0	0	0	1	0
ENSG00000175470	PPP2R2D	Low	0	0	0	1	0
ENSG00000073711	PPP2R3A	Low	0	0	0	1	0
ENSG00000066027	PPP2R5A	Low	0	1	0	0	0
ENSG00000068971	PPP2R5B	Low	0	1	0	0	0
ENSG00000138814	PPP3CA	Low	0	0	0	1	0
ENSG00000154845	PPP4R1	Low	0	1	0	0	0
ENSG00000230510	PPP5D1	Low	0	0	0	1	0
ENSG00000221988	PPT2	Low	0	1	0	0	0
ENSG00000122490	PQLC1	Low	0	1	0	0	0
ENSG00000275342	PRAG1	Low	0	0	0	1	0
ENSG00000198901	PRC1	Low	0	0	0	1	0
ENSG00000138078	PREPL	Medium	0	1	0	1	0
ENSG00000180644	PRF1	Medium	1	1	0	0	0
ENSG00000175785	PRIMA1	Low	0	0	0	1	0
ENSG00000132356	PRKAA1	Medium	1	0	1	0	0
ENSG00000162409	PRKAA2	Medium	1	0	1	0	0
ENSG00000181929	PRKAG1	Low	0	1	0	0	0
ENSG00000108946	PRKAR1A	Low	0	1	0	0	0
ENSG00000154229	PRKCA	Low	0	1	0	0	0
ENSG00000166501	PRKCB	Low	0	0	0	1	0
ENSG00000163932	PRKCD	Low	0	0	0	1	0
ENSG00000126583	PRKCG	Medium	1	0	1	0	0
ENSG00000253729	PRKDC	Medium	1	0	1	0	0
ENSG00000138669	PRKG2	Medium	1	0	0	1	0
ENSG00000128563	PRKRIP1	Low	0	0	0	1	0
ENSG00000113494	PRLR	Low	0	0	0	1	0
ENSG00000100462	PRMT5	Medium	1	0	1	0	0
ENSG00000143125	PROK1	Medium	1	0	1	0	0
ENSG00000163421	PROK2	High	1	1	1	0	0
ENSG00000101292	PROKR2	Medium	1	0	1	0	0
ENSG00000117707	PROX1	Medium	1	0	1	0	0
ENSG00000117360	PRPF3	Low	0	0	0	1	0
ENSG00000112739	PRPF4B	Low	0	0	0	1	0
ENSG00000101911	PRPS2	Low	0	1	0	0	0
ENSG00000205352	PRR13	Low	0	1	0	0	0
ENSG00000111215	PRR4	Low	0	1	0	0	0
ENSG00000131188	PRR7	Low	0	0	0	1	0
ENSG00000246334	PRR7-AS1	Low	0	0	0	1	0
ENSG00000135378	PRRG4	Low	0	1	0	0	0
ENSG00000135069	PSAT1	Low	0	1	0	0	0
ENSG00000125637	PSD4	Low	0	1	0	0	0
ENSG00000100567	PSMA3	Low	0	1	0	0	0
ENSG00000250273	PSMC1P5	Low	0	0	0	1	0
ENSG00000161057	PSMC2	Low	0	0	0	1	0
ENSG00000108344	PSMD3	Low	0	0	0	1	0
ENSG00000099341	PSMD8	Low	0	1	0	0	0
ENSG00000121390	PSPC1	Medium	1	0	1	0	0
ENSG00000152229	PSTPIP2	Low	0	1	0	0	0
ENSG00000171862	PTEN	Medium	1	0	1	0	0
ENSG00000107317	PTGDS	Medium	1	0	1	0	0
ENSG00000073756	PTGS2	Low	0	1	0	0	0
ENSG00000187514	PTMA	Low	0	1	0	0	0
ENSG00000184007	PTP4A2	Low	0	1	0	0	0
ENSG00000153707	PTPRD	Low	0	0	0	1	0
ENSG00000144724	PTPRG	Low	0	0	0	1	0
ENSG00000149177	PTPRJ	Medium	0	1	0	1	0
ENSG00000173482	PTPRM	Medium	0	1	0	1	0
ENSG00000134644	PUM1	Low	0	0	0	1	0
ENSG00000183010	PYCR1	Low	0	1	0	0	0
ENSG00000100504	PYGL	Low	0	1	0	0	0
ENSG00000068976	PYGM	Low	0	1	0	0	0
ENSG00000112531	QKI	Low	0	1	0	0	0
ENSG00000115828	QPCT	Low	0	1	0	0	0
ENSG00000048991	R3HDM1	Low	0	0	0	1	0
ENSG00000179912	R3HDM2	Low	0	0	0	1	0
ENSG00000156675	RAB11FIP1	Low	0	1	0	0	0
ENSG00000107560	RAB11FIP2	Low	0	1	0	0	0
ENSG00000146955	RAB19	Low	0	1	0	0	0
ENSG00000139832	RAB20	Low	0	1	0	0	0
ENSG00000169228	RAB24	Low	0	1	0	0	0
ENSG00000152932	RAB3C	Low	0	1	0	0	0
ENSG00000105514	RAB3D	Low	0	1	0	0	0
ENSG00000108774	RAB5C	Low	0	1	0	0	0
ENSG00000152061	RABGAP1L	Medium	0	1	0	1	0
ENSG00000079974	RABL2B	Low	0	1	0	0	0
ENSG00000144840	RABL3	Low	0	1	0	0	0
ENSG00000169750	RAC3	Low	0	1	0	0	0
ENSG00000070950	RAD18	Low	0	0	0	1	0
ENSG00000108557	RAI1	Medium	1	0	1	0	0
ENSG00000006451	RALA	Low	0	1	0	0	0
ENSG00000144118	RALB	Low	0	1	0	0	0
ENSG00000017797	RALBP1	Low	0	1	0	0	0
ENSG00000174373	RALGAPA1	Low	0	1	0	0	0
ENSG00000188559	RALGAPA2	Low	0	1	0	0	0
ENSG00000132329	RAMP1	Low	0	1	0	0	0
ENSG00000136237	RAPGEF5	Low	0	0	0	1	0
ENSG00000158987	RAPGEF6	Low	0	1	0	0	0
ENSG00000131759	RARA	Low	0	1	0	0	0
ENSG00000113643	RARS	Low	0	1	0	0	0
ENSG00000145715	RASA1	Low	0	0	0	1	0
ENSG00000170667	RASA4B	Low	0	0	0	1	0
ENSG00000108551	RASD1	Low	0	0	0	1	0
ENSG00000165105	RASEF	Low	0	0	0	1	0
ENSG00000138670	RASGEF1B	Low	0	0	0	1	0
ENSG00000172575	RASGRP1	Low	0	1	0	0	0
ENSG00000152689	RASGRP3	Low	0	1	0	0	0
ENSG00000122257	RBBP6	Low	0	0	0	1	0
ENSG00000078328	RBFOX1	Low	0	0	0	1	0
ENSG00000134453	RBM17	Low	0	1	0	0	0
ENSG00000122965	RBM19	Medium	0	1	0	1	0
ENSG00000173933	RBM4	High	1	1	1	0	0
ENSG00000184898	RBM43	Low	0	1	0	0	0
ENSG00000155636	RBM45	Low	0	1	0	0	0
ENSG00000173914	RBM4B	Medium	1	0	1	0	0
ENSG00000003756	RBM5	Low	0	0	0	1	0
ENSG00000004534	RBM6	Low	0	0	0	1	0
ENSG00000117602	RCAN3	Low	0	1	0	0	0
ENSG00000166965	RCCD1	Low	0	0	0	1	0
ENSG00000120158	RCL1	Low	0	1	0	0	0
ENSG00000142552	RCN3	Low	0	1	0	0	0
ENSG00000068615	REEP1	Low	0	0	0	1	0
ENSG00000104856	RELB	Medium	1	0	1	0	0
ENSG00000189056	RELN	Low	0	0	0	1	0
ENSG00000054967	RELT	Low	0	1	0	0	0
ENSG00000135597	REPS1	Low	0	1	0	0	0
ENSG00000169891	REPS2	Low	0	1	0	0	0
ENSG00000142599	RERE	Medium	0	1	0	1	0
ENSG00000092871	RFFL	Low	0	1	0	0	0
ENSG00000162944	RFTN2	Low	0	0	0	1	0
ENSG00000087903	RFX2	Low	0	1	0	0	0
ENSG00000111783	RFX4	Low	0	0	0	1	0
ENSG00000143344	RGL1	Low	0	0	0	1	0
ENSG00000205517	RGL3	Low	0	1	0	0	0
ENSG00000174136	RGMB	Low	0	1	0	0	0
ENSG00000169629	RGPD8	Low	0	1	0	0	0
ENSG00000169220	RGS14	Low	0	1	0	0	0
ENSG00000143333	RGS16	Low	0	0	0	1	0
ENSG00000091844	RGS17	Low	0	0	0	1	0
ENSG00000182901	RGS7	Low	0	0	0	1	0
ENSG00000186479	RGS7BP	Low	0	0	0	1	0
ENSG00000121446	RGSL1	Low	0	0	0	1	0
ENSG00000141314	RHBDL3	Low	0	0	0	1	0
ENSG00000140519	RHCG	Low	0	1	0	0	0
ENSG00000163914	RHO	High	0	0	0	0	1
ENSG00000067560	RHOA	Low	0	0	0	1	0
ENSG00000143878	RHOB	Low	0	1	0	0	0
ENSG00000072422	RHOBTB1	Low	0	1	0	0	0
ENSG00000177105	RHOG	Low	0	1	0	0	0
ENSG00000168421	RHOH	Low	0	1	0	0	0
ENSG00000166405	RIC3	Low	0	1	0	0	0
ENSG00000080345	RIF1	Low	0	1	0	0	0
ENSG00000177181	RIMKLA	Low	0	1	0	0	0
ENSG00000079841	RIMS1	Low	0	0	0	1	0
ENSG00000153561	RMND5A	Low	0	1	0	0	0
ENSG00000223120	RN7SKP181	Low	0	0	0	1	0
ENSG00000222704	RN7SKP182	Low	0	0	0	1	0
ENSG00000264017	RN7SL336P	Low	0	0	0	1	0
ENSG00000241866	RN7SL401P	Low	0	0	0	1	0
ENSG00000266187	RN7SL480P	Low	0	0	0	1	0
ENSG00000239821	RN7SL513P	Low	0	0	0	1	0
ENSG00000242315	RN7SL685P	Low	0	0	0	1	0
ENSG00000241757	RN7SL714P	Low	0	0	0	1	0
ENSG00000241992	RN7SL831P	Low	0	0	0	1	0
ENSG00000240439	RN7SL91P	Low	0	0	0	1	0
ENSG00000201325	RNA5SP142	Low	0	0	0	1	0
ENSG00000200275	RNA5SP199	Low	0	0	0	1	0
ENSG00000252041	RNA5SP228	Low	0	0	0	1	0
ENSG00000212454	RNA5SP286	Low	0	0	0	1	0
ENSG00000169413	RNASE6	Low	0	1	0	0	0
ENSG00000135828	RNASEL	Low	0	0	0	1	0
ENSG00000022840	RNF10	Low	0	0	0	1	0
ENSG00000164068	RNF123	Medium	0	1	0	1	0
ENSG00000141576	RNF157	Medium	0	1	0	1	0
ENSG00000158717	RNF166	Low	0	1	0	0	0
ENSG00000116514	RNF19B	Low	0	1	0	0	0
ENSG00000173821	RNF213	Low	0	1	0	0	0
ENSG00000101236	RNF24	Low	0	1	0	0	0
ENSG00000135119	RNFT2	Low	0	1	0	0	0
ENSG00000238833	RNU1-131P	Low	0	0	0	1	0
ENSG00000253000	RNU1-45P	Low	0	0	0	1	0
ENSG00000222222	RNU2-17P	Low	0	0	0	1	0
ENSG00000222126	RNU2-9P	Low	0	0	0	1	0
ENSG00000222560	RNU4-43P	Low	0	0	0	1	0
ENSG00000202069	RNU4-66P	Low	0	0	0	1	0
ENSG00000207065	RNU5A-2P	Low	0	0	0	1	0
ENSG00000251946	RNU6-1023P	Low	0	0	0	1	0
ENSG00000206836	RNU6-1029P	Low	0	0	0	1	0
ENSG00000238680	RNU6-1037P	Low	0	0	0	1	0
ENSG00000206764	RNU6-152P	Low	0	0	0	1	0
ENSG00000252752	RNU6-210P	Low	0	0	0	1	0
ENSG00000202099	RNU6-234P	Low	0	0	0	1	0
ENSG00000212475	RNU6-400P	Low	0	0	0	1	0
ENSG00000201524	RNU6-450P	Low	0	0	0	1	0
ENSG00000207026	RNU6-472P	Low	0	0	0	1	0
ENSG00000252113	RNU6-523P	Low	0	0	0	1	0
ENSG00000252599	RNU6-566P	Low	0	0	0	1	0
ENSG00000253038	RNU6-706P	Low	0	0	0	1	0
ENSG00000251895	RNU6-976P	Low	0	0	0	1	0
ENSG00000221206	RNU6ATAC15P	Low	0	0	0	1	0
ENSG00000238561	RNU6ATAC28P	Low	0	0	0	1	0
ENSG00000185008	ROBO2	Low	0	0	0	1	0
ENSG00000154134	ROBO3	Low	0	1	0	0	0
ENSG00000134318	ROCK2	High	1	1	1	0	0
ENSG00000065371	ROPN1	Low	0	1	0	0	0
ENSG00000069667	RORA	High	1	1	1	0	1
ENSG00000198963	RORB	Medium	1	0	1	0	0
ENSG00000143365	RORC	Medium	1	0	1	0	0
ENSG00000164610	RP9	Low	0	1	0	0	0
ENSG00000205763	RP9P	Low	0	0	0	1	0
ENSG00000106399	RPA3	Low	0	1	0	0	0
ENSG00000116745	RPE65	Low	0	0	1	0	0
ENSG00000242137	RPL11P5	Low	0	0	0	1	0
ENSG00000242353	RPL12P30	Low	0	0	0	1	0
ENSG00000219932	RPL12P8	Low	0	0	0	1	0
ENSG00000188846	RPL14	Low	0	1	0	0	0
ENSG00000122026	RPL21	Low	0	1	0	0	0
ENSG00000214073	RPL21P17	Low	0	0	0	1	0
ENSG00000116251	RPL22	Low	0	1	0	0	0
ENSG00000244413	RPL23AP56	Low	0	0	0	1	0
ENSG00000215016	RPL24P7	Low	0	0	0	1	0
ENSG00000242807	RPL26P31	Low	0	0	0	1	0
ENSG00000100316	RPL3	Low	0	1	0	0	0
ENSG00000223640	RPL30P3	Low	0	0	0	1	0
ENSG00000229814	RPL35AP21	Low	0	0	0	1	0
ENSG00000223445	RPL6P21	Low	0	0	0	1	0
ENSG00000233291	RPL7AP61	Low	0	0	0	1	0
ENSG00000229752	RPL7P10	Low	0	0	0	1	0
ENSG00000234253	RPL7P13	Low	0	0	0	1	0
ENSG00000163125	RPRD2	Low	0	0	0	1	0
ENSG00000232881	RPS10P21	Low	0	0	0	1	0
ENSG00000060303	RPS17P5	Low	0	0	0	1	0
ENSG00000234637	RPS19P6	Low	0	0	0	1	0
ENSG00000186468	RPS23	Low	0	1	0	0	0
ENSG00000118181	RPS25	Low	0	1	0	0	0
ENSG00000227586	RPS26P39	Low	0	0	0	1	0
ENSG00000143947	RPS27A	Low	1	0	0	0	0
ENSG00000232238	RPS29P8	Low	0	0	0	1	0
ENSG00000083845	RPS5	Low	0	1	0	0	0
ENSG00000162302	RPS6KA4	Low	0	1	0	0	0
ENSG00000072133	RPS6KA6	Low	0	0	0	1	0
ENSG00000244722	RPSAP29	Low	0	0	0	1	0
ENSG00000233071	RPSAP59	Low	0	0	0	1	0
ENSG00000085721	RRN3	Low	0	1	0	0	0
ENSG00000067533	RRP15	Low	0	1	0	0	0
ENSG00000179041	RRS1	Low	0	1	0	0	0
ENSG00000134321	RSAD2	Low	0	1	0	0	0
ENSG00000257664	RSL24D1P5	Low	0	0	0	1	0
ENSG00000182010	RTKN2	Low	0	1	0	0	0
ENSG00000139970	RTN1	Low	0	0	0	1	0
ENSG00000125744	RTN2	Low	0	1	0	0	0
ENSG00000133318	RTN3	Low	0	1	0	0	0
ENSG00000130347	RTN4IP1	Low	0	1	0	0	0
ENSG00000204130	RUFY2	Low	0	1	0	0	0
ENSG00000124813	RUNX2	Low	0	1	0	0	0
ENSG00000186350	RXRA	Low	0	1	0	0	0
ENSG00000163191	S100A11	Low	0	1	0	0	0
ENSG00000116497	S100PBP	Low	0	1	0	0	0
ENSG00000165821	SALL2	Low	0	1	0	0	0
ENSG00000203727	SAMD5	Low	0	0	0	1	0
ENSG00000240405	SAMMSON	Low	0	0	0	1	0
ENSG00000205323	SARNP	Low	0	1	0	0	0
ENSG00000126524	SBDS	Low	0	1	0	0	0
ENSG00000139697	SBNO1	Low	0	1	0	0	0
ENSG00000047634	SCML1	Low	0	1	0	0	0
ENSG00000146285	SCML4	Low	0	1	0	0	0
ENSG00000144285	SCN1A	Low	0	0	0	1	0
ENSG00000196876	SCN8A	Low	0	0	0	1	0
ENSG00000141295	SCRN2	Low	0	1	0	0	0
ENSG00000198301	SDAD1	Low	0	1	0	0	0
ENSG00000054282	SDCCAG8	Low	0	1	0	0	0
ENSG00000069188	SDK2	Low	0	1	0	0	0
ENSG00000166562	SEC11C	Low	0	0	0	1	0
ENSG00000107651	SEC23IP	Low	0	1	0	0	0
ENSG00000008952	SEC62	Low	0	1	0	0	0
ENSG00000025796	SEC63	Low	0	1	0	0	0
ENSG00000141574	SECTM1	Low	0	1	0	0	0
ENSG00000085415	SEH1L	Low	0	1	0	0	0
ENSG00000127922	SEM1	Low	0	0	0	1	0
ENSG00000012171	SEMA3B	Low	0	1	0	0	0
ENSG00000235016	SEMA3F-AS1	Low	0	0	0	1	0
ENSG00000187764	SEMA4D	Low	0	1	0	0	0
ENSG00000092421	SEMA6A	Low	0	0	0	1	0
ENSG00000249167	SEMA6A-AS2	Low	0	0	0	1	0
ENSG00000137872	SEMA6D	Low	0	0	0	1	0
ENSG00000086475	SEPHS1	Low	0	1	0	0	0
ENSG00000108387	SEPT4	Low	0	1	0	0	0
ENSG00000125354	SEPT6	Low	0	1	0	0	0
ENSG00000106366	SERPINE1	High	1	1	1	0	0
ENSG00000149131	SERPING1	Low	0	1	0	0	0
ENSG00000130766	SESN2	Low	0	1	0	0	0
ENSG00000107290	SETX	Medium	1	0	1	0	0
ENSG00000163935	SFMBT1	Low	0	0	0	1	0
ENSG00000116560	SFPQ	Medium	1	0	1	0	0
ENSG00000168484	SFTPC	Low	1	0	0	0	0
ENSG00000156398	SFXN2	Low	0	1	0	0	0
ENSG00000170624	SGCD	Low	0	0	0	1	0
ENSG00000185053	SGCZ	Low	0	0	0	1	0
ENSG00000118473	SGIP1	Low	0	0	0	1	0
ENSG00000166224	SGPL1	Low	0	1	0	0	0
ENSG00000160999	SH2B2	Low	0	1	0	0	0
ENSG00000198574	SH2D1B	Low	0	1	0	0	0
ENSG00000100092	SH3BP1	Low	0	1	0	0	0
ENSG00000087266	SH3BP2	Medium	0	1	0	1	0
ENSG00000107957	SH3PXD2A	Low	0	1	0	0	0
ENSG00000154447	SH3RF1	Low	0	0	0	1	0
ENSG00000169247	SH3TC2	Low	0	1	0	0	0
ENSG00000035115	SH3YL1	Low	0	1	0	0	0
ENSG00000107338	SHB	Low	0	0	0	1	0
ENSG00000157060	SHCBP1L	Low	0	0	0	1	0
ENSG00000164054	SHISA5	Low	0	1	0	0	0
ENSG00000188803	SHISA6	Low	0	0	0	1	0
ENSG00000160410	SHKBP1	Low	0	1	0	0	0
ENSG00000176974	SHMT1	Low	0	1	0	0	0
ENSG00000146414	SHPRH	Low	0	1	0	0	0
ENSG00000164403	SHROOM1	Low	0	1	0	0	0
ENSG00000181788	SIAH2	Low	0	0	1	0	0
ENSG00000105501	SIGLEC5	Low	0	1	0	0	0
ENSG00000129450	SIGLEC9	Low	0	1	0	0	0
ENSG00000142178	SIK1	Medium	1	0	1	0	0
ENSG00000160584	SIK3	Low	0	1	0	0	0
ENSG00000169375	SIN3A	Medium	1	0	1	0	0
ENSG00000127511	SIN3B	Low	0	1	0	0	0
ENSG00000197555	SIPA1L1	Low	0	1	0	0	0
ENSG00000196209	SIRPB2	Low	0	1	0	0	0
ENSG00000125900	SIRPD	Low	0	1	0	0	0
ENSG00000096717	SIRT1	High	1	1	1	0	0
ENSG00000068903	SIRT2	Low	0	1	0	0	0
ENSG00000142082	SIRT3	Low	0	1	0	0	0
ENSG00000077463	SIRT6	Low	0	1	0	0	0
ENSG00000138083	SIX3	Medium	1	0	1	0	0
ENSG00000141293	SKAP1	Low	0	0	0	1	0
ENSG00000215474	SKOR2	Low	0	0	0	1	0
ENSG00000113558	SKP1	Low	1	0	0	0	0
ENSG00000155926	SLA	Low	0	1	0	0	0
ENSG00000120519	SLC10A7	Low	0	0	0	1	0
ENSG00000018280	SLC11A1	Low	0	1	0	0	0
ENSG00000124140	SLC12A5	Low	0	0	0	1	0
ENSG00000140199	SLC12A6	Low	0	1	0	0	0
ENSG00000146828	SLC12A9	Low	0	1	0	0	0
ENSG00000110446	SLC15A3	Low	0	1	0	0	0
ENSG00000188991	SLC15A5	Low	0	0	0	1	0
ENSG00000147100	SLC16A2	Low	0	1	0	0	0
ENSG00000173638	SLC19A1	Low	0	1	0	0	0
ENSG00000168575	SLC20A2	Low	0	1	0	0	0
ENSG00000163393	SLC22A15	Low	0	1	0	0	0
ENSG00000137266	SLC22A23	Low	0	1	0	0	0
ENSG00000197208	SLC22A4	Low	0	1	0	0	0
ENSG00000185052	SLC24A3	Low	0	0	0	1	0
ENSG00000100372	SLC25A17	Low	0	0	0	1	0
ENSG00000171612	SLC25A33	Low	0	1	0	0	0
ENSG00000147454	SLC25A37	Low	0	1	0	0	0
ENSG00000170615	SLC26A5	Low	0	0	0	1	0
ENSG00000143554	SLC27A3	Low	0	0	0	1	0
ENSG00000198246	SLC29A3	Low	0	0	0	1	0
ENSG00000173262	SLC2A14	Low	0	1	0	0	0
ENSG00000181856	SLC2A4	Low	0	1	0	0	0
ENSG00000109667	SLC2A9	Low	0	0	0	1	0
ENSG00000136867	SLC31A2	Low	0	1	0	0	0
ENSG00000127526	SLC35E1	Low	0	1	0	0	0
ENSG00000151812	SLC35F4	Low	0	0	0	1	0
ENSG00000180773	SLC36A4	Low	0	0	0	1	0
ENSG00000157800	SLC37A3	Low	0	1	0	0	0
ENSG00000111371	SLC38A1	Low	0	0	0	1	0
ENSG00000188338	SLC38A3	Low	0	1	0	0	0
ENSG00000138821	SLC39A8	Low	0	0	0	1	0
ENSG00000149150	SLC43A1	Low	0	1	0	0	0
ENSG00000129353	SLC44A2	Low	0	0	0	1	0
ENSG00000204385	SLC44A4	Low	0	0	0	1	0
ENSG00000022567	SLC45A4	Low	0	1	0	0	0
ENSG00000164889	SLC4A2	Low	0	1	0	0	0
ENSG00000148942	SLC5A12	Low	0	1	0	0	0
ENSG00000111181	SLC6A12	Low	0	1	0	0	0
ENSG00000010379	SLC6A13	Low	0	0	0	1	0
ENSG00000103546	SLC6A2	High	0	0	0	0	1
ENSG00000142319	SLC6A3	Low	0	0	0	1	0
ENSG00000108576	SLC6A4	High	1	0	1	0	1
ENSG00000131389	SLC6A6	Low	0	1	0	0	0
ENSG00000139514	SLC7A1	Low	0	1	0	0	0
ENSG00000183023	SLC8A1	Low	0	0	0	1	0
ENSG00000227028	SLC8A1-AS1	Low	0	0	0	1	0
ENSG00000100678	SLC8A3	Low	0	1	0	0	0
ENSG00000066230	SLC9A3	Low	1	0	0	0	0
ENSG00000181804	SLC9A9	Low	0	0	0	1	0
ENSG00000113658	SMAD5	Low	0	0	0	1	0
ENSG00000084070	SMAP2	Low	0	1	0	0	0
ENSG00000099956	SMARCB1	Low	0	1	0	0	0
ENSG00000073584	SMARCE1	Low	0	1	0	0	0
ENSG00000077935	SMC1B	Low	0	0	0	1	0
ENSG00000115593	SMYD1	Low	0	0	0	1	0
ENSG00000184602	SNN	Low	0	1	0	0	0
ENSG00000124380	SNRNP27	Low	0	0	0	1	0
ENSG00000139343	SNRPF	Low	0	1	0	0	0
ENSG00000086300	SNX10	Low	0	1	0	0	0
ENSG00000048471	SNX29	Low	0	1	0	0	0
ENSG00000057252	SOAT1	Low	0	0	0	1	0
ENSG00000184557	SOCS3	Low	0	1	0	0	0
ENSG00000285441	SOD2	Low	0	1	0	0	0
ENSG00000112096	SOD2	Low	0	1	0	0	0
ENSG00000159140	SON	Low	0	1	0	0	0
ENSG00000168875	SOX14	Medium	1	0	1	0	0
ENSG00000129194	SOX15	Low	0	1	0	0	0
ENSG00000242808	SOX2-OT	Low	0	0	0	1	0
ENSG00000134532	SOX5	Low	0	0	0	1	0
ENSG00000110693	SOX6	Low	0	0	0	1	0
ENSG00000185591	SP1	Low	0	1	0	0	0
ENSG00000167182	SP2	Low	0	1	0	0	0
ENSG00000137098	SPAG8	Low	0	1	0	0	0
ENSG00000008294	SPAG9	Low	0	1	0	0	0
ENSG00000072195	SPEG	Low	0	1	0	0	0
ENSG00000134668	SPOCD1	Low	0	1	0	0	0
ENSG00000262655	SPON1	Low	0	1	0	0	0
ENSG00000176422	SPRYD4	Low	0	1	0	0	0
ENSG00000175093	SPSB4	Low	0	0	1	0	0
ENSG00000163554	SPTA1	Low	0	0	0	1	0
ENSG00000196542	SPTSSB	Low	0	0	0	1	0
ENSG00000179119	SPTY2D1	Low	0	0	0	1	0
ENSG00000145545	SRD5A1	Low	0	0	1	0	0
ENSG00000072310	SREBF1	High	1	1	1	0	0
ENSG00000196220	SRGAP3	Low	0	0	0	1	0
ENSG00000135250	SRPK2	Low	0	1	0	0	0
ENSG00000100104	SRRD	Low	0	0	1	0	0
ENSG00000188529	SRSF10	Low	0	0	0	1	0
ENSG00000224640	SRSF1P1	Low	0	0	0	1	0
ENSG00000138385	SSB	Low	0	1	0	0	0
ENSG00000114850	SSR3	Low	0	0	0	1	0
ENSG00000212789	ST13P5	Low	0	1	0	0	0
ENSG00000147488	ST18	Low	0	0	0	1	0
ENSG00000110080	ST3GAL4	Low	0	1	0	0	0
ENSG00000073849	ST6GAL1	Low	0	1	0	0	0
ENSG00000070526	ST6GALNAC1	Low	0	1	0	0	0
ENSG00000070731	ST6GALNAC2	Low	0	1	0	0	0
ENSG00000178078	STAP2	Low	0	1	0	0	0
ENSG00000147465	STAR	Medium	1	0	1	0	0
ENSG00000214530	STARD10	Low	0	1	0	0	0
ENSG00000168610	STAT3	Low	0	1	0	0	0
ENSG00000105889	STEAP1B	Low	0	0	0	1	0
ENSG00000197457	STMN3	Low	0	1	0	0	0
ENSG00000243244	STON1	Low	0	0	0	1	0
ENSG00000068781	STON1-GTF2A1L	Low	0	0	0	1	0
ENSG00000140022	STON2	Low	0	0	0	1	0
ENSG00000203685	STUM	Low	0	0	0	1	0
ENSG00000135604	STX11	Low	0	1	0	0	0
ENSG00000166900	STX3	Low	0	1	0	0	0
ENSG00000076944	STXBP2	Low	0	1	0	0	0
ENSG00000164506	STXBP5	Low	0	1	0	0	0
ENSG00000137573	SULF1	Low	0	0	0	1	0
ENSG00000173597	SULT1B1	Low	0	1	0	0	0
ENSG00000157303	SUSD3	Low	0	1	0	0	0
ENSG00000101945	SUV39H1	Low	1	0	0	0	0
ENSG00000152455	SUV39H2	High	1	1	1	0	0
ENSG00000133789	SWAP70	Low	0	1	0	0	0
ENSG00000135316	SYNCRIP	Low	0	1	0	0	0
ENSG00000159082	SYNJ1	Low	0	1	0	0	0
ENSG00000213463	SYNJ2BP	Low	0	1	0	0	0
ENSG00000110975	SYT10	Low	0	0	0	1	0
ENSG00000139973	SYT16	Low	0	0	0	1	0
ENSG00000011347	SYT7	Low	0	1	0	0	0
ENSG00000164674	SYTL3	Low	0	1	0	0	0
ENSG00000100324	TAB1	Low	0	0	0	1	0
ENSG00000115353	TACR1	Low	0	0	0	1	0
ENSG00000158710	TAGLN2	Low	0	1	0	0	0
ENSG00000170921	TANC2	Low	0	0	0	1	0
ENSG00000059588	TARBP1	Low	0	1	0	0	0
ENSG00000120948	TARDBP	Low	0	0	1	0	0
ENSG00000143374	TARS2	Low	0	0	0	1	0
ENSG00000260886	TAT-AS1	Low	0	0	0	1	0
ENSG00000274808	TBC1D3B	Low	0	1	0	0	0
ENSG00000131374	TBC1D5	Low	0	0	0	1	0
ENSG00000136270	TBRG4	Low	0	1	0	0	0
ENSG00000171703	TCEA2	Low	0	1	0	0	0
ENSG00000204065	TCEAL5	Low	0	1	0	0	0
ENSG00000204071	TCEAL6	Low	0	1	0	0	0
ENSG00000113649	TCERG1	Low	0	1	0	0	0
ENSG00000100207	TCF20	Low	0	0	0	1	0
ENSG00000196628	TCF4	Low	0	0	0	1	0
ENSG00000081059	TCF7	Low	0	1	0	0	0
ENSG00000213231	TCL1B	Low	0	1	0	0	0
ENSG00000185339	TCN2	Low	0	1	0	0	0
ENSG00000119977	TCTN3	Low	0	1	0	0	0
ENSG00000173809	TDRD12	Low	0	1	0	0	0
ENSG00000196663	TECPR2	Low	0	1	0	0	0
ENSG00000167074	TEF	Low	0	1	0	0	0
ENSG00000145934	TENM2	Low	0	0	0	1	0
ENSG00000112773	TENT5A	Low	0	0	0	1	0
ENSG00000138336	TET1	Low	0	0	0	1	0
ENSG00000136891	TEX10	Low	0	1	0	0	0
ENSG00000121101	TEX14	Low	0	0	0	1	0
ENSG00000153495	TEX29	Low	0	0	0	1	0
ENSG00000068323	TFE3	Low	0	1	0	0	0
ENSG00000112561	TFEB	Low	0	1	0	0	0
ENSG00000105967	TFEC	Low	0	0	0	1	0
ENSG00000160181	TFF2	Low	0	1	0	0	0
ENSG00000105329	TGFB1	Low	0	1	0	0	0
ENSG00000163513	TGFBR2	Low	0	0	0	1	0
ENSG00000180176	TH	High	1	0	1	0	1
ENSG00000178726	THBD	Low	0	1	0	0	0
ENSG00000159445	THEM4	Low	0	1	0	0	0
ENSG00000126351	THRA	Low	0	1	0	0	0
ENSG00000054118	THRAP3	High	1	1	1	0	0
ENSG00000136114	THSD1	Low	0	1	0	0	0
ENSG00000146426	TIAM2	Low	0	1	0	0	0
ENSG00000173825	TIGD3	Low	0	1	0	0	0
ENSG00000111602	TIMELESS	Medium	1	0	1	0	0
ENSG00000100234	TIMP3	Low	0	1	0	0	0
ENSG00000243926	TIPARP-AS1	Low	0	0	0	1	0
ENSG00000065717	TLE2	Low	0	1	0	0	0
ENSG00000140332	TLE3	Low	0	1	0	0	0
ENSG00000106829	TLE4	Low	0	1	0	0	0
ENSG00000174125	TLR1	Low	0	1	0	0	0
ENSG00000136869	TLR4	Low	0	1	0	0	0
ENSG00000187554	TLR5	Low	0	1	0	0	0
ENSG00000167608	TMC4	Low	0	1	0	0	0
ENSG00000133069	TMCC2	Low	0	1	0	0	0
ENSG00000162542	TMCO4	Low	0	0	0	1	0
ENSG00000144868	TMEM108	Low	0	0	0	1	0
ENSG00000251011	TMEM108-AS1	Low	0	0	0	1	0
ENSG00000198270	TMEM116	Low	0	1	0	0	0
ENSG00000189077	TMEM120A	Low	0	1	0	0	0
ENSG00000184986	TMEM121	Low	0	1	0	0	0
ENSG00000135956	TMEM127	Low	0	1	0	0	0
ENSG00000139364	TMEM132B	Low	0	0	0	1	0
ENSG00000146859	TMEM140	Low	0	1	0	0	0
ENSG00000164124	TMEM144	Low	0	0	0	1	0
ENSG00000179292	TMEM151A	Low	0	0	0	1	0
ENSG00000247828	TMEM161B-AS1	Low	0	0	0	1	0
ENSG00000205269	TMEM170B	Low	0	0	0	1	0
ENSG00000144120	TMEM177	Low	0	1	0	0	0
ENSG00000173452	TMEM196	Low	0	0	0	1	0
ENSG00000131634	TMEM204	Low	0	1	0	0	0
ENSG00000146842	TMEM209	Low	0	1	0	0	0
ENSG00000149582	TMEM25	Low	0	1	0	0	0
ENSG00000196932	TMEM26	Low	0	0	0	1	0
ENSG00000166471	TMEM41B	Low	0	1	0	0	0
ENSG00000151715	TMEM45B	Low	0	1	0	0	0
ENSG00000167874	TMEM88	Low	0	1	0	0	0
ENSG00000129925	TMEM8A	Low	0	1	0	0	0
ENSG00000166682	TMPRSS5	Low	0	0	0	1	0
ENSG00000133687	TMTC1	Low	0	1	0	0	0
ENSG00000123610	TNFAIP6	Low	0	1	0	0	0
ENSG00000173535	TNFRSF10C	Low	0	1	0	0	0
ENSG00000141655	TNFRSF11A	Medium	1	0	1	0	0
ENSG00000067182	TNFRSF1A	Low	0	1	0	0	0
ENSG00000049249	TNFRSF9	Low	0	1	0	0	0
ENSG00000121858	TNFSF10	Low	0	1	0	0	0
ENSG00000125735	TNFSF14	Low	0	1	0	0	0
ENSG00000117586	TNFSF4	Low	0	1	0	0	0
ENSG00000154310	TNIK	Low	0	0	0	1	0
ENSG00000130595	TNNT3	Low	0	1	0	0	0
ENSG00000100354	TNRC6B	Low	0	0	0	1	0
ENSG00000100284	TOM1	Low	0	1	0	0	0
ENSG00000173726	TOMM20	Low	0	1	0	0	0
ENSG00000196683	TOMM7	Low	0	1	0	0	0
ENSG00000198900	TOP1	High	1	1	1	0	0
ENSG00000131747	TOP2A	Medium	1	0	1	0	0
ENSG00000136827	TOR1A	Low	0	1	0	0	0
ENSG00000198846	TOX	Low	0	0	0	1	0
ENSG00000141510	TP53	Medium	1	0	1	0	0
ENSG00000175274	TP53I11	Low	0	1	0	0	0
ENSG00000164938	TP53INP1	Low	0	1	0	0	0
ENSG00000186815	TPCN1	Low	0	1	0	0	0
ENSG00000129167	TPH1	High	1	0	1	0	1
ENSG00000139287	TPH2	High	1	0	1	0	1
ENSG00000169902	TPST1	Low	0	1	0	0	0
ENSG00000283900	TPTEP2-CSNK1E	Low	1	0	0	0	0
ENSG00000136527	TRA2B	Low	0	1	0	0	0
ENSG00000204104	TRAF3IP1	Low	0	0	0	1	0
ENSG00000082512	TRAF5	Low	0	1	0	0	0
ENSG00000168016	TRANK1	Low	0	1	0	0	0
ENSG00000163519	TRAT1	Low	0	1	0	0	0
ENSG00000124731	TREM1	Low	0	1	0	0	0
ENSG00000112195	TREML2	Low	0	1	0	0	0
ENSG00000173334	TRIB1	Low	0	1	0	0	0
ENSG00000071575	TRIB2	Low	0	1	0	0	0
ENSG00000101255	TRIB3	Low	0	1	0	0	0
ENSG00000121060	TRIM25	Low	0	1	0	0	0
ENSG00000110171	TRIM3	Low	0	1	0	0	0
ENSG00000197323	TRIM33	Low	0	0	0	1	0
ENSG00000104228	TRIM35	Low	0	0	0	1	0
ENSG00000108395	TRIM37	Low	0	0	0	1	0
ENSG00000116525	TRIM62	Low	0	1	0	0	0
ENSG00000137672	TRPC6	Low	0	0	0	1	0
ENSG00000069018	TRPC7	Low	0	0	0	1	0
ENSG00000104447	TRPS1	Low	0	0	0	1	0
ENSG00000157514	TSC22D3	Low	0	1	0	0	0
ENSG00000166925	TSC22D4	Low	0	1	0	0	0
ENSG00000154743	TSEN2	Low	0	1	0	0	0
ENSG00000134200	TSHB	Low	0	1	0	0	0
ENSG00000179981	TSHZ1	Medium	0	1	0	1	0
ENSG00000121297	TSHZ3	Low	0	0	0	1	0
ENSG00000110900	TSPAN11	Low	0	1	0	0	0
ENSG00000134198	TSPAN2	Low	0	1	0	0	0
ENSG00000140391	TSPAN3	Low	0	1	0	0	0
ENSG00000214063	TSPAN4	Low	0	1	0	0	0
ENSG00000180543	TSPYL5	Low	0	1	0	0	0
ENSG00000167721	TSR1	Low	0	1	0	0	0
ENSG00000149292	TTC12	Low	0	1	0	0	0
ENSG00000168026	TTC21A	Low	0	1	0	0	0
ENSG00000100154	TTC28	Low	0	0	0	1	0
ENSG00000137473	TTC29	Low	0	0	0	1	0
ENSG00000182670	TTC3	Low	0	1	0	0	0
ENSG00000168234	TTC39C	Low	0	1	0	0	0
ENSG00000165533	TTC8	Low	0	0	0	1	0
ENSG00000119685	TTLL5	Low	0	1	0	0	0
ENSG00000127824	TUBA4A	Low	0	1	0	0	0
ENSG00000176014	TUBB6	Low	0	1	0	0	0
ENSG00000108423	TUBD1	Low	0	0	0	1	0
ENSG00000130338	TULP4	Low	0	1	0	0	0
ENSG00000105849	TWISTNB	Low	0	1	0	0	0
ENSG00000074966	TXK	Low	0	1	0	0	0
ENSG00000140830	TXNL4B	Low	0	0	0	1	0
ENSG00000176890	TYMS	Medium	1	0	1	0	0
ENSG00000126261	UBA2	Low	0	1	0	0	0
ENSG00000221983	UBA52	Low	1	0	0	0	0
ENSG00000160185	UBASH3A	Low	0	1	0	0	0
ENSG00000150991	UBC	Low	1	0	0	0	0
ENSG00000119048	UBE2B	Medium	0	1	0	1	0
ENSG00000175063	UBE2C	Low	0	1	0	0	0
ENSG00000182247	UBE2E2	Low	0	0	0	1	0
ENSG00000233153	UBE2E2-AS1	Low	0	0	0	1	0
ENSG00000114062	UBE3A	Medium	1	0	1	0	0
ENSG00000198258	UBL5	Low	0	0	0	1	0
ENSG00000118900	UBN1	Low	0	1	0	0	0
ENSG00000188021	UBQLN2	Low	0	1	0	0	0
ENSG00000024048	UBR2	Low	0	1	0	0	0
ENSG00000165886	UBTD1	Low	0	1	0	0	0
ENSG00000173960	UBXN2A	Low	0	0	0	1	0
ENSG00000215114	UBXN2B	Low	0	1	0	0	0
ENSG00000144224	UBXN4	Low	0	0	0	1	0
ENSG00000177169	ULK1	Low	0	1	0	0	0
ENSG00000107731	UNC5B	Low	0	0	0	1	0
ENSG00000156687	UNC5D	Low	0	0	0	1	0
ENSG00000100024	UPB1	Low	0	1	0	0	0
ENSG00000125351	UPF3B	Low	0	1	0	0	0
ENSG00000183696	UPP1	Low	0	1	0	0	0
ENSG00000007001	UPP2	Low	0	0	0	1	0
ENSG00000142207	URB1	Low	0	1	0	0	0
ENSG00000101557	USP14	Low	0	1	0	0	0
ENSG00000036672	USP2	Medium	1	0	1	0	0
ENSG00000103404	USP31	Low	0	0	0	1	0
ENSG00000115464	USP34	Low	0	0	0	1	0
ENSG00000114316	USP4	Low	0	1	0	0	0
ENSG00000106346	USP42	Low	0	1	0	0	0
ENSG00000164663	USP49	Low	0	0	0	1	0
ENSG00000187555	USP7	Medium	0	0	1	1	0
ENSG00000049247	UTS2	Low	1	0	0	0	0
ENSG00000181408	UTS2R	Low	1	0	0	0	0
ENSG00000163945	UVSSA	Low	0	0	0	1	0
ENSG00000220205	VAMP2	Low	0	0	0	1	0
ENSG00000049245	VAMP3	Low	0	0	0	1	0
ENSG00000284516	VAMP9P	Low	0	0	0	1	0
ENSG00000112715	VEGFA	Low	0	1	0	0	0
ENSG00000028203	VEZT	Low	0	1	0	0	0
ENSG00000182853	VMO1	Low	0	1	0	0	0
ENSG00000112299	VNN1	Low	0	1	0	0	0
ENSG00000093134	VNN3	Low	0	1	0	0	0
ENSG00000139722	VPS37B	Low	0	1	0	0	0
ENSG00000028116	VRK2	Low	0	0	0	1	0
ENSG00000155659	VSIG4	Low	0	1	0	0	0
ENSG00000119614	VSX2	Low	0	0	0	1	0
ENSG00000009844	VTA1	Low	0	1	0	0	0
ENSG00000151532	VTI1A	Low	0	0	0	1	0
ENSG00000102763	VWA8	Low	0	0	0	1	0
ENSG00000015285	WAS	Low	0	1	0	0	0
ENSG00000229248	WBP2P1	Low	0	0	0	1	0
ENSG00000163026	WDCP	Low	0	0	0	1	0
ENSG00000163625	WDFY3	Low	0	1	0	0	0
ENSG00000198554	WDHD1	Low	0	0	0	1	0
ENSG00000065183	WDR3	Low	0	1	0	0	0
ENSG00000115368	WDR75	Low	0	1	0	0	0
ENSG00000243667	WDR92	Low	0	1	0	0	0
ENSG00000171475	WIPF2	Low	0	1	0	0	0
ENSG00000011451	WIZ	Low	0	1	0	0	0
ENSG00000135925	WNT10A	Low	0	1	0	0	0
ENSG00000188064	WNT7B	Low	0	1	0	0	0
ENSG00000165392	WRN	Low	0	1	0	0	0
ENSG00000075035	WSCD2	Low	0	0	0	1	0
ENSG00000123124	WWP1	Low	0	1	0	0	0
ENSG00000132530	XAF1	Low	0	1	0	0	0
ENSG00000171044	XKR6	Low	0	0	0	1	0
ENSG00000136936	XPA	Low	0	1	0	0	0
ENSG00000143324	XPR1	Low	0	1	0	0	0
ENSG00000015153	YAF2	Low	0	1	0	0	0
ENSG00000176105	YES1	Low	0	1	0	0	0
ENSG00000137207	YIPF3	Low	0	1	0	0	0
ENSG00000119596	YLPM1	Low	0	1	0	0	0
ENSG00000083896	YTHDC1	Low	0	1	0	0	0
ENSG00000047188	YTHDC2	Low	0	1	0	0	0
ENSG00000164924	YWHAZ	Low	0	0	0	1	0
ENSG00000279437	Z82170.1	Low	0	0	0	1	0
ENSG00000236266	Z98884.1	Low	0	0	0	1	0
ENSG00000269925	Z98884.2	Low	0	0	0	1	0
ENSG00000232040	ZBED9	Low	0	0	0	1	0
ENSG00000109906	ZBTB16	Medium	0	1	0	1	0
ENSG00000177125	ZBTB34	Low	0	1	0	0	0
ENSG00000185278	ZBTB37	Low	0	0	0	1	0
ENSG00000160685	ZBTB7B	Low	0	1	0	0	0
ENSG00000100722	ZC3H14	Low	0	0	0	1	0
ENSG00000144161	ZC3H8	Low	0	1	0	0	0
ENSG00000126970	ZC4H2	Low	0	1	0	0	0
ENSG00000140948	ZCCHC14	Low	0	1	0	0	0
ENSG00000121766	ZCCHC17	Low	0	1	0	0	0
ENSG00000141664	ZCCHC2	Low	0	0	0	1	0
ENSG00000168228	ZCCHC4	Low	0	1	0	0	0
ENSG00000147905	ZCCHC7	Medium	0	1	0	1	0
ENSG00000033030	ZCCHC8	Low	0	0	0	1	0
ENSG00000204186	ZDBF2	Low	0	1	0	0	0
ENSG00000204160	ZDHHC18	Low	0	1	0	0	0
ENSG00000153786	ZDHHC7	Low	0	1	0	0	0
ENSG00000156639	ZFAND3	Low	0	1	0	0	0
ENSG00000066827	ZFAT	Low	0	0	0	1	0
ENSG00000140836	ZFHX3	Medium	1	0	1	0	0
ENSG00000142065	ZFP14	Low	0	1	0	0	0
ENSG00000196670	ZFP62	Low	0	1	0	0	0
ENSG00000186660	ZFP91	Low	0	0	0	1	0
ENSG00000255073	ZFP91-CNTF	Low	0	0	0	1	0
ENSG00000165861	ZFYVE1	Low	0	1	0	0	0
ENSG00000039319	ZFYVE16	Low	0	1	0	0	0
ENSG00000157077	ZFYVE9	Low	0	1	0	0	0
ENSG00000189298	ZKSCAN3	Low	0	0	0	1	0
ENSG00000166432	ZMAT1	Low	0	1	0	0	0
ENSG00000122515	ZMIZ2	Low	0	0	0	1	0
ENSG00000146463	ZMYM4	Low	0	0	0	1	0
ENSG00000165724	ZMYND19	Low	0	0	0	1	0
ENSG00000181896	ZNF101	Low	0	1	0	0	0
ENSG00000176293	ZNF135	Low	0	1	0	0	0
ENSG00000105708	ZNF14	Low	0	1	0	0	0
ENSG00000167635	ZNF146	Low	0	1	0	0	0
ENSG00000197279	ZNF165	Low	0	1	0	0	0
ENSG00000005801	ZNF195	Low	0	1	0	0	0
ENSG00000196793	ZNF239	Low	0	1	0	0	0
ENSG00000198169	ZNF251	Low	0	1	0	0	0
ENSG00000152454	ZNF256	Low	0	1	0	0	0
ENSG00000198393	ZNF26	Low	0	1	0	0	0
ENSG00000141040	ZNF287	Low	0	1	0	0	0
ENSG00000089335	ZNF302	Low	0	1	0	0	0
ENSG00000251247	ZNF345	Low	0	1	0	0	0
ENSG00000119725	ZNF410	Low	0	0	0	1	0
ENSG00000183621	ZNF438	Low	0	1	0	0	0
ENSG00000178187	ZNF454	Low	0	0	0	1	0
ENSG00000198298	ZNF485	Low	0	1	0	0	0
ENSG00000256229	ZNF486	Low	0	0	0	1	0
ENSG00000196653	ZNF502	Low	0	1	0	0	0
ENSG00000101493	ZNF516	Low	0	1	0	0	0
ENSG00000198597	ZNF536	Low	0	0	0	1	0
ENSG00000171817	ZNF540	Low	0	1	0	0	0
ENSG00000204519	ZNF551	Low	0	1	0	0	0
ENSG00000178935	ZNF552	Low	0	1	0	0	0
ENSG00000130544	ZNF557	Low	0	1	0	0	0
ENSG00000188868	ZNF563	Low	0	1	0	0	0
ENSG00000189144	ZNF573	Low	0	1	0	0	0
ENSG00000161551	ZNF577	Low	0	1	0	0	0
ENSG00000157657	ZNF618	Low	0	0	0	1	0
ENSG00000102870	ZNF629	Low	0	1	0	0	0
ENSG00000274349	ZNF658	Low	0	1	0	0	0
ENSG00000083814	ZNF671	Low	0	1	0	0	0
ENSG00000197124	ZNF682	Low	0	1	0	0	0
ENSG00000164684	ZNF704	Low	0	1	0	0	0
ENSG00000169951	ZNF764	Low	0	1	0	0	0
ENSG00000196214	ZNF766	Low	0	1	0	0	0
ENSG00000196453	ZNF777	Low	0	1	0	0	0
ENSG00000142409	ZNF787	Low	0	1	0	0	0
ENSG00000198556	ZNF789	Low	0	1	0	0	0
ENSG00000170396	ZNF804A	Low	0	0	0	1	0
ENSG00000258368	ZNF970P	Low	0	0	0	1	0
ENSG00000117174	ZNHIT6	Low	0	1	0	0	0
ENSG00000158691	ZSCAN12	Low	0	0	0	1	0
ENSG00000269293	ZSCAN16-AS1	Low	0	0	0	1	0
ENSG00000121413	ZSCAN18	Low	0	1	0	0	0
ENSG00000235109	ZSCAN31	Low	0	1	0	0	0
ENSG00000122952	ZWINT	Low	0	0	0	1	0
ENSG00000162378	ZYG11B	Low	0	1	0	0	0
