RSID	Beta	P-Value	P-Value(log10)	Cumulative_Fraction
rs57033609	0.040955800000000014	1.51e-23	-22.82102305270683	1.0
rs73123249	0.0193936	2.2e-07	-6.657577319177793	1.0
rs4947816	0.0176847	1.57e-05	-4.804100347590766	1.0
rs430681	-0.0190096	6.58e-05	-4.181774106386045	0.75
rs1864688	-0.00956833	0.000293	-3.5331323796458904	0.6
rs75315524	-0.013585	0.000542	-3.266000713461613	0.5
rs6135587	0.0205194	0.000827	-3.0824944904474534	0.5714285714285714
rs17553053	0.0718575	0.00132	-2.87942606879415	0.625
rs117226098	-0.0239123	0.00156	-2.8068754016455384	0.5555555555555556
rs17226971	0.00851945	0.0022	-2.657577319177794	0.6
rs146401175	0.028485700000000006	0.00285	-2.54515513999149	0.6363636363636364
rs117990191	0.019064	0.00338	-2.4710832997223453	0.6666666666666666
rs80246899	-0.0165506	0.00441	-2.3555614105321614	0.6153846153846154
rs113949201	-0.016527299999999998	0.00456	-2.341035157335565	0.5714285714285714
rs111513118	-0.0135078	0.00504	-2.2975694635544746	0.5333333333333333
rs149636763	0.0258676	0.00536	-2.27083521030723	0.5625
rs117611172	0.0201547	0.00667	-2.175874166083451	0.5882352941176471
rs995202	-0.00894424	0.00695	-2.1580151954098863	0.5555555555555556
rs56387466	-0.036818800000000006	0.00727	-2.1384655891409623	0.5263157894736842
rs62466346	-0.0132237	0.00863	-2.0639892042847903	0.5
rs75935321	-0.0147618	0.00886	-2.0525662781129492	0.47619047619047616
rs12621633	-0.0283344	0.0111	-1.9546770212133424	0.45454545454545453
rs11048903	-0.00871577	0.0113	-1.9469215565165803	0.43478260869565216
rs75307341	-0.0563391	0.0123	-1.9100948885606022	0.4166666666666667
rs72729699	0.0103214	0.0135	-1.869666231504994	0.44
rs112112537	-0.0123794	0.0144	-1.8416375079047504	0.4230769230769231
rs17476994	-0.015373	0.0148	-1.8297382846050425	0.4074074074074074
rs145086526	0.0270985	0.0159	-1.7986028756795485	0.42857142857142855
rs74557620	0.0459351	0.016	-1.7958800173440752	0.4482758620689655
rs140081082	0.0265737	0.0185	-1.7328282715969863	0.4666666666666667
rs78197995	-0.00785333	0.0198	-1.7033348097384688	0.45161290322580644
rs112143698	0.0132439	0.0228	-1.6420651529995463	0.46875
rs78905225	-0.0121483	0.0245	-1.6108339156354674	0.45454545454545453
rs75868828	-0.0241796	0.0246	-1.609064892896621	0.4411764705882353
rs1028740	-0.0230386	0.0246	-1.609064892896621	0.42857142857142855
rs145953141	0.0251496	0.0253	-1.596879478824182	0.4444444444444444
rs77799440	0.00918108	0.028	-1.5528419686577808	0.4594594594594595
rs12546960	0.0088598	0.0306	-1.51427857351842	0.47368421052631576
rs148530128	0.0156991	0.0326	-1.486782399932061	0.48717948717948717
rs74790561	0.0193565	0.0342	-1.465973893943865	0.5
rs12819160	0.00617763	0.0369	-1.4329736338409396	0.5121951219512195
rs3013442	0.00603519	0.0374	-1.4271283977995197	0.5238095238095238
rs72816484	-0.0125677	0.038	-1.4202164033831899	0.5116279069767442
rs11258803	0.017752200000000003	0.0382	-1.4179366370882913	0.5227272727272727
rs17611415	0.0160976	0.0423	-1.3736596326249577	0.5333333333333333
rs71495069	-0.0112487	0.0446	-1.350665141287858	0.5217391304347826
rs28365986	-0.0713566	0.0448	-1.348721986001856	0.5106382978723404
rs61788408	-0.00733151	0.0468	-1.329754146925876	0.5
rs4767031	0.00475885	0.047	-1.3279021420642825	0.5102040816326531
rs76983329	0.00821653	0.0486	-1.3133637307377066	0.52
rs17654543	-0.0139995	0.0493	-1.30715308072277	0.5098039215686274
rs57804458	-0.0133792	0.0496	-1.3045183235098026	0.5
rs10485548	-0.0104065	0.0496	-1.3045183235098026	0.49056603773584906
