GeneID	TSS
ENSG00000005810	77327094
ENSG00000005810	77087514
ENSG00000005810	77097646
ENSG00000005810	77125428
ENSG00000005810	77150778
ENSG00000005810	77273511
ENSG00000005810	77327050
ENSG00000005812	77015581
ENSG00000005812	77018686
ENSG00000005812	77027159
ENSG00000005812	77027195
ENSG00000005812	77018744
ENSG00000005812	77027085
ENSG00000007171	27800529
ENSG00000007171	27793780
ENSG00000007171	27798809
ENSG00000008405	107093549
ENSG00000008405	107050359
ENSG00000008405	106997539
ENSG00000008405	107001851
ENSG00000008405	107093513
ENSG00000013583	13000265
ENSG00000013583	13000172
ENSG00000013583	12979795
ENSG00000013583	12989280
ENSG00000022355	161847063
ENSG00000022355	161847191
ENSG00000022355	161847655
ENSG00000022355	161847663
ENSG00000022355	161847679
ENSG00000022355	161848120
ENSG00000022355	161848267
ENSG00000022355	161848334
ENSG00000022355	161848444
ENSG00000022355	161848557
ENSG00000022355	161848625
ENSG00000022355	161848892
ENSG00000022355	161848910
ENSG00000022355	161848942
ENSG00000022355	161850082
ENSG00000022355	161850386
ENSG00000022355	161850597
ENSG00000022355	161872216
ENSG00000022355	161873098
ENSG00000025434	47248300
ENSG00000025434	47248311
ENSG00000025434	47248916
ENSG00000025434	47248924
ENSG00000025434	47248927
ENSG00000025434	47248956
ENSG00000025434	47257604
ENSG00000025434	47257623
ENSG00000025434	47257658
ENSG00000025434	47257697
ENSG00000025434	47257708
ENSG00000025434	47257710
ENSG00000025434	47257917
ENSG00000025434	47257996
ENSG00000025434	47257963
ENSG00000025434	47257970
ENSG00000025434	47257971
ENSG00000025434	47257979
ENSG00000025434	47257998
ENSG00000025434	47258001
ENSG00000025434	47258106
ENSG00000025434	47258880
ENSG00000025434	47259464
ENSG00000025434	47259587
ENSG00000025434	47260397
ENSG00000025434	47267945
ENSG00000025434	47268141
ENSG00000029153	27332854
ENSG00000029153	27332920
ENSG00000029153	27333055
ENSG00000029153	27332836
ENSG00000029153	27368295
ENSG00000029153	27368317
ENSG00000029153	27368336
ENSG00000036672	119381690
ENSG00000036672	119381711
ENSG00000036672	119364207
ENSG00000036672	119360214
ENSG00000036672	119363914
ENSG00000036672	119376356
ENSG00000036672	119379115
ENSG00000049246	7784320
ENSG00000049246	7784291
ENSG00000049246	7784703
ENSG00000049246	7785523
ENSG00000049246	7787322
ENSG00000049246	7803051
ENSG00000049246	7836808
ENSG00000049246	7784429
ENSG00000050748	180292083
ENSG00000050748	180292056
ENSG00000050748	180292071
ENSG00000050748	180292099
ENSG00000050748	180292092
ENSG00000050748	180242900
ENSG00000050748	180292037
ENSG00000050748	180263089
ENSG00000050748	180291967
ENSG00000050748	180264842
ENSG00000050748	180292053
ENSG00000050748	180280581
ENSG00000054118	36224443
ENSG00000054118	36224432
ENSG00000054118	36224433
ENSG00000054118	36289718
ENSG00000054277	241601178
ENSG00000054277	241640369
ENSG00000054277	241640340
ENSG00000054277	241640355
ENSG00000054277	241677376
ENSG00000054277	241640210
ENSG00000055118	150955804
ENSG00000055118	150960876
ENSG00000055118	150978321
ENSG00000055118	150978136
ENSG00000055118	150955828
ENSG00000055118	150955821
ENSG00000055118	150951516
ENSG00000055118	150952874
ENSG00000057593	113105791
ENSG00000057593	113105807
ENSG00000057593	113105839
ENSG00000057593	113110340
ENSG00000057593	113110679
ENSG00000057593	113105788
ENSG00000064300	49495293
ENSG00000064300	49496624
ENSG00000064300	49497391
ENSG00000065320	9021510
ENSG00000065320	9162935
ENSG00000069667	61229302
ENSG00000069667	60627444
ENSG00000069667	60627463
ENSG00000069667	60592541
ENSG00000069667	60512097
ENSG00000069667	61229133
ENSG00000069667	60706352
ENSG00000069667	60593126
ENSG00000069667	60592517
ENSG00000069667	61229243
ENSG00000069667	61229225
ENSG00000069667	61229231
ENSG00000069667	61229233
ENSG00000069667	61229155
ENSG00000069696	637269
ENSG00000069696	639057
ENSG00000072310	17813769
ENSG00000072310	17813442
ENSG00000072310	17837002
ENSG00000072310	17818327
ENSG00000072310	17819951
ENSG00000072310	17820864
ENSG00000072310	17836987
ENSG00000072310	17814376
ENSG00000072310	17814355
ENSG00000072310	17816395
ENSG00000072310	17815373
ENSG00000072310	17816384
ENSG00000072310	17816338
ENSG00000072310	17817750
ENSG00000072310	17818742
ENSG00000072310	17817900
ENSG00000072310	17818149
ENSG00000072310	17818345
ENSG00000072310	17819234
ENSG00000072310	17823618
ENSG00000072310	17823604
ENSG00000072310	17820510
ENSG00000072310	17823594
ENSG00000072310	17836986
ENSG00000072803	172006638
ENSG00000072803	172006873
ENSG00000072803	172006640
ENSG00000072803	172006650
ENSG00000072803	172006649
ENSG00000072803	171868662
ENSG00000072803	171876291
ENSG00000072803	171908859
ENSG00000072803	172006659
ENSG00000072803	171977756
ENSG00000072803	172006569
ENSG00000073614	389320
ENSG00000073614	292925
ENSG00000073614	307773
ENSG00000073614	389282
ENSG00000073614	311214
ENSG00000073614	323154
ENSG00000073614	329170
ENSG00000073614	334328
ENSG00000073614	389264
ENSG00000073614	388530
ENSG00000073614	389273
ENSG00000076685	103276547
ENSG00000076685	103193306
ENSG00000076685	103193272
ENSG00000076685	103193297
ENSG00000076685	103277605
ENSG00000076685	103277274
ENSG00000076685	103153627
ENSG00000076685	103193268
ENSG00000076685	103176899
ENSG00000076685	103193261
ENSG00000076685	103276832
ENSG00000076685	103277262
ENSG00000076685	103193299
ENSG00000076685	103094368
ENSG00000076685	103193298
ENSG00000076685	103094535
ENSG00000076685	103106650
ENSG00000076685	103105759
ENSG00000076685	103106684
ENSG00000076685	103140192
ENSG00000076685	103106687
ENSG00000076685	103181320
ENSG00000081913	62715541
ENSG00000081913	62779399
ENSG00000081913	62832160
ENSG00000081913	62832174
ENSG00000081913	62837678
ENSG00000081913	62903150
ENSG00000081913	62906287
ENSG00000082482	215005775
ENSG00000082482	215005850
ENSG00000082482	215005855
ENSG00000082482	215081793
ENSG00000082482	215083124
ENSG00000082482	215083235
ENSG00000082482	215082737
ENSG00000082482	215083517
ENSG00000082701	120094447
ENSG00000082701	120093666
ENSG00000082701	120093897
ENSG00000082701	119876508
ENSG00000082701	119905852
ENSG00000082701	119962832
ENSG00000082701	119973258
ENSG00000082701	120093891
ENSG00000082701	119843353
ENSG00000082701	119843609
ENSG00000082701	119916174
ENSG00000082701	119863605
ENSG00000082701	119912810
ENSG00000082701	119876489
ENSG00000082701	119864998
ENSG00000082701	119870536
ENSG00000082701	119947306
ENSG00000082701	119947351
ENSG00000082701	119880826
ENSG00000082701	119923483
ENSG00000082701	120002239
ENSG00000082701	120093903
ENSG00000082701	119924433
ENSG00000082701	119949728
ENSG00000082701	120013215
ENSG00000082701	120015542
ENSG00000082701	120086365
ENSG00000082701	120094136
ENSG00000082701	120094571
ENSG00000082701	120094994
ENSG00000087266	2793071
ENSG00000087266	2793072
ENSG00000087266	2793085
ENSG00000087266	2793724
ENSG00000087266	2794159
ENSG00000087266	2798564
ENSG00000087266	2798998
ENSG00000087266	2799069
ENSG00000087266	2809779
ENSG00000087266	2811798
ENSG00000087266	2811930
ENSG00000087266	2812290
ENSG00000087266	2812291
ENSG00000087266	2812301
ENSG00000087266	2814834
ENSG00000087266	2818185
ENSG00000087266	2818716
ENSG00000087266	2818814
ENSG00000087266	2820669
ENSG00000087266	2824665
ENSG00000087266	2824751
ENSG00000087266	2826325
ENSG00000087266	2826696
ENSG00000087266	2826850
ENSG00000087266	2829797
ENSG00000087266	2832345
ENSG00000088256	3094362
ENSG00000088256	3094649
ENSG00000088256	3113463
ENSG00000088256	3114947
ENSG00000088256	3117150
ENSG00000088256	3118696
ENSG00000088256	3118813
ENSG00000088543	50567665
ENSG00000088543	50567747
ENSG00000088543	50570991
ENSG00000088543	50567676
ENSG00000088543	50567680
ENSG00000088543	50567642
ENSG00000088543	50567621
ENSG00000088543	50571027
ENSG00000088543	50561911
ENSG00000088543	50567625
ENSG00000095794	35126791
ENSG00000095794	35126810
ENSG00000095794	35126841
ENSG00000095794	35126846
ENSG00000095794	35126873
ENSG00000095794	35126906
ENSG00000095794	35126923
ENSG00000095794	35126948
ENSG00000095794	35126959
ENSG00000095794	35126989
ENSG00000095794	35127048
ENSG00000095794	35127063
ENSG00000095794	35127066
ENSG00000095794	35127091
ENSG00000095794	35127102
ENSG00000095794	35127117
ENSG00000095794	35127156
ENSG00000095794	35127162
ENSG00000095794	35127424
ENSG00000095794	35127457
ENSG00000095794	35127460
ENSG00000095794	35127477
ENSG00000095794	35137836
ENSG00000095794	35148372
ENSG00000095794	35148401
ENSG00000095794	35167516
ENSG00000095794	35167539
ENSG00000095794	35167726
ENSG00000095794	35175587
ENSG00000095794	35175593
ENSG00000095794	35175596
ENSG00000095794	35175598
ENSG00000095794	35175853
ENSG00000095794	35178889
ENSG00000095794	35195127
ENSG00000095794	35195133
ENSG00000095794	35195147
ENSG00000095794	35195865
ENSG00000095794	35195902
ENSG00000095794	35195909
ENSG00000095794	35195917
ENSG00000095794	35196009
ENSG00000095794	35196399
ENSG00000096717	67884656
ENSG00000096717	67885181
ENSG00000096717	67885184
ENSG00000096717	67891484
ENSG00000096717	67906050
ENSG00000100393	41092592
ENSG00000100393	41093005
ENSG00000100393	41108025
ENSG00000100393	41117771
ENSG00000100393	41125852
ENSG00000100393	41131533
ENSG00000100393	41146553
ENSG00000100393	41148819
ENSG00000100393	41157200
ENSG00000100393	41158468
ENSG00000100393	41162727
ENSG00000100393	41176059
ENSG00000100462	22929401
ENSG00000100462	22922240
ENSG00000100462	22922821
ENSG00000100462	22929356
ENSG00000100462	22929376
ENSG00000100462	22929391
ENSG00000100462	22924179
ENSG00000100462	22923162
ENSG00000100462	22929365
ENSG00000100462	22929408
ENSG00000100462	22922910
ENSG00000100462	22925046
ENSG00000100462	22928143
ENSG00000100462	22926456
ENSG00000100462	22929392
ENSG00000100462	22929373
ENSG00000100462	22929351
ENSG00000100462	22929081
ENSG00000100462	22927596
ENSG00000100462	22929368
ENSG00000100462	22929361
ENSG00000100462	22929394
ENSG00000101230	13221274
ENSG00000101292	5316954
ENSG00000101292	5316414
ENSG00000101292	5316732
ENSG00000101336	32052197
ENSG00000101336	32052242
ENSG00000101336	32052261
ENSG00000101336	32052288
ENSG00000101444	34303355
ENSG00000101444	34303317
ENSG00000101444	34311802
ENSG00000101444	34301948
ENSG00000101444	34303357
ENSG00000101444	34302675
ENSG00000102468	46897053
ENSG00000102468	46897076
ENSG00000102468	46895813
ENSG00000103546	55655988
ENSG00000103546	55656086
ENSG00000103546	55656110
ENSG00000103546	55656254
ENSG00000103546	55656440
ENSG00000103546	55656618
ENSG00000103546	55656655
ENSG00000103546	55671671
ENSG00000104856	45001464
ENSG00000104856	45001461
ENSG00000104856	45021830
ENSG00000104856	45032424
ENSG00000104856	45032708
ENSG00000104856	45001449
ENSG00000105516	48637379
ENSG00000105516	48634636
ENSG00000105516	48637313
ENSG00000105516	48634526
ENSG00000105516	48637363
ENSG00000105662	18683680
ENSG00000105662	18683678
ENSG00000105662	18735609
ENSG00000105662	18742910
ENSG00000105835	106284632
ENSG00000105835	106284935
ENSG00000105835	106284951
ENSG00000105835	106284983
ENSG00000105835	106285436
ENSG00000105835	106285000
ENSG00000105835	106284971
ENSG00000105835	106285094
ENSG00000105835	106285966
ENSG00000105835	106285009
ENSG00000105835	106257477
ENSG00000105835	106259287
ENSG00000105835	106273139
ENSG00000105835	106284934
ENSG00000105835	106284973
ENSG00000105835	106284994
ENSG00000105835	106271979
ENSG00000105835	106267826
ENSG00000105835	106284544
ENSG00000105835	106257483
ENSG00000105835	106284686
ENSG00000105835	106284997
ENSG00000105835	106284555
ENSG00000105835	106284992
ENSG00000105835	106254876
ENSG00000105835	106265590
ENSG00000105835	106270322
ENSG00000105835	106277161
ENSG00000105835	106285192
ENSG00000105835	106269205
ENSG00000105835	106284557
ENSG00000105835	106275226
ENSG00000105835	106284950
ENSG00000106070	50793462
ENSG00000106070	50727118
ENSG00000106070	50782896
ENSG00000106070	50792969
ENSG00000106070	50726992
ENSG00000106070	50792684
ENSG00000106070	50756064
ENSG00000106070	50732353
ENSG00000106070	50793436
ENSG00000106070	50755903
ENSG00000106070	50782445
ENSG00000106070	50595840
ENSG00000106070	50793432
ENSG00000106070	50607068
ENSG00000106070	50606413
ENSG00000106070	50626930
ENSG00000106070	50793437
ENSG00000106070	50793313
ENSG00000106070	50747664
ENSG00000106070	50782910
ENSG00000106070	50781500
ENSG00000106070	50779570
ENSG00000106070	50781471
ENSG00000106070	50781430
ENSG00000106070	50705301
ENSG00000106331	127615726
ENSG00000106331	127618142
ENSG00000106331	127615928
ENSG00000106331	127615670
ENSG00000106331	127615209
ENSG00000106366	101127104
ENSG00000106462	148884280
ENSG00000106462	148884283
ENSG00000106462	148884291
ENSG00000106462	148884159
ENSG00000106462	148884245
ENSG00000106462	148884248
ENSG00000106462	148816700
ENSG00000106462	148820869
ENSG00000106462	148884314
ENSG00000106462	148884269
ENSG00000106462	148817528
ENSG00000106462	148884304
ENSG00000106462	148871367
ENSG00000106462	148883509
ENSG00000106462	148884287
ENSG00000106462	148818504
ENSG00000106462	148811823
ENSG00000106462	148884321
ENSG00000106462	148846551
ENSG00000106546	16916359
ENSG00000106546	17132190
ENSG00000106546	17298652
ENSG00000106546	17298683
ENSG00000106546	17329858
ENSG00000106546	17334910
ENSG00000106546	17335645
ENSG00000107104	470291
ENSG00000107104	470295
ENSG00000107104	470298
ENSG00000107104	470592
ENSG00000107104	471262
ENSG00000107104	471467
ENSG00000107104	504219
ENSG00000107104	504680
ENSG00000107104	504695
ENSG00000107104	504702
ENSG00000107104	504703
ENSG00000107104	504704
ENSG00000107104	504718
ENSG00000107104	504730
ENSG00000107104	504733
ENSG00000107104	538437
ENSG00000107104	547135
ENSG00000107104	547138
ENSG00000107104	547156
ENSG00000107104	547317
ENSG00000107104	547318
ENSG00000107104	676918
ENSG00000107104	686764
ENSG00000107104	686787
ENSG00000107104	693339
ENSG00000107104	693344
ENSG00000107104	693456
ENSG00000107104	693626
ENSG00000107104	693689
ENSG00000107104	693703
ENSG00000107104	693763
ENSG00000107104	706684
ENSG00000107104	706889
ENSG00000107104	734111
ENSG00000107104	734163
ENSG00000107290	132275382
ENSG00000107290	132311856
ENSG00000107290	132354986
ENSG00000107290	132278109
ENSG00000107290	132286497
ENSG00000107317	136975092
ENSG00000107317	136975094
ENSG00000107317	136977504
ENSG00000107317	136977505
ENSG00000107317	136977516
ENSG00000107317	136978812
ENSG00000107317	136978843
ENSG00000107317	136979080
ENSG00000107317	136979916
ENSG00000107317	136980255
ENSG00000107485	8045378
ENSG00000107485	8053604
ENSG00000107485	8054688
ENSG00000107485	8054810
ENSG00000107485	8058399
ENSG00000107643	48306639
ENSG00000107643	48306655
ENSG00000107643	48306677
ENSG00000107643	48306680
ENSG00000107643	48306753
ENSG00000107643	48307026
ENSG00000107643	48308216
ENSG00000107643	48401612
ENSG00000107643	48401643
ENSG00000107643	48401648
ENSG00000107643	48401661
ENSG00000107643	48424519
ENSG00000107643	48424569
ENSG00000107643	48425189
ENSG00000107643	48425854
ENSG00000107643	48429893
ENSG00000107736	71396920
ENSG00000107736	71396934
ENSG00000107736	71396936
ENSG00000107736	71396937
ENSG00000107736	71396949
ENSG00000107736	71396962
ENSG00000107736	71439832
ENSG00000107736	71511120
ENSG00000107736	71512113
ENSG00000107736	71570795
ENSG00000107736	71617285
ENSG00000107736	71712604
ENSG00000107736	71793637
ENSG00000107736	71795771
ENSG00000107736	71796856
ENSG00000108557	17681458
ENSG00000108557	17681729
ENSG00000108557	17682495
ENSG00000108557	17782132
ENSG00000108557	17798384
ENSG00000108557	17809282
ENSG00000108576	30236002
ENSG00000108576	30211369
ENSG00000108576	30203682
ENSG00000108576	30235698
ENSG00000108576	30235697
ENSG00000108576	30235968
ENSG00000108784	42536241
ENSG00000108784	42536523
ENSG00000108784	42536530
ENSG00000108784	42536938
ENSG00000108784	42541091
ENSG00000109339	86360060
ENSG00000109339	86360051
ENSG00000109339	86003704
ENSG00000109339	86360053
ENSG00000109339	86360222
ENSG00000109339	86360059
ENSG00000109339	86358527
ENSG00000109339	86360064
ENSG00000109339	86358586
ENSG00000109339	86358509
ENSG00000109339	86453174
ENSG00000109339	86360014
ENSG00000109339	86194407
ENSG00000109339	86594625
ENSG00000109339	86453374
ENSG00000109339	86357722
ENSG00000109339	86357895
ENSG00000109339	86360092
ENSG00000109339	86453203
ENSG00000109339	86360083
ENSG00000109339	86357791
ENSG00000109339	86453387
ENSG00000109339	86357889
ENSG00000109339	86594062
ENSG00000109339	86360058
ENSG00000109339	86360043
ENSG00000109339	86032578
ENSG00000109339	86453185
ENSG00000109339	86384229
ENSG00000109339	86453196
ENSG00000109339	86453436
ENSG00000109339	86101992
ENSG00000109339	86453370
ENSG00000109339	86453225
ENSG00000109339	86359731
ENSG00000109339	86360048
ENSG00000109339	86357740
ENSG00000109339	86360027
ENSG00000109339	86453138
ENSG00000109339	86453145
ENSG00000109339	86453360
ENSG00000109339	86065603
ENSG00000109339	86101434
ENSG00000109339	86107653
ENSG00000109339	86358874
ENSG00000109339	86360050
ENSG00000109339	86360089
ENSG00000109339	86340450
ENSG00000109339	86358566
ENSG00000109339	86360062
ENSG00000109339	86453197
ENSG00000109339	86357732
ENSG00000109339	86360028
ENSG00000109339	86160519
ENSG00000109339	86326557
ENSG00000109339	86359842
ENSG00000109339	86360038
ENSG00000109339	86360055
ENSG00000109339	86453192
ENSG00000109339	86453219
ENSG00000109339	86453325
ENSG00000109339	86594110
ENSG00000109339	86358128
ENSG00000109339	86358512
ENSG00000109339	86594088
ENSG00000109339	86360072
ENSG00000109339	86453075
ENSG00000109339	86031972
ENSG00000109339	86453103
ENSG00000109339	86453130
ENSG00000109339	86594131
ENSG00000109339	86360076
ENSG00000109339	86159466
ENSG00000109339	86277129
ENSG00000109339	86171072
ENSG00000109339	86359911
ENSG00000109339	86360010
ENSG00000109339	86359997
ENSG00000109339	86594074
ENSG00000109339	86117846
ENSG00000109339	86359849
ENSG00000109339	86360039
ENSG00000109339	86359665
ENSG00000109339	86031431
ENSG00000109339	86360025
ENSG00000109339	86354582
ENSG00000109339	86453319
ENSG00000109339	86089549
ENSG00000109339	86117853
ENSG00000109339	86082344
ENSG00000109339	86107243
ENSG00000109339	86091470
ENSG00000109339	86101922
ENSG00000109339	86359822
ENSG00000109339	86354644
ENSG00000109339	86119538
ENSG00000109339	86117827
ENSG00000109339	86359694
ENSG00000109339	86107564
ENSG00000109339	86159334
ENSG00000109339	86453165
ENSG00000109339	86117766
ENSG00000109339	86453180
ENSG00000109339	86358488
ENSG00000109339	86268569
ENSG00000109339	86453194
ENSG00000109339	86359834
ENSG00000109339	86453142
ENSG00000109339	86360103
ENSG00000109339	86453144
ENSG00000109339	86453162
ENSG00000109339	86354628
ENSG00000109339	86453214
ENSG00000109339	86453399
ENSG00000109339	86453183
ENSG00000109339	86453212
ENSG00000109339	86594119
ENSG00000109339	86453216
ENSG00000109339	86359671
ENSG00000109339	86357695
ENSG00000109339	86453278
ENSG00000109339	86360224
ENSG00000109339	86453046
ENSG00000109339	86359984
ENSG00000109339	86457985
ENSG00000109819	23882111
ENSG00000109819	23890047
ENSG00000109819	23890032
ENSG00000109819	23890035
ENSG00000109819	23882132
ENSG00000109819	23829671
ENSG00000109819	23899318
ENSG00000109819	23890029
ENSG00000109819	23884931
ENSG00000109819	23882113
ENSG00000109819	23882103
ENSG00000109819	23904089
ENSG00000109819	23881292
ENSG00000109819	23890077
ENSG00000109906	114059041
ENSG00000109906	114059711
ENSG00000109906	114059714
ENSG00000109906	114059725
ENSG00000109906	114059737
ENSG00000109906	114059881
ENSG00000109906	114060204
ENSG00000109906	114060507
ENSG00000109906	114061052
ENSG00000109906	114062220
ENSG00000109906	114062226
ENSG00000109906	114064412
ENSG00000109906	114160427
ENSG00000109906	114180766
ENSG00000109906	114183380
ENSG00000109906	114237207
ENSG00000109906	114246790
ENSG00000110090	68815503
ENSG00000110090	68841931
ENSG00000110090	68841916
ENSG00000110090	68773887
ENSG00000110090	68799268
ENSG00000110090	68818692
ENSG00000110090	68839684
ENSG00000110090	68844410
ENSG00000111602	56449426
ENSG00000111602	56449403
ENSG00000111602	56424789
ENSG00000111602	56421090
ENSG00000111602	56422221
ENSG00000113580	143403686
ENSG00000113580	143403329
ENSG00000113580	143434702
ENSG00000113580	143404129
ENSG00000113580	143403689
ENSG00000113580	143400852
ENSG00000113580	143404544
ENSG00000113580	143390001
ENSG00000113580	143402737
ENSG00000113580	143403882
ENSG00000113580	143404667
ENSG00000113580	143405323
ENSG00000113580	143401397
ENSG00000113580	143434772
ENSG00000113580	143434774
ENSG00000113580	143435512
ENSG00000114062	25346031
ENSG00000114062	25438925
ENSG00000114062	25438985
ENSG00000114062	25438986
ENSG00000114062	25439005
ENSG00000114062	25439008
ENSG00000114062	25439024
ENSG00000114062	25438694
ENSG00000114062	25438524
ENSG00000114062	25438541
ENSG00000114062	25355982
ENSG00000114062	25356765
ENSG00000114062	25438529
ENSG00000114062	25438999
ENSG00000114062	25439051
ENSG00000114062	25357575
ENSG00000114062	25405603
ENSG00000114062	25438571
ENSG00000114062	25438526
ENSG00000114062	25438332
ENSG00000114062	25438994
ENSG00000114062	25408713
ENSG00000114062	25438329
ENSG00000114062	25439014
ENSG00000114062	25438968
ENSG00000114062	25409412
ENSG00000114062	25420733
ENSG00000114062	25427601
ENSG00000114268	48556803
ENSG00000114268	48556890
ENSG00000114268	48556923
ENSG00000114268	48526072
ENSG00000114268	48561172
ENSG00000114268	48549895
ENSG00000114268	48557017
ENSG00000114268	48550145
ENSG00000114268	48561972
ENSG00000114268	48559854
ENSG00000114268	48550235
ENSG00000114268	48562015
ENSG00000114353	50226292
ENSG00000114353	50226737
ENSG00000114353	50229065
ENSG00000114353	50230810
ENSG00000114353	50236204
ENSG00000114353	50238112
ENSG00000114353	50246894
ENSG00000114353	50251409
ENSG00000114353	50253154
ENSG00000114353	50256283
ENSG00000114353	50230776
ENSG00000115738	8678845
ENSG00000115738	8682056
ENSG00000115738	8682780
ENSG00000116005	70257386
ENSG00000116005	70257726
ENSG00000116005	70258137
ENSG00000116005	70258149
ENSG00000116005	70258419
ENSG00000116005	70274758
ENSG00000116138	15526813
ENSG00000116138	15526848
ENSG00000116138	15559608
ENSG00000116138	15564086
ENSG00000116138	15565818
ENSG00000116138	15567046
ENSG00000116138	15568159
ENSG00000116478	32292083
ENSG00000116478	32292135
ENSG00000116478	32292137
ENSG00000116478	32292140
ENSG00000116478	32292161
ENSG00000116478	32327189
ENSG00000116478	32327274
ENSG00000116478	32329480
ENSG00000116478	32330149
ENSG00000116478	32331536
ENSG00000116560	35177661
ENSG00000116560	35180645
ENSG00000116560	35188042
ENSG00000116560	35190574
ENSG00000116560	35179105
ENSG00000116560	35179246
ENSG00000116560	35181344
ENSG00000116560	35181606
ENSG00000116560	35178136
ENSG00000116560	35193145
ENSG00000117298	21345504
ENSG00000117298	21290463
ENSG00000117298	21345572
ENSG00000117298	21279549
ENSG00000117298	21222081
ENSG00000117298	21290464
ENSG00000117298	21290257
ENSG00000117298	21238350
ENSG00000117298	21256717
ENSG00000117298	21280069
ENSG00000117298	21298999
ENSG00000117298	21294424
ENSG00000117298	21345137
ENSG00000117318	23559501
ENSG00000117318	23559075
ENSG00000117318	23559443
ENSG00000117707	213983181
ENSG00000117707	213987973
ENSG00000117707	213987954
ENSG00000117707	213988517
ENSG00000117707	213989718
ENSG00000117707	213987935
ENSG00000117707	213988501
ENSG00000118058	118436456
ENSG00000118058	118436464
ENSG00000118058	118436490
ENSG00000118058	118436492
ENSG00000118058	118436505
ENSG00000118058	118436510
ENSG00000118058	118436513
ENSG00000118058	118436932
ENSG00000118058	118437192
ENSG00000118058	118467551
ENSG00000118058	118474179
ENSG00000118058	118481988
ENSG00000118058	118482423
ENSG00000118058	118484183
ENSG00000118058	118484865
ENSG00000118058	118491744
ENSG00000118058	118493113
ENSG00000118058	118495191
ENSG00000118058	118497936
ENSG00000118058	118499303
ENSG00000118058	118505614
ENSG00000118058	118507902
ENSG00000118058	118508843
ENSG00000118058	118509548
ENSG00000118058	118509948
ENSG00000118058	118519557
ENSG00000118260	207529737
ENSG00000118260	207529892
ENSG00000118260	207529962
ENSG00000118260	207529923
ENSG00000118260	207529940
ENSG00000118260	207530072
ENSG00000118260	207530104
ENSG00000118260	207550261
ENSG00000118260	207559122
ENSG00000118260	207559171
ENSG00000118260	207559188
ENSG00000118260	207559226
ENSG00000118260	207560314
ENSG00000118260	207575286
ENSG00000118260	207576636
ENSG00000118260	207597165
ENSG00000118260	207597348
ENSG00000118292	150268200
ENSG00000118292	150272790
ENSG00000118292	150272780
ENSG00000118702	37261814
ENSG00000118702	37261819
ENSG00000119048	134371569
ENSG00000119048	134371469
ENSG00000119048	134371502
ENSG00000119048	134371599
ENSG00000119048	134371604
ENSG00000119048	134371606
ENSG00000119048	134385603
ENSG00000119048	134388138
ENSG00000119138	70414657
ENSG00000119771	23385179
ENSG00000119771	23532585
ENSG00000119771	23642392
ENSG00000119771	23688785
ENSG00000120738	138465479
ENSG00000120907	26865405
ENSG00000120907	26864976
ENSG00000120907	26865169
ENSG00000120907	26867278
ENSG00000120907	26854574
ENSG00000120907	26854651
ENSG00000121390	19677938
ENSG00000121390	19679110
ENSG00000121390	19782917
ENSG00000121390	19782942
ENSG00000121390	19730316
ENSG00000121390	19782945
ENSG00000121390	19783002
ENSG00000121390	19783019
ENSG00000121671	45847118
ENSG00000121671	45847406
ENSG00000121671	45847475
ENSG00000121671	45847478
ENSG00000121671	45858275
ENSG00000121671	45860980
ENSG00000121671	45861162
ENSG00000121671	45867428
ENSG00000121671	45870613
ENSG00000122254	22814162
ENSG00000122254	22814497
ENSG00000122375	86654518
ENSG00000122375	86654547
ENSG00000122375	86657361
ENSG00000122965	113818179
ENSG00000122965	113966306
ENSG00000122965	113966310
ENSG00000122965	113966325
ENSG00000122965	113858904
ENSG00000122965	113927431
ENSG00000122965	113966209
ENSG00000123095	26125037
ENSG00000123095	26123768
ENSG00000123095	26124899
ENSG00000124089	56248732
ENSG00000124818	47781982
ENSG00000124818	47782039
ENSG00000124818	47782067
ENSG00000124818	47787068
ENSG00000124818	47794749
ENSG00000125510	64080082
ENSG00000125510	64080196
ENSG00000125510	64085016
ENSG00000125510	64091966
ENSG00000125798	22584572
ENSG00000125798	22585455
ENSG00000125820	21514064
ENSG00000126368	40100589
ENSG00000126583	53879190
ENSG00000126583	53881784
ENSG00000126583	53882189
ENSG00000126583	53882193
ENSG00000126583	53882197
ENSG00000126583	53882229
ENSG00000126583	53894626
ENSG00000128271	24417879
ENSG00000128271	24422488
ENSG00000128271	24423597
ENSG00000128271	24423631
ENSG00000128271	24424398
ENSG00000128271	24424409
ENSG00000128271	24427562
ENSG00000128271	24427599
ENSG00000128271	24427627
ENSG00000128271	24432119
ENSG00000128271	24432167
ENSG00000128271	24432840
ENSG00000128272	39519695
ENSG00000128272	39520562
ENSG00000128272	39520563
ENSG00000128272	39520564
ENSG00000128272	39520576
ENSG00000128272	39520578
ENSG00000128272	39520579
ENSG00000128272	39520589
ENSG00000128272	39520604
ENSG00000129167	18041325
ENSG00000129167	18040762
ENSG00000129167	18023169
ENSG00000129167	18042426
ENSG00000129167	18046269
ENSG00000129673	76453351
ENSG00000129673	76467603
ENSG00000129673	76467718
ENSG00000129673	76468610
ENSG00000130522	18281622
ENSG00000130522	18280929
ENSG00000131747	40417896
ENSG00000131747	40389602
ENSG00000131747	40392101
ENSG00000131747	40399261
ENSG00000131747	40417705
ENSG00000132170	12287368
ENSG00000132170	12287388
ENSG00000132170	12287860
ENSG00000132170	12287883
ENSG00000132170	12287884
ENSG00000132170	12287943
ENSG00000132170	12287983
ENSG00000132170	12287987
ENSG00000132170	12288838
ENSG00000132170	12288950
ENSG00000132170	12289067
ENSG00000132170	12289070
ENSG00000132170	12289071
ENSG00000132170	12289111
ENSG00000132170	12299601
ENSG00000132170	12301070
ENSG00000132170	12301590
ENSG00000132170	12305773
ENSG00000132170	12308834
ENSG00000132170	12312388
ENSG00000132170	12351472
ENSG00000132170	12351500
ENSG00000132170	12351569
ENSG00000132170	12376812
ENSG00000132170	12379706
ENSG00000132170	12379859
ENSG00000132170	12380460
ENSG00000132170	12405308
ENSG00000132170	12415732
ENSG00000132170	12416926
ENSG00000132170	12424574
ENSG00000132326	238288610
ENSG00000132326	238262975
ENSG00000132326	238277936
ENSG00000132326	238290102
ENSG00000132356	40798374
ENSG00000132356	40764788
ENSG00000132356	40771855
ENSG00000132356	40798148
ENSG00000132356	40798189
ENSG00000132356	40798174
ENSG00000132356	40798159
ENSG00000132356	40798170
ENSG00000132382	4555386
ENSG00000132382	4543299
ENSG00000132382	4554912
ENSG00000132382	4555384
ENSG00000132382	4542423
ENSG00000132382	4550061
ENSG00000132382	4544695
ENSG00000132382	4541898
ENSG00000132382	4545126
ENSG00000132382	4542100
ENSG00000132382	4545932
ENSG00000132382	4550177
ENSG00000132382	4555358
ENSG00000132437	50561054
ENSG00000132437	50544119
ENSG00000132437	50459684
ENSG00000132437	50565405
ENSG00000132437	50543982
ENSG00000132437	50479963
ENSG00000132437	50561048
ENSG00000132437	50540028
ENSG00000132437	50564334
ENSG00000132437	50561071
ENSG00000133794	13276652
ENSG00000133794	13277639
ENSG00000133794	13277752
ENSG00000133794	13277790
ENSG00000133794	13277793
ENSG00000133794	13277794
ENSG00000133794	13277798
ENSG00000133794	13277815
ENSG00000133794	13277829
ENSG00000133794	13277830
ENSG00000133794	13277842
ENSG00000133794	13277878
ENSG00000133794	13277885
ENSG00000133794	13309986
ENSG00000133794	13349945
ENSG00000133794	13356878
ENSG00000133794	13358434
ENSG00000133794	13360348
ENSG00000133794	13365416
ENSG00000133794	13372209
ENSG00000133794	13374093
ENSG00000133794	13375679
ENSG00000133794	13277778
ENSG00000134107	4979437
ENSG00000134107	4980232
ENSG00000134318	11344636
ENSG00000134318	11234670
ENSG00000134318	11195210
ENSG00000134318	11195116
ENSG00000134318	11344141
ENSG00000134318	11221340
ENSG00000134318	11287737
ENSG00000134318	11348330
ENSG00000134640	92969651
ENSG00000134640	92969726
ENSG00000134640	92969784
ENSG00000134852	55510027
ENSG00000134852	55449426
ENSG00000134852	55545932
ENSG00000134852	55546909
ENSG00000134852	55443755
ENSG00000134852	55510066
ENSG00000134852	55546546
ENSG00000134852	55479060
ENSG00000134852	55546881
ENSG00000134852	55546655
ENSG00000134852	55546646
ENSG00000135272	114922094
ENSG00000135272	114922561
ENSG00000135272	114922854
ENSG00000135272	114923064
ENSG00000135272	114923076
ENSG00000135272	114933869
ENSG00000135312	77463491
ENSG00000135446	57752310
ENSG00000135446	57752447
ENSG00000135446	57749795
ENSG00000135446	57752353
ENSG00000135446	57752326
ENSG00000135446	57752322
ENSG00000135446	57752333
ENSG00000135446	57752276
ENSG00000135446	57752295
ENSG00000135446	57752349
ENSG00000135446	57751877
ENSG00000135446	57752364
ENSG00000135446	57756013
ENSG00000135446	57752115
ENSG00000136352	36519693
ENSG00000136352	36520232
ENSG00000136352	36521149
ENSG00000136352	36520949
ENSG00000136436	48831035
ENSG00000136436	48831018
ENSG00000136436	48831026
ENSG00000136436	48831034
ENSG00000136436	48831037
ENSG00000136436	48831043
ENSG00000136436	48831045
ENSG00000136436	48831056
ENSG00000136436	48831228
ENSG00000136436	48841563
ENSG00000136436	48847724
ENSG00000136436	48848209
ENSG00000136436	48850982
ENSG00000136436	48851101
ENSG00000136436	48851207
ENSG00000136436	48851603
ENSG00000136436	48852340
ENSG00000136436	48852961
ENSG00000136436	48855803
ENSG00000136436	48856101
ENSG00000136436	48865085
ENSG00000136944	126613928
ENSG00000137252	55174515
ENSG00000137252	55106460
ENSG00000138078	44360674
ENSG00000138078	44361494
ENSG00000138078	44361561
ENSG00000138078	44323342
ENSG00000138078	44361805
ENSG00000138078	44361806
ENSG00000138078	44359749
ENSG00000138078	44323302
ENSG00000138078	44361813
ENSG00000138078	44361493
ENSG00000138078	44361546
ENSG00000138078	44361862
ENSG00000138083	44941702
ENSG00000138095	43912558
ENSG00000138095	43995989
ENSG00000138095	43915056
ENSG00000138095	43896701
ENSG00000138095	43995954
ENSG00000138095	43995967
ENSG00000138095	43894629
ENSG00000138095	43995976
ENSG00000138095	43995988
ENSG00000138095	43919917
ENSG00000138095	43995974
ENSG00000138095	43996036
ENSG00000138095	43918846
ENSG00000138095	43957451
ENSG00000138095	43995956
ENSG00000138095	43995951
ENSG00000138095	43995980
ENSG00000138095	43919901
ENSG00000138095	43995999
ENSG00000138095	43916887
ENSG00000138095	43892346
ENSG00000138095	43995962
ENSG00000138095	43899427
ENSG00000138095	43899605
ENSG00000138095	43960064
ENSG00000138095	43903931
ENSG00000138095	43995986
ENSG00000138095	43898759
ENSG00000138095	43959107
ENSG00000138095	43995987
ENSG00000138095	43995979
ENSG00000138095	43900725
ENSG00000138095	43912785
ENSG00000138095	43959553
ENSG00000138095	43982419
ENSG00000138095	43945292
ENSG00000138095	43925961
ENSG00000138095	43918415
ENSG00000138095	43943894
ENSG00000138095	43973806
ENSG00000138095	43995994
ENSG00000138095	43996226
ENSG00000138095	43979948
ENSG00000138095	43979908
ENSG00000138095	43995965
ENSG00000138095	43963804
ENSG00000138095	43996005
ENSG00000138095	43975672
ENSG00000138095	43974844
ENSG00000138095	43989661
ENSG00000138668	82373991
ENSG00000138668	82358842
ENSG00000138668	82373986
ENSG00000138668	82359639
ENSG00000138668	82373983
ENSG00000138668	82357392
ENSG00000138668	82373150
ENSG00000138668	82374144
ENSG00000138668	82374503
ENSG00000138668	82374161
ENSG00000138668	82373985
ENSG00000138669	81215034
ENSG00000138669	81215064
ENSG00000138669	81154157
ENSG00000138669	81154253
ENSG00000138669	81154144
ENSG00000138669	81153732
ENSG00000138669	81215222
ENSG00000138823	99564081
ENSG00000138823	99564083
ENSG00000138823	99574824
ENSG00000139287	71938845
ENSG00000139287	71938977
ENSG00000139287	72031272
ENSG00000139287	72031292
ENSG00000139287	72031299
ENSG00000139287	72031314
ENSG00000139352	102957674
ENSG00000140396	70403808
ENSG00000140396	70402079
ENSG00000140396	70148460
ENSG00000140396	70128747
ENSG00000140396	70141242
ENSG00000140396	70157146
ENSG00000140396	70245375
ENSG00000140396	70402587
ENSG00000140464	73994673
ENSG00000140464	73994717
ENSG00000140464	73994716
ENSG00000140464	73994729
ENSG00000140464	73994731
ENSG00000140464	73994733
ENSG00000140464	73994744
ENSG00000140464	73994803
ENSG00000140464	73998024
ENSG00000140464	74022905
ENSG00000140464	74022912
ENSG00000140464	74022981
ENSG00000140464	74023295
ENSG00000140464	74024880
ENSG00000140464	74032395
ENSG00000140464	74041329
ENSG00000140538	88256747
ENSG00000140538	88256169
ENSG00000140538	88256153
ENSG00000140538	88256177
ENSG00000140538	87933090
ENSG00000140538	88205933
ENSG00000140538	88256179
ENSG00000140538	87940735
ENSG00000140538	88256159
ENSG00000140538	87978803
ENSG00000140538	88127191
ENSG00000140538	88099265
ENSG00000140538	88135938
ENSG00000140538	88126361
ENSG00000140538	88136478
ENSG00000140538	88252622
ENSG00000140538	88256768
ENSG00000140538	88256731
ENSG00000140836	73048128
ENSG00000140836	73059698
ENSG00000140836	73891871
ENSG00000140836	72889834
ENSG00000140836	73059222
ENSG00000140836	73094546
ENSG00000140836	73144447
ENSG00000140836	73891752
ENSG00000140836	73891750
ENSG00000141027	16215534
ENSG00000141027	16058336
ENSG00000141027	16068412
ENSG00000141027	16194613
ENSG00000141027	16040108
ENSG00000141027	16080007
ENSG00000141027	16040659
ENSG00000141027	16047035
ENSG00000141027	16039466
ENSG00000141027	16057723
ENSG00000141027	16057730
ENSG00000141027	16049397
ENSG00000141027	16080513
ENSG00000141027	16057935
ENSG00000141027	16065885
ENSG00000141027	16091918
ENSG00000141027	16194639
ENSG00000141027	16122635
ENSG00000141027	16215537
ENSG00000141027	16215529
ENSG00000141027	16215530
ENSG00000141027	16215548
ENSG00000141027	16194611
ENSG00000141027	16218185
ENSG00000141027	16215401
ENSG00000141510	7676594
ENSG00000141510	7687491
ENSG00000141510	7675493
ENSG00000141510	7687481
ENSG00000141510	7687538
ENSG00000141510	7687487
ENSG00000141510	7687490
ENSG00000141510	7673587
ENSG00000141510	7687427
ENSG00000141510	7675119
ENSG00000141510	7677434
ENSG00000141510	7686371
ENSG00000141551	82248980
ENSG00000141551	82273428
ENSG00000141551	82273700
ENSG00000141551	82273369
ENSG00000141551	82254679
ENSG00000141551	82246591
ENSG00000141551	82273697
ENSG00000141551	82249496
ENSG00000141551	82249164
ENSG00000141551	82251414
ENSG00000141551	82255516
ENSG00000141551	82245113
ENSG00000141551	82273431
ENSG00000141551	82249835
ENSG00000141551	82252527
ENSG00000141551	82273124
ENSG00000141551	82255546
ENSG00000141551	82273457
ENSG00000141551	82273171
ENSG00000141551	82273438
ENSG00000141551	82273466
ENSG00000141551	82266800
ENSG00000141551	82273400
ENSG00000141551	82273406
ENSG00000141551	82273251
ENSG00000141576	76240289
ENSG00000141576	76240493
ENSG00000141576	76144734
ENSG00000141576	76240308
ENSG00000141576	76152583
ENSG00000141576	76156256
ENSG00000141576	76158523
ENSG00000141576	76162145
ENSG00000141576	76167082
ENSG00000141576	76240301
ENSG00000141655	62325287
ENSG00000141655	62325310
ENSG00000141655	62325326
ENSG00000141655	62357903
ENSG00000142178	43427131
ENSG00000142178	43419922
ENSG00000142178	43422112
ENSG00000142178	43422005
ENSG00000142178	43426853
ENSG00000142178	43427092
ENSG00000142599	8817465
ENSG00000142599	8817640
ENSG00000142599	8525939
ENSG00000142599	8355082
ENSG00000142599	8656371
ENSG00000142599	8423666
ENSG00000142599	8362844
ENSG00000142599	8848921
ENSG00000142599	8364838
ENSG00000142599	8425212
ENSG00000142599	8423419
ENSG00000142599	8424234
ENSG00000142599	8526027
ENSG00000142599	8817271
ENSG00000142599	8753838
ENSG00000142599	8526039
ENSG00000142599	8590841
ENSG00000142599	8624380
ENSG00000142599	8703219
ENSG00000143125	110451149
ENSG00000143365	151826096
ENSG00000143365	151831802
ENSG00000143365	151831798
ENSG00000143365	151815133
ENSG00000143365	151831750
ENSG00000143365	151814789
ENSG00000143365	151831845
ENSG00000143365	151826078
ENSG00000143603	154870281
ENSG00000143603	154708226
ENSG00000143603	154859843
ENSG00000143603	154868319
ENSG00000143603	154870278
ENSG00000143772	226737829
ENSG00000143772	226739282
ENSG00000143772	226739323
ENSG00000147246	114584078
ENSG00000147246	114584086
ENSG00000147246	114584082
ENSG00000147465	38150952
ENSG00000147465	38150992
ENSG00000147465	38148754
ENSG00000147465	38149118
ENSG00000147571	66178464
ENSG00000147905	37120574
ENSG00000147905	37120605
ENSG00000147905	37120636
ENSG00000147905	37144932
ENSG00000147905	37284163
ENSG00000147905	37326034
ENSG00000147905	37326924
ENSG00000147905	37327320
ENSG00000147905	37120598
ENSG00000148680	90857698
ENSG00000148680	90858039
ENSG00000149177	47980559
ENSG00000149177	47980580
ENSG00000149177	47980727
ENSG00000149177	48044804
ENSG00000149177	48145078
ENSG00000149295	113475120
ENSG00000149295	113475398
ENSG00000149295	113424684
ENSG00000149295	113424972
ENSG00000149295	113424651
ENSG00000149295	113475691
ENSG00000149295	113424507
ENSG00000149295	113418117
ENSG00000149295	113447721
ENSG00000149295	113475279
ENSG00000151014	139015781
ENSG00000151014	139015796
ENSG00000151014	139043072
ENSG00000151150	60389875
ENSG00000151150	60733490
ENSG00000151150	60082686
ENSG00000151150	60056038
ENSG00000151150	60141016
ENSG00000151150	60044803
ENSG00000151150	60051604
ENSG00000151150	60059430
ENSG00000151150	60572663
ENSG00000151150	60055832
ENSG00000151150	60106059
ENSG00000151150	60109054
ENSG00000151150	60059816
ENSG00000151150	60070463
ENSG00000151150	60064288
ENSG00000151150	60080620
ENSG00000151150	60070283
ENSG00000151150	60072569
ENSG00000151150	60084715
ENSG00000151150	60572909
ENSG00000151150	60088358
ENSG00000151150	60114246
ENSG00000151150	60139400
ENSG00000151150	60139087
ENSG00000151150	60140040
ENSG00000151150	60139756
ENSG00000151150	60140515
ENSG00000151150	60166875
ENSG00000151150	60166896
ENSG00000151150	60300482
ENSG00000151150	60733324
ENSG00000151577	114179052
ENSG00000151577	114199407
ENSG00000151577	114178698
ENSG00000152061	174159410
ENSG00000152061	174159517
ENSG00000152061	174159581
ENSG00000152061	174159590
ENSG00000152061	174220712
ENSG00000152061	174238822
ENSG00000152061	174275100
ENSG00000152061	174365230
ENSG00000152061	174637378
ENSG00000152061	174700413
ENSG00000152061	174700525
ENSG00000152061	174700731
ENSG00000152061	174701020
ENSG00000152061	174701022
ENSG00000152061	174799932
ENSG00000152061	174874458
ENSG00000152061	174874471
ENSG00000152061	174875546
ENSG00000152061	174964768
ENSG00000152061	174964959
ENSG00000152061	174976029
ENSG00000152061	174877440
ENSG00000152061	174159520
ENSG00000152455	14878820
ENSG00000152455	14878848
ENSG00000152455	14878863
ENSG00000152455	14878866
ENSG00000152455	14878900
ENSG00000152455	14878922
ENSG00000152455	14879816
ENSG00000152455	14881500
ENSG00000153064	101411286
ENSG00000153064	101419961
ENSG00000153064	101790730
ENSG00000153064	101813826
ENSG00000153064	101981863
ENSG00000153064	102061416
ENSG00000153064	101790607
ENSG00000153187	244854748
ENSG00000153187	244856057
ENSG00000153187	244864531
ENSG00000153187	244860461
ENSG00000153187	244848889
ENSG00000153187	244864488
ENSG00000153187	244854503
ENSG00000153187	244855597
ENSG00000153187	244864560
ENSG00000153187	244864543
ENSG00000153187	244863106
ENSG00000153187	244862387
ENSG00000153187	244860536
ENSG00000153187	244864538
ENSG00000153187	244862950
ENSG00000153187	244862381
ENSG00000153187	244864494
ENSG00000153187	244864091
ENSG00000153187	244858080
ENSG00000153187	244860018
ENSG00000153187	244864492
ENSG00000153187	244857227
ENSG00000153187	244863653
ENSG00000153187	244862375
ENSG00000153187	244856850
ENSG00000153187	244859374
ENSG00000153187	244861034
ENSG00000153187	244861665
ENSG00000153187	244864007
ENSG00000154027	77282019
ENSG00000154027	77282058
ENSG00000154027	77282602
ENSG00000154027	77283079
ENSG00000154027	77293530
ENSG00000154027	77293793
ENSG00000154027	77297855
ENSG00000154027	77340405
ENSG00000154027	77371378
ENSG00000154027	77417693
ENSG00000154027	77532107
ENSG00000154027	77540496
ENSG00000154027	77557245
ENSG00000155090	102655725
ENSG00000155090	102654375
ENSG00000156052	78031811
ENSG00000156052	78030604
ENSG00000157017	10292947
ENSG00000157017	10290357
ENSG00000157017	10290914
ENSG00000157017	10292917
ENSG00000157017	10290212
ENSG00000157017	10292933
ENSG00000157017	10289807
ENSG00000157017	10292938
ENSG00000157540	37365573
ENSG00000157540	37365790
ENSG00000157540	37366773
ENSG00000157540	37366934
ENSG00000157540	37367101
ENSG00000157540	37367557
ENSG00000157540	37367581
ENSG00000157540	37368016
ENSG00000157540	37368059
ENSG00000157540	37375094
ENSG00000157540	37418905
ENSG00000157540	37420299
ENSG00000157540	37420312
ENSG00000157540	37420328
ENSG00000157540	37420375
ENSG00000157540	37472780
ENSG00000157540	37478285
ENSG00000157540	37486148
ENSG00000157540	37486640
ENSG00000157540	37488785
ENSG00000157540	37501326
ENSG00000158941	22604757
ENSG00000158941	22604763
ENSG00000158941	22604791
ENSG00000158941	22605038
ENSG00000158941	22605500
ENSG00000158941	22605719
ENSG00000158941	22606600
ENSG00000158941	22606908
ENSG00000158941	22612703
ENSG00000158941	22613885
ENSG00000158941	22614388
ENSG00000158941	22617388
ENSG00000158941	22618157
ENSG00000159208	150282543
ENSG00000159208	150282772
ENSG00000159208	150282554
ENSG00000159208	150282849
ENSG00000159208	150283534
ENSG00000159723	67483547
ENSG00000160113	17245919
ENSG00000160113	17244504
ENSG00000160716	154567778
ENSG00000160716	154567796
ENSG00000160716	154567835
ENSG00000160716	154569528
ENSG00000160716	154576809
ENSG00000161040	103074833
ENSG00000161040	103074839
ENSG00000161040	103050059
ENSG00000161040	103074568
ENSG00000161040	103074725
ENSG00000161040	102816271
ENSG00000161040	102973219
ENSG00000161040	102933735
ENSG00000161040	103074796
ENSG00000161040	103074811
ENSG00000162409	56645314
ENSG00000163131	150765957
ENSG00000163131	150765768
ENSG00000163131	150765778
ENSG00000163131	150765815
ENSG00000163131	150765789
ENSG00000163131	150765782
ENSG00000163131	150765728
ENSG00000163131	150748062
ENSG00000163131	150765773
ENSG00000163131	150765811
ENSG00000163131	150765803
ENSG00000163131	150765844
ENSG00000163131	150765765
ENSG00000163421	71785206
ENSG00000163421	71785148
ENSG00000163485	203090654
ENSG00000163485	203127065
ENSG00000163485	203127708
ENSG00000163485	203127726
ENSG00000163485	203128306
ENSG00000163485	203128373
ENSG00000163485	203129634
ENSG00000163485	203150632
ENSG00000163485	203152646
ENSG00000163497	218985184
ENSG00000163497	218984475
ENSG00000163914	129528639
ENSG00000164068	49689538
ENSG00000164068	49689544
ENSG00000164068	49689557
ENSG00000164068	49689562
ENSG00000164068	49689565
ENSG00000164068	49691166
ENSG00000164068	49700500
ENSG00000164068	49712550
ENSG00000164068	49712830
ENSG00000164068	49713527
ENSG00000164068	49718104
ENSG00000164068	49720559
ENSG00000164326	71719275
ENSG00000164326	71719579
ENSG00000164687	81280536
ENSG00000164687	81280867
ENSG00000164687	81283028
ENSG00000164687	81283326
ENSG00000164742	45574140
ENSG00000164742	45574368
ENSG00000164742	45648709
ENSG00000164742	45684385
ENSG00000164742	45574885
ENSG00000165030	91423832
ENSG00000165819	21503829
ENSG00000165819	21511340
ENSG00000165819	21504942
ENSG00000165819	21511310
ENSG00000165819	21511338
ENSG00000165819	21511259
ENSG00000165819	21509554
ENSG00000165819	21511342
ENSG00000166167	101354165
ENSG00000166167	101354069
ENSG00000166167	101354107
ENSG00000166167	101354182
ENSG00000166167	101354534
ENSG00000166167	101535384
ENSG00000166167	101354033
ENSG00000167191	19884848
ENSG00000167191	19858046
ENSG00000167191	19872845
ENSG00000167191	19862340
ENSG00000167191	19886167
ENSG00000167191	19885727
ENSG00000167191	19882360
ENSG00000167191	19884904
ENSG00000167191	19886155
ENSG00000167191	19884864
ENSG00000167191	19885525
ENSG00000168412	186555567
ENSG00000168875	137764315
ENSG00000169136	49928702
ENSG00000169136	49929205
ENSG00000169136	49929217
ENSG00000169136	49929222
ENSG00000169136	49930219
ENSG00000169375	75451690
ENSG00000169375	75455783
ENSG00000169375	75451585
ENSG00000169375	75376380
ENSG00000169375	75381088
ENSG00000169375	75389821
ENSG00000169375	75455842
ENSG00000169375	75455026
ENSG00000169375	75455813
ENSG00000169375	75451664
ENSG00000169375	75455840
ENSG00000169375	75455815
ENSG00000169375	75451537
ENSG00000169375	75451746
ENSG00000169760	173396284
ENSG00000169760	173397780
ENSG00000169760	173397782
ENSG00000169760	173398448
ENSG00000169760	173584555
ENSG00000169760	173584920
ENSG00000169760	174136435
ENSG00000169760	174136448
ENSG00000169760	174136462
ENSG00000169760	174275314
ENSG00000170214	159865080
ENSG00000170214	159865121
ENSG00000170214	159916482
ENSG00000170485	100820139
ENSG00000170485	100821025
ENSG00000170485	100925146
ENSG00000170485	100925162
ENSG00000170485	100934111
ENSG00000170485	100970601
ENSG00000170485	100974803
ENSG00000170485	100974866
ENSG00000170485	100982254
ENSG00000170485	100988310
ENSG00000170485	100994443
ENSG00000170955	6320062
ENSG00000170955	6320501
ENSG00000170955	6320155
ENSG00000170955	6320532
ENSG00000171303	26692722
ENSG00000171720	141635164
ENSG00000171720	141636849
ENSG00000171720	141626070
ENSG00000171720	141628562
ENSG00000171720	141627936
ENSG00000171720	141626485
ENSG00000171720	141629972
ENSG00000171720	141629258
ENSG00000171720	141626444
ENSG00000171720	141636833
ENSG00000171720	141636838
ENSG00000171720	141629224
ENSG00000171720	141636825
ENSG00000171720	141629742
ENSG00000171720	141634856
ENSG00000171720	141636843
ENSG00000171862	87862638
ENSG00000171862	87863438
ENSG00000171862	87863625
ENSG00000171862	87864328
ENSG00000171862	87864449
ENSG00000171862	87864468
ENSG00000171862	87864501
ENSG00000171862	87878692
ENSG00000171862	87894077
ENSG00000171862	87925523
ENSG00000171862	87952199
ENSG00000172201	19837370
ENSG00000172264	13995369
ENSG00000172264	13995495
ENSG00000172264	13995502
ENSG00000172264	13995503
ENSG00000172264	13995659
ENSG00000172264	13995681
ENSG00000172264	13995737
ENSG00000172264	13995773
ENSG00000172264	14493479
ENSG00000172264	14523391
ENSG00000172264	14523398
ENSG00000172264	15196858
ENSG00000172264	15933276
ENSG00000172264	15985788
ENSG00000172264	15862743
ENSG00000172264	13995516
ENSG00000172531	67407264
ENSG00000172531	67401793
ENSG00000172531	67401858
ENSG00000172531	67401863
ENSG00000172531	67401577
ENSG00000172531	67401604
ENSG00000172531	67401788
ENSG00000172531	67401871
ENSG00000172531	67401815
ENSG00000172531	67421181
ENSG00000172531	67421183
ENSG00000173404	20368104
ENSG00000173482	7567316
ENSG00000173482	7566782
ENSG00000173482	7754973
ENSG00000173482	7946870
ENSG00000173482	8017792
ENSG00000173482	8017823
ENSG00000173482	8049364
ENSG00000173482	8085702
ENSG00000173482	8113571
ENSG00000173482	8121852
ENSG00000173482	8244057
ENSG00000173482	8247874
ENSG00000173482	8370933
ENSG00000173482	8399701
ENSG00000173482	7774140
ENSG00000173914	66677748
ENSG00000173914	66677887
ENSG00000173914	66677824
ENSG00000173914	66666495
ENSG00000173914	66668685
ENSG00000173914	66668835
ENSG00000173914	66677837
ENSG00000173914	66677877
ENSG00000173933	66638667
ENSG00000173933	66638672
ENSG00000173933	66638691
ENSG00000173933	66638698
ENSG00000173933	66638703
ENSG00000173933	66638705
ENSG00000173933	66638716
ENSG00000173933	66638718
ENSG00000173933	66638720
ENSG00000173933	66638727
ENSG00000173933	66638935
ENSG00000173933	66643750
ENSG00000174080	66568575
ENSG00000174080	66568602
ENSG00000174080	66568605
ENSG00000174080	66568606
ENSG00000174080	66568879
ENSG00000174080	66568571
ENSG00000174080	66568562
ENSG00000174080	66567503
ENSG00000174080	66568542
ENSG00000174080	66568560
ENSG00000174080	66568228
ENSG00000174080	66566068
ENSG00000174080	66568315
ENSG00000174080	66568418
ENSG00000174080	66565591
ENSG00000174080	66568545
ENSG00000174080	66568829
ENSG00000174080	66568495
ENSG00000174080	66565460
ENSG00000174080	66568534
ENSG00000174080	66567795
ENSG00000174080	66568062
ENSG00000174080	66566148
ENSG00000174080	66567827
ENSG00000174697	128241278
ENSG00000174738	23945286
ENSG00000174738	23945375
ENSG00000174738	23946121
ENSG00000174738	23954626
ENSG00000174738	23964764
ENSG00000176890	657653
ENSG00000176890	657665
ENSG00000176890	657743
ENSG00000176890	658264
ENSG00000176890	667721
ENSG00000177606	58784048
ENSG00000177606	58784047
ENSG00000178394	63962445
ENSG00000178394	63962507
ENSG00000179094	8152404
ENSG00000179094	8150832
ENSG00000179094	8152344
ENSG00000179094	8142191
ENSG00000179094	8142470
ENSG00000179094	8143344
ENSG00000179094	8146488
ENSG00000179094	8145170
ENSG00000179094	8156360
ENSG00000179094	8146024
ENSG00000179094	8156506
ENSG00000179094	8147549
ENSG00000179094	8147582
ENSG00000179094	8148005
ENSG00000179094	8148989
ENSG00000179094	8152383
ENSG00000179094	8152435
ENSG00000179094	8156405
ENSG00000179094	8156355
ENSG00000179348	128493201
ENSG00000179348	128482078
ENSG00000179348	128487916
ENSG00000179348	128488530
ENSG00000179348	128490648
ENSG00000179348	128493173
ENSG00000179388	22693480
ENSG00000179388	22692414
ENSG00000179388	22693178
ENSG00000179388	22692717
ENSG00000179388	22692224
ENSG00000179546	23217502
ENSG00000179774	68232113
ENSG00000179981	75210755
ENSG00000179981	75210797
ENSG00000179981	75221058
ENSG00000179981	75244576
ENSG00000179981	75282864
ENSG00000180176	2171805
ENSG00000180176	2171815
ENSG00000180176	2167276
ENSG00000180176	2168106
ENSG00000180176	2166774
ENSG00000180176	2168726
ENSG00000180530	15064934
ENSG00000180530	15065000
ENSG00000180530	15002368
ENSG00000180530	15065815
ENSG00000180530	15065903
ENSG00000180530	15065936
ENSG00000180644	70602687
ENSG00000180644	70602741
ENSG00000180644	70602759
ENSG00000181092	186842710
ENSG00000181092	186842704
ENSG00000182979	105419820
ENSG00000182979	105419827
ENSG00000182979	105419892
ENSG00000182979	105419938
ENSG00000182979	105420016
ENSG00000182979	105420019
ENSG00000182979	105438672
ENSG00000182979	105438715
ENSG00000182979	105449043
ENSG00000182979	105449240
ENSG00000182979	105458344
ENSG00000182979	105460881
ENSG00000182979	105460894
ENSG00000182979	105463259
ENSG00000182979	105463553
ENSG00000182979	105465334
ENSG00000182979	105468109
ENSG00000182979	105468975
ENSG00000182979	105469069
ENSG00000182979	105469467
ENSG00000183826	38596067
ENSG00000183826	38639929
ENSG00000183826	38639884
ENSG00000183826	38595988
ENSG00000183826	38640148
ENSG00000183826	38639868
ENSG00000183826	38598094
ENSG00000183826	38594335
ENSG00000184408	120273175
ENSG00000184408	120740844
ENSG00000184408	120742321
ENSG00000184611	162838767
ENSG00000184611	162838730
ENSG00000184611	162528360
ENSG00000184611	162537081
ENSG00000184845	175444182
ENSG00000185149	155208636
ENSG00000185149	155208735
ENSG00000186298	110742891
ENSG00000186298	110742939
ENSG00000186298	110730755
ENSG00000186298	110722467
ENSG00000186298	110724714
ENSG00000186298	110726679
ENSG00000186298	110732983
ENSG00000186298	110742873
ENSG00000186298	110742839
ENSG00000186298	110742867
ENSG00000186298	110742900
ENSG00000186951	46150521
ENSG00000186951	46150526
ENSG00000186951	46150552
ENSG00000186951	46150606
ENSG00000186951	46150828
ENSG00000186951	46151886
ENSG00000186951	46154997
ENSG00000186951	46171284
ENSG00000186951	46171332
ENSG00000186951	46176748
ENSG00000186951	46176766
ENSG00000187555	8963906
ENSG00000187555	8975328
ENSG00000187555	8963422
ENSG00000187555	8936729
ENSG00000187555	8936673
ENSG00000187555	8956380
ENSG00000187555	8897254
ENSG00000187555	8898544
ENSG00000187555	8898720
ENSG00000187555	8901205
ENSG00000187555	8900131
ENSG00000187555	8901185
ENSG00000187555	8901219
ENSG00000187555	8900920
ENSG00000187555	8904533
ENSG00000187555	8904522
ENSG00000187555	8949653
ENSG00000187555	8964514
ENSG00000187555	8962612
ENSG00000187555	8935856
ENSG00000187555	8935758
ENSG00000189143	73799542
ENSG00000189143	73827744
ENSG00000189143	73827745
ENSG00000189143	73828174
ENSG00000189143	73830996
ENSG00000189221	43654907
ENSG00000189221	43656210
ENSG00000189221	43656299
ENSG00000189221	43656303
ENSG00000189221	43656337
ENSG00000189221	43719701
ENSG00000189221	43743704
ENSG00000196433	1615059
ENSG00000196433	1615164
ENSG00000196433	1615175
ENSG00000196433	1627746
ENSG00000196433	1636398
ENSG00000196591	113971148
ENSG00000196591	113956602
ENSG00000196591	113970724
ENSG00000196591	113971157
ENSG00000196591	113949323
ENSG00000196591	113957286
ENSG00000196591	113970878
ENSG00000196591	113968530
ENSG00000196591	113970495
ENSG00000196591	114011308
ENSG00000196591	113971137
ENSG00000196591	113970729
ENSG00000196591	113970710
ENSG00000196591	113971136
ENSG00000196591	113971126
ENSG00000196591	113971139
ENSG00000196839	44626491
ENSG00000196839	44651699
ENSG00000196839	44651681
ENSG00000196839	44651691
ENSG00000196839	44651661
ENSG00000196839	44652114
ENSG00000196839	44652233
ENSG00000197070	137605685
ENSG00000197070	137605686
ENSG00000197070	137605694
ENSG00000197070	137605696
ENSG00000197070	137605703
ENSG00000197070	137605729
ENSG00000197070	137605741
ENSG00000197070	137611451
ENSG00000197070	137612452
ENSG00000197070	137613281
ENSG00000197070	137614165
ENSG00000198380	69387227
ENSG00000198380	69387248
ENSG00000198380	69387188
ENSG00000198380	69387130
ENSG00000198380	69387250
ENSG00000198400	156815640
ENSG00000198400	156815656
ENSG00000198400	156815671
ENSG00000198400	156815679
ENSG00000198400	156837209
ENSG00000198400	156860815
ENSG00000198400	156860865
ENSG00000198400	156860894
ENSG00000198400	156860913
ENSG00000198400	156860935
ENSG00000198400	156874153
ENSG00000198400	156879349
ENSG00000198643	58666774
ENSG00000198643	58657766
ENSG00000198643	58666834
ENSG00000198643	58657696
ENSG00000198643	58657748
ENSG00000198894	77098258
ENSG00000198894	77098126
ENSG00000198894	77098282
ENSG00000198894	77098312
ENSG00000198894	77098366
ENSG00000198894	77099113
ENSG00000198894	77099176
ENSG00000198900	41028822
ENSG00000198900	41028914
ENSG00000198900	41076183
ENSG00000198900	41095022
ENSG00000198900	41104102
ENSG00000198963	74497335
ENSG00000198963	74615600
ENSG00000204640	100470482
ENSG00000204681	29628038
ENSG00000204681	29633131
ENSG00000204681	29633135
ENSG00000204681	29628052
ENSG00000204681	29632934
ENSG00000204681	29633183
ENSG00000204681	29605149
ENSG00000204681	29632385
ENSG00000204681	29606109
ENSG00000204681	29606589
ENSG00000204681	29611157
ENSG00000204681	29612599
ENSG00000204681	29632387
ENSG00000204681	29622569
ENSG00000204681	29624261
ENSG00000204681	29632509
ENSG00000204681	29632459
ENSG00000204681	29633067
ENSG00000204681	29633976
ENSG00000204681	29632782
ENSG00000205213	27472790
ENSG00000205213	27472775
ENSG00000205213	27374000
ENSG00000205213	27379183
ENSG00000205213	27385532
ENSG00000205213	27472314
ENSG00000213347	177311870
ENSG00000213347	177308062
ENSG00000213347	177311898
ENSG00000213347	177311895
ENSG00000213347	177311875
ENSG00000213347	177312757
ENSG00000213347	177311882
ENSG00000213347	177311896
ENSG00000213639	28751640
ENSG00000213639	28751676
ENSG00000213639	28751739
ENSG00000213639	28751746
ENSG00000213639	28751814
ENSG00000213639	28751830
ENSG00000213639	28752011
ENSG00000213639	28779000
ENSG00000213639	28751748
ENSG00000213923	38317433
ENSG00000213923	38318084
ENSG00000213923	38294527
ENSG00000213923	38298852
ENSG00000213923	38294459
ENSG00000213923	38317439
ENSG00000213923	38300763
ENSG00000213923	38294534
ENSG00000213923	38317411
ENSG00000213923	38302990
ENSG00000213923	38300065
ENSG00000213923	38300025
ENSG00000213923	38303009
ENSG00000213923	38316973
ENSG00000214285	127549309
ENSG00000253729	47960136
ENSG00000253729	47960178
ENSG00000253729	47778537
ENSG00000253729	47778719
ENSG00000253729	47783007
ENSG00000253729	47779361
ENSG00000253729	47784139
ENSG00000253729	47864792
ENSG00000253729	47929169
ENSG00000253729	47939950
ENSG00000253729	47959309
ENSG00000254585	23647867
ENSG00000275410	37745059
ENSG00000275410	37745018
ENSG00000275410	37733817
