GeneID	GeneName	Adipose_Subcutaneous	Esophagus_Mucosa	Adipose_Visceral_Omentum	Esophagus_Muscularis	Adrenal_Gland	Heart_Atrial_Appendage	Brain_Anterior_cingulate_cortex_BA24	Heart_Left_Ventricle	Artery_Aorta	Liver	Artery_Coronary	Lung	Artery_Tibial	Muscle_Skeletal	Brain_Caudate_basal_ganglia	Nerve_Tibial	Brain_Cerebellar_Hemisphere	Ovary	Brain_Cerebellum	Pancreas	Brain_Cortex	Pituitary	Brain_Frontal_Cortex_BA9	Prostate	Brain_Hippocampus	Skin_Not_Sun_Exposed_Suprapubic	Brain_Hypothalamus	Skin_Sun_Exposed_Lower_leg	Brain_Nucleus_accumbens_basal_ganglia	Small_Intestine_Terminal_Ileum	Brain_Putamen_basal_ganglia	Spleen	Breast_Mammary_Tissue	Stomach	Cells_EBV-transformed_lymphocytes	Testis	Cells_Cultured_fibroblasts	Thyroid	Colon_Sigmoid	Uterus	Colon_Transverse	Vagina	Esophagus_Gastroesophageal_Junction	Whole_Blood
ENSG00000129673	AANAT	0.6126198083067093	NaN	0.4029552715654952	0.0950479233226837	0.7432108626198083	NaN	0.2735623003194888	NaN	0.9688498402555912	NaN	0.0	0.7328274760383386	NaN	NaN	NaN	0.7575878594249201	NaN	NaN	0.10822683706070288	NaN	0.9253194888178914	NaN	NaN	NaN	0.2743610223642173	0.3897763578274761	NaN	0.5239616613418531	NaN	NaN	NaN	0.5611022364217252	NaN	NaN	0.5834664536741214	0.8186900958466453	NaN	0.4460862619808307	0.5171725239616614	NaN	0.8965654952076677	NaN	NaN	0.630591054313099
ENSG00000196839	ADA	0.9440894568690096	0.42012779552715657	NaN	1.0	NaN	NaN	NaN	NaN	NaN	NaN	0.3446485623003195	0.7252396166134185	NaN	NaN	0.4840255591054313	NaN	NaN	0.9680511182108626	NaN	NaN	NaN	NaN	NaN	0.0023961661341853034	NaN	NaN	NaN	NaN	0.6613418530351438	0.4612619808306709	0.6293929712460063	NaN	0.3274760383386581	NaN	0.3250798722044728	NaN	0.31589456869009586	0.9105431309904152	NaN	NaN	NaN	NaN	NaN	0.2747603833865815
ENSG00000164742	ADCY1	NaN	NaN	NaN	NaN	NaN	NaN	NaN	NaN	NaN	NaN	NaN	0.05830670926517573	0.5407348242811502	NaN	NaN	0.041533546325878586	NaN	NaN	NaN	NaN	NaN	NaN	NaN	0.097444089456869	NaN	NaN	NaN	0.4964057507987221	NaN	NaN	NaN	NaN	NaN	NaN	NaN	NaN	NaN	NaN	NaN	NaN	NaN	NaN	NaN	NaN
ENSG00000181092	ADIPOQ	0.18370607028753996	NaN	0.44009584664536733	NaN	NaN	NaN	NaN	NaN	NaN	NaN	NaN	NaN	NaN	NaN	NaN	0.20407348242811504	NaN	NaN	NaN	NaN	NaN	NaN	NaN	0.4920127795527157	NaN	NaN	NaN	NaN	NaN	NaN	0.2336261980830671	NaN	NaN	NaN	NaN	NaN	0.9516773162939296	0.35742811501597443	NaN	NaN	0.402555910543131	NaN	0.5027955271565495	1.0
ENSG00000163485	ADORA1	NaN	NaN	NaN	NaN	NaN	0.7919329073482428	NaN	NaN	0.11661341853035145	NaN	NaN	0.35303514376996803	0.02675718849840256	NaN	NaN	NaN	NaN	0.4045527156549521	0.3761980830670926	NaN	NaN	NaN	NaN	NaN	NaN	NaN	NaN	NaN	NaN	NaN	NaN	NaN	NaN	NaN	NaN	NaN	0.04792332268370607	NaN	NaN	NaN	NaN	NaN	1.0	0.9452875399361024
ENSG00000128271	ADORA2A	NaN	1.0	NaN	NaN	0.7080670926517572	NaN	NaN	NaN	NaN	NaN	NaN	NaN	NaN	NaN	NaN	NaN	NaN	1.0	0.36940894568690097	0.2336261980830671	NaN	NaN	NaN	NaN	NaN	NaN	NaN	NaN	NaN	NaN	NaN	NaN	NaN	0.9408945686900958	NaN	0.3821884984025559	NaN	NaN	NaN	NaN	NaN	NaN	NaN	0.0003993610223642173
ENSG00000120907	ADRA1A	0.490814696485623	0.1389776357827476	0.8722044728434505	0.6825079872204473	NaN	NaN	0.1873003194888179	NaN	NaN	0.6002396166134185	NaN	0.2803514376996805	0.9680511182108626	0.9293130990415336	NaN	NaN	NaN	NaN	NaN	NaN	NaN	NaN	NaN	NaN	NaN	0.5666932907348243	NaN	0.3710063897763578	NaN	NaN	NaN	NaN	NaN	0.2919329073482428	NaN	NaN	0.08386581469648563	NaN	NaN	NaN	NaN	NaN	NaN	NaN
ENSG00000170214	ADRA1B	NaN	0.96685303514377	NaN	NaN	NaN	NaN	NaN	NaN	NaN	NaN	NaN	NaN	NaN	NaN	NaN	NaN	0.1781150159744409	NaN	NaN	NaN	NaN	NaN	NaN	NaN	NaN	NaN	NaN	NaN	NaN	NaN	NaN	NaN	NaN	NaN	NaN	NaN	0.014376996805111819	NaN	NaN	NaN	NaN	NaN	NaN	NaN
ENSG00000159723	AGRP	NaN	NaN	NaN	NaN	NaN	NaN	NaN	NaN	NaN	NaN	NaN	NaN	NaN	NaN	NaN	0.05910543130990415	NaN	NaN	NaN	NaN	NaN	0.7232428115015974	NaN	NaN	NaN	NaN	NaN	NaN	NaN	NaN	NaN	NaN	NaN	NaN	NaN	NaN	NaN	NaN	NaN	NaN	NaN	NaN	NaN	NaN
ENSG00000101444	AHCY	NaN	NaN	NaN	NaN	NaN	NaN	NaN	NaN	NaN	NaN	NaN	NaN	NaN	0.26956869009584666	0.9009584664536742	NaN	NaN	0.643370607028754	NaN	NaN	NaN	NaN	NaN	NaN	NaN	NaN	NaN	NaN	NaN	NaN	NaN	NaN	NaN	NaN	NaN	NaN	NaN	NaN	NaN	NaN	NaN	NaN	NaN	NaN
ENSG00000106546	AHR	0.8993610223642172	NaN	NaN	NaN	NaN	NaN	NaN	NaN	NaN	NaN	NaN	NaN	NaN	NaN	NaN	NaN	NaN	0.2523961661341853	NaN	0.3985623003194888	NaN	NaN	NaN	NaN	NaN	NaN	NaN	NaN	NaN	0.19089456869009586	0.09424920127795527	0.014776357827476038	NaN	NaN	NaN	NaN	0.2248402555910543	NaN	NaN	NaN	0.8318690095846646	NaN	NaN	0.5690894568690096
ENSG00000154027	AK5	NaN	NaN	NaN	NaN	NaN	NaN	0.5774760383386581	NaN	NaN	NaN	NaN	0.6920926517571885	0.5519169329073482	0.006789137380191693	0.6058306709265175	0.24161341853035145	NaN	NaN	NaN	NaN	0.9564696485623004	NaN	0.5906549520766773	NaN	NaN	NaN	0.444888178913738	0.23442492012779556	NaN	NaN	0.7707667731629393	NaN	NaN	NaN	NaN	NaN	0.271964856230032	0.11741214057507987	0.13298722044728434	NaN	NaN	NaN	NaN	0.4173322683706071
ENSG00000151150	ANK3	0.28514376996805113	0.9129392971246006	0.7935303514376997	NaN	0.8674121405750799	NaN	0.5139776357827476	0.3422523961661342	0.0035942492012779547	NaN	NaN	NaN	0.013178913738019169	0.9021565495207668	NaN	NaN	NaN	NaN	NaN	NaN	NaN	NaN	NaN	NaN	1.0	0.07947284345047924	NaN	NaN	NaN	NaN	0.07947284345047924	NaN	1.0	NaN	NaN	NaN	NaN	0.10782747603833866	NaN	0.6912939297124601	NaN	NaN	NaN	0.04832268370607029
ENSG00000133794	ARNTL	NaN	NaN	NaN	NaN	NaN	NaN	NaN	NaN	NaN	NaN	NaN	NaN	NaN	NaN	NaN	NaN	NaN	NaN	NaN	1.0	NaN	0.4317092651757189	NaN	NaN	NaN	NaN	NaN	0.6210063897763578	NaN	0.20966453674121405	0.19129392971246006	NaN	NaN	NaN	NaN	0.028354632587859425	NaN	NaN	NaN	0.7192492012779552	0.028753993610223638	NaN	NaN	0.2595846645367412
ENSG00000029153	ARNTL2	NaN	NaN	NaN	NaN	NaN	NaN	NaN	NaN	NaN	0.4161341853035144	NaN	NaN	NaN	NaN	NaN	NaN	NaN	NaN	NaN	NaN	NaN	NaN	NaN	NaN	0.011980830670926515	NaN	NaN	NaN	NaN	NaN	NaN	NaN	NaN	NaN	NaN	NaN	NaN	NaN	NaN	NaN	NaN	NaN	NaN	NaN
ENSG00000197070	ARRDC1	0.5623003194888179	NaN	NaN	1.0	NaN	NaN	NaN	NaN	NaN	NaN	NaN	0.16613418530351434	NaN	0.9908146964856229	NaN	NaN	0.06509584664536741	NaN	0.3250798722044728	0.3174920127795527	NaN	0.4420926517571885	NaN	NaN	NaN	0.356629392971246	NaN	NaN	0.6273961661341853	NaN	NaN	NaN	1.0	NaN	NaN	NaN	0.3714057507987221	0.7476038338658147	NaN	0.6984824281150159	NaN	NaN	0.8454472843450479	1.0
ENSG00000139352	ASCL1	0.4868210862619808	NaN	NaN	NaN	NaN	NaN	NaN	NaN	NaN	NaN	NaN	0.8142971246006391	NaN	0.02755591054313099	NaN	NaN	NaN	NaN	0.026357827476038338	NaN	0.384185303514377	NaN	NaN	NaN	NaN	NaN	NaN	NaN	NaN	NaN	NaN	NaN	0.06669329073482429	NaN	NaN	NaN	NaN	NaN	NaN	NaN	NaN	NaN	NaN	NaN
ENSG00000128272	ATF4	0.9740415335463258	0.005990415335463258	0.7212460063897763	0.9021565495207668	NaN	NaN	NaN	0.8302715654952076	0.9752396166134184	NaN	NaN	NaN	0.05191693290734824	0.992811501597444	NaN	1.0	NaN	NaN	NaN	NaN	0.5379392971246006	NaN	NaN	NaN	NaN	0.8618210862619808	NaN	0.84185303514377	NaN	NaN	NaN	NaN	NaN	NaN	NaN	0.937300319488818	NaN	NaN	NaN	0.954073482428115	NaN	0.00559105431309904	0.8765974440894568	0.4604632587859425
ENSG00000169136	ATF5	0.30431309904153353	NaN	NaN	0.16813099041533547	0.5063897763578274	NaN	0.35942492012779553	0.9444888178913738	0.356629392971246	NaN	NaN	0.4376996805111821	0.5603035143769968	0.08226837060702875	NaN	0.07947284345047924	0.9644568690095848	NaN	NaN	NaN	NaN	NaN	NaN	0.7691693290734825	NaN	NaN	NaN	0.06829073482428115	NaN	NaN	NaN	NaN	NaN	0.9349041533546326	NaN	0.8430511182108626	0.542332268370607	0.9365015974440896	NaN	NaN	NaN	NaN	0.9976038338658147	NaN
ENSG00000179774	ATOH7	0.22324281150159744	0.013178913738019169	NaN	NaN	0.5327476038338658	NaN	NaN	0.5119808306709265	0.9736421725239616	0.9065495207667732	NaN	0.5978434504792333	0.603035143769968	NaN	NaN	NaN	NaN	NaN	0.8242811501597445	0.2631789137380192	NaN	NaN	NaN	NaN	NaN	0.8007188498402555	NaN	NaN	NaN	NaN	NaN	NaN	NaN	0.3861821086261981	NaN	0.7432108626198083	1.0	0.041533546325878586	NaN	NaN	0.2803514376996805	NaN	NaN	NaN
ENSG00000153064	BANK1	0.2104632587859425	NaN	0.9644568690095848	NaN	NaN	NaN	NaN	NaN	NaN	NaN	NaN	NaN	NaN	0.5443290734824281	NaN	0.6134185303514377	NaN	NaN	NaN	NaN	NaN	NaN	NaN	NaN	NaN	NaN	1.0	NaN	NaN	NaN	0.09105431309904154	NaN	NaN	NaN	NaN	NaN	NaN	NaN	NaN	NaN	NaN	0.5023961661341853	NaN	0.922523961661342
ENSG00000134107	BHLHE40	NaN	NaN	NaN	NaN	NaN	NaN	NaN	NaN	NaN	NaN	NaN	NaN	0.2420127795527157	0.7835463258785943	NaN	0.9201277955271564	0.4464856230031949	NaN	0.035942492012779555	0.856629392971246	NaN	NaN	NaN	NaN	NaN	NaN	NaN	NaN	NaN	NaN	NaN	NaN	NaN	NaN	NaN	NaN	NaN	NaN	NaN	NaN	NaN	0.10103833865814696	0.43730031948881787	NaN
ENSG00000123095	BHLHE41	NaN	NaN	NaN	NaN	NaN	NaN	NaN	NaN	NaN	NaN	NaN	0.20407348242811504	NaN	NaN	0.9261182108626198	NaN	NaN	0.004792332268370607	NaN	NaN	NaN	NaN	NaN	0.5786741214057508	NaN	0.4325079872204473	NaN	0.007587859424920127	NaN	NaN	NaN	NaN	NaN	NaN	NaN	NaN	0.8698083067092651	NaN	NaN	NaN	0.010782747603833864	0.09145367412140576	NaN	NaN
ENSG00000183826	BTBD9	NaN	0.4688498402555911	NaN	NaN	NaN	NaN	NaN	0.4309105431309904	0.6170127795527156	NaN	NaN	NaN	NaN	0.4476837060702875	NaN	0.7436102236421726	NaN	NaN	NaN	NaN	NaN	NaN	NaN	NaN	NaN	0.18330670926517573	NaN	0.8446485623003195	NaN	NaN	NaN	NaN	NaN	0.5123801916932907	NaN	NaN	0.8502396166134185	0.9592651757188498	NaN	NaN	NaN	NaN	NaN	0.6134185303514377
ENSG00000166167	BTRC	NaN	NaN	NaN	0.5986421725239617	0.9177316293929711	NaN	NaN	NaN	0.16293929712460065	NaN	0.4077476038338658	0.05710862619808306	0.020766773162939296	NaN	NaN	NaN	NaN	NaN	NaN	0.02356230031948882	NaN	0.14936102236421725	NaN	NaN	NaN	NaN	NaN	NaN	NaN	0.30670926517571884	0.3562300319488818	NaN	NaN	0.6429712460063898	NaN	0.3182907348242812	NaN	NaN	0.1757188498402556	NaN	NaN	NaN	NaN	NaN
ENSG00000118292	C1orf54	NaN	0.011980830670926515	NaN	1.0	0.14337060702875398	NaN	NaN	0.08586261980830671	1.0	NaN	NaN	1.0	0.1737220447284345	NaN	NaN	0.4884185303514377	NaN	NaN	NaN	NaN	NaN	NaN	NaN	NaN	0.3757987220447284	NaN	NaN	0.4736421725239617	0.3282747603833866	NaN	0.15694888178913738	NaN	NaN	NaN	NaN	NaN	0.1669329073482428	0.6218051118210862	NaN	NaN	NaN	NaN	NaN	NaN
ENSG00000088543	C3orf18	NaN	NaN	NaN	NaN	NaN	NaN	NaN	0.1206070287539936	NaN	0.8083067092651757	NaN	NaN	NaN	0.005990415335463258	NaN	NaN	NaN	NaN	NaN	NaN	NaN	NaN	NaN	0.8526357827476039	0.3282747603833866	NaN	NaN	NaN	NaN	NaN	NaN	NaN	NaN	NaN	NaN	NaN	0.02236421725239616	0.1845047923322684	NaN	NaN	NaN	NaN	NaN	NaN
ENSG00000136436	CALCOCO2	0.03274760383386582	NaN	NaN	NaN	NaN	NaN	NaN	NaN	NaN	NaN	NaN	NaN	NaN	0.5942492012779552	NaN	NaN	0.3905750798722045	NaN	0.4049520766773163	NaN	NaN	NaN	NaN	NaN	NaN	NaN	NaN	NaN	NaN	NaN	NaN	1.0	NaN	NaN	NaN	0.7440095846645367	NaN	NaN	NaN	0.8039137380191693	NaN	NaN	NaN	0.7751597444089456
ENSG00000164326	CARTPT	NaN	NaN	NaN	0.9960063897763578	NaN	NaN	NaN	NaN	0.4824281150159744	NaN	NaN	NaN	0.6661341853035144	NaN	NaN	NaN	NaN	NaN	NaN	0.2240415335463259	NaN	0.17731629392971246	NaN	NaN	NaN	0.6317891373801917	NaN	NaN	NaN	0.5315495207667732	NaN	NaN	0.12180511182108625	NaN	NaN	0.1761182108626198	NaN	0.9604632587859424	0.7587859424920128	NaN	NaN	NaN	NaN	NaN
ENSG00000170955	CAVIN3	0.010782747603833864	1.0	0.9856230031948882	0.8777955271565495	0.7651757188498403	0.4005591054313099	NaN	0.4005591054313099	0.3861821086261981	NaN	NaN	0.6553514376996805	0.3686102236421725	1.0	NaN	0.7915335463258786	0.08865814696485623	NaN	NaN	0.4960063897763578	NaN	NaN	0.9912140575079872	NaN	NaN	0.19968051118210864	NaN	NaN	NaN	NaN	NaN	0.6014376996805112	0.2583865814696485	0.2328274760383387	NaN	0.3506389776357827	0.17971246006389774	0.8154952076677316	0.017172523961661343	NaN	1.0	NaN	1.0	0.5135782747603834
ENSG00000158941	CCAR2	0.7559904153354633	NaN	NaN	NaN	NaN	1.0	NaN	0.17891373801916932	NaN	NaN	NaN	0.2967252396166134	NaN	0.9440894568690096	NaN	0.6445686900958466	NaN	NaN	NaN	NaN	NaN	NaN	NaN	NaN	NaN	NaN	NaN	0.16773162939297126	NaN	NaN	NaN	NaN	NaN	NaN	0.7136581469648562	NaN	0.3598242811501597	0.2627795527156549	NaN	0.19369009584664534	NaN	NaN	NaN	NaN
ENSG00000107736	CDH23	NaN	0.1713258785942492	NaN	NaN	NaN	NaN	NaN	NaN	0.3354632587859425	0.6853035143769968	NaN	0.09664536741214058	1.0	0.4976038338658147	NaN	0.01876996805111821	0.5339456869009584	NaN	0.001597444089456869	NaN	NaN	NaN	NaN	0.3318690095846645	0.28394568690095845	NaN	NaN	0.10583067092651756	NaN	NaN	NaN	NaN	NaN	NaN	NaN	0.5219648562300321	NaN	0.7272364217252396	NaN	0.25559105431309903	NaN	NaN	NaN	0.9740415335463258
ENSG00000135446	CDK4	NaN	NaN	NaN	0.2827476038338658	NaN	NaN	NaN	NaN	NaN	NaN	NaN	NaN	NaN	NaN	NaN	0.03753993610223642	NaN	NaN	NaN	0.9404952076677316	NaN	NaN	NaN	NaN	NaN	NaN	0.07028753993610222	NaN	NaN	NaN	NaN	NaN	NaN	NaN	NaN	NaN	NaN	NaN	0.19289137380191693	NaN	NaN	NaN	NaN	NaN
ENSG00000160716	CHRNB2	NaN	0.2955271565495208	NaN	NaN	NaN	NaN	0.7292332268370607	NaN	NaN	NaN	NaN	NaN	NaN	NaN	NaN	NaN	0.9436900958466452	NaN	NaN	NaN	0.9568690095846646	NaN	NaN	NaN	0.6437699680511182	NaN	NaN	1.0	NaN	NaN	0.2975239616613419	NaN	NaN	NaN	NaN	NaN	0.14896166134185304	NaN	NaN	NaN	0.8562300319488818	NaN	NaN	0.9444888178913738
ENSG00000159208	CIART	NaN	NaN	NaN	NaN	NaN	NaN	NaN	NaN	NaN	NaN	NaN	NaN	0.0039936102236421715	NaN	NaN	NaN	0.7787539936102237	NaN	0.3222843450479233	1.0	0.5115814696485623	NaN	NaN	NaN	NaN	NaN	NaN	NaN	NaN	NaN	NaN	NaN	NaN	NaN	NaN	0.0019968051118210857	1.0	1.0	NaN	NaN	NaN	NaN	NaN	NaN
ENSG00000198894	CIPC	NaN	NaN	0.4832268370607029	1.0	NaN	NaN	NaN	NaN	0.9408945686900958	NaN	NaN	NaN	NaN	0.1485623003194888	NaN	NaN	NaN	NaN	NaN	1.0	NaN	NaN	NaN	NaN	NaN	NaN	NaN	NaN	NaN	NaN	0.23722044728434505	0.8825878594249201	NaN	NaN	0.9436900958466452	NaN	NaN	NaN	NaN	NaN	NaN	NaN	NaN	0.2340255591054313
ENSG00000189143	CLDN4	0.9592651757188498	NaN	NaN	0.5323482428115016	0.8274760383386581	0.038338658146964855	NaN	NaN	0.039137380191693286	NaN	NaN	NaN	NaN	0.5595047923322684	0.713258785942492	0.8997603833865815	0.5475239616613419	NaN	0.04233226837060703	NaN	NaN	NaN	NaN	NaN	NaN	NaN	0.6022364217252396	NaN	0.4205271565495208	NaN	0.3426517571884984	NaN	0.707667731629393	NaN	NaN	NaN	0.9748402555910544	0.9309105431309904	NaN	NaN	NaN	NaN	0.15335463258785942	NaN
ENSG00000134852	CLOCK	0.1042332268370607	0.8702076677316294	NaN	0.15135782747603835	0.012779552715654952	0.05670926517571885	NaN	NaN	0.6238019169329073	NaN	NaN	0.009584664536741214	0.6737220447284346	NaN	NaN	0.2420127795527157	NaN	NaN	NaN	NaN	NaN	NaN	NaN	NaN	NaN	0.9916134185303516	0.008386581469648562	0.3726038338658147	NaN	0.490814696485623	NaN	0.7160543130990416	NaN	NaN	NaN	NaN	0.40415335463258784	0.930111821086262	NaN	0.4704472843450479	0.6146166134185304	NaN	NaN	NaN
ENSG00000110090	CPT1A	NaN	0.9584664536741214	0.00878594249201278	NaN	NaN	NaN	NaN	NaN	NaN	NaN	NaN	NaN	NaN	NaN	NaN	NaN	0.04193290734824282	NaN	NaN	NaN	NaN	NaN	NaN	NaN	NaN	NaN	NaN	NaN	NaN	NaN	NaN	NaN	NaN	NaN	NaN	NaN	0.6833067092651757	NaN	0.9329073482428116	NaN	0.09464856230031947	NaN	NaN	NaN
ENSG00000118260	CREB1	NaN	NaN	NaN	NaN	NaN	NaN	NaN	NaN	0.6198083067092651	0.4728434504792332	NaN	NaN	NaN	NaN	NaN	0.7112619808306709	NaN	NaN	NaN	NaN	NaN	NaN	NaN	NaN	NaN	NaN	NaN	NaN	NaN	NaN	NaN	NaN	NaN	NaN	NaN	NaN	0.7392172523961661	NaN	NaN	NaN	1.0	NaN	NaN	0.05830670926517573
ENSG00000095794	CREM	NaN	NaN	NaN	0.5918530351437701	NaN	NaN	NaN	NaN	1.0	NaN	NaN	0.9712460063897764	NaN	NaN	NaN	NaN	NaN	NaN	NaN	NaN	NaN	NaN	NaN	NaN	NaN	NaN	NaN	NaN	NaN	NaN	NaN	NaN	0.8961661341853036	NaN	0.8789936102236422	NaN	NaN	NaN	NaN	NaN	NaN	NaN	NaN	0.2619808306709265
ENSG00000147571	CRH	NaN	NaN	NaN	NaN	NaN	NaN	0.7376198083067093	NaN	NaN	NaN	NaN	NaN	NaN	NaN	NaN	NaN	NaN	NaN	NaN	NaN	NaN	NaN	NaN	NaN	0.8158945686900958	NaN	NaN	NaN	NaN	NaN	NaN	NaN	NaN	NaN	NaN	NaN	NaN	NaN	NaN	NaN	NaN	NaN	NaN	NaN
ENSG00000105662	CRTC1	NaN	0.08746006389776358	NaN	NaN	NaN	0.31429712460063897	NaN	NaN	NaN	NaN	NaN	NaN	NaN	NaN	NaN	0.3726038338658147	NaN	NaN	0.017971246006389774	NaN	1.0	NaN	NaN	NaN	NaN	0.8414536741214057	NaN	NaN	NaN	NaN	NaN	NaN	NaN	NaN	NaN	NaN	NaN	NaN	NaN	NaN	0.3734025559105431	NaN	1.0	0.6014376996805112
ENSG00000008405	CRY1	NaN	0.039137380191693286	NaN	NaN	NaN	NaN	NaN	NaN	NaN	NaN	NaN	NaN	NaN	0.0011980830670926515	NaN	NaN	NaN	0.6669329073482428	NaN	NaN	1.0	NaN	0.23522364217252395	NaN	NaN	NaN	NaN	NaN	1.0	NaN	NaN	NaN	NaN	0.5287539936102237	NaN	0.5067891373801917	NaN	NaN	NaN	NaN	NaN	NaN	NaN	NaN
ENSG00000121671	CRY2	NaN	1.0	NaN	NaN	NaN	NaN	NaN	NaN	NaN	NaN	NaN	NaN	NaN	0.11461661341853036	NaN	NaN	NaN	NaN	NaN	NaN	NaN	NaN	NaN	NaN	0.5447284345047924	NaN	NaN	NaN	NaN	NaN	0.762779552715655	NaN	NaN	NaN	NaN	NaN	NaN	NaN	NaN	1.0	NaN	NaN	NaN	0.8813897763578274
ENSG00000141551	CSNK1D	NaN	0.161741214057508	0.8498402555910544	1.0	NaN	NaN	NaN	NaN	NaN	NaN	1.0	NaN	1.0	NaN	NaN	NaN	NaN	1.0	NaN	NaN	NaN	NaN	NaN	NaN	NaN	NaN	NaN	NaN	0.7292332268370607	NaN	NaN	NaN	NaN	NaN	NaN	NaN	0.6565495207667732	NaN	NaN	NaN	1.0	NaN	NaN	0.4309105431309904
ENSG00000213923	CSNK1E	0.6733226837060703	NaN	NaN	NaN	0.08825878594249201	NaN	NaN	NaN	NaN	NaN	NaN	NaN	NaN	NaN	NaN	NaN	0.0007987220447284345	NaN	1.0	NaN	NaN	NaN	NaN	NaN	0.5415335463258786	NaN	NaN	0.5511182108626198	NaN	NaN	NaN	NaN	NaN	NaN	0.9808306709265175	NaN	NaN	NaN	NaN	NaN	NaN	NaN	NaN	NaN
ENSG00000174080	CTSF	0.3670127795527157	0.10383386581469647	0.09424920127795527	0.7012779552715654	0.7428115015974441	NaN	NaN	0.5714856230031949	0.4213258785942492	NaN	NaN	0.6365814696485623	0.8047124600638977	0.3314696485623003	NaN	0.853035143769968	0.004792332268370607	NaN	NaN	NaN	NaN	0.08426517571884984	NaN	NaN	NaN	0.20247603833865813	0.04512779552715655	0.16094249201277955	0.02595846645367412	NaN	NaN	NaN	1.0	0.8083067092651757	NaN	NaN	0.3793929712460064	0.3670127795527157	0.4628594249201278	NaN	NaN	NaN	0.6218051118210862	0.8238817891373802
ENSG00000163131	CTSS	0.5810702875399361	0.5355431309904153	NaN	0.9281150159744408	0.1501597444089457	0.5119808306709265	0.5898562300319489	0.115814696485623	NaN	0.5411341853035144	NaN	NaN	0.5079872204472844	0.6661341853035144	0.862220447284345	0.6078274760383386	0.6880990415335463	NaN	0.7567891373801917	0.8426517571884984	0.0019968051118210857	NaN	NaN	NaN	NaN	0.2803514376996805	0.7727635782747604	0.4684504792332269	NaN	NaN	0.6653354632587859	0.006789137380191693	NaN	0.3690095846645368	0.5986421725239617	0.0035942492012779547	0.5099840255591054	0.9836261980830672	NaN	NaN	1.0	NaN	NaN	NaN
ENSG00000105516	DBP	NaN	NaN	NaN	NaN	NaN	1.0	NaN	NaN	NaN	NaN	NaN	1.0	NaN	NaN	0.2787539936102236	0.40415335463258784	NaN	NaN	NaN	NaN	NaN	NaN	0.5539137380191693	NaN	NaN	NaN	NaN	NaN	NaN	NaN	0.7452076677316294	NaN	NaN	NaN	NaN	NaN	NaN	NaN	NaN	NaN	NaN	NaN	NaN	NaN
ENSG00000132437	DDC	NaN	0.33466453674121405	NaN	NaN	NaN	NaN	NaN	NaN	NaN	NaN	NaN	NaN	NaN	NaN	NaN	NaN	NaN	0.6545527156549521	NaN	NaN	NaN	NaN	NaN	NaN	NaN	0.9361022364217252	NaN	NaN	NaN	NaN	NaN	NaN	NaN	NaN	NaN	0.28434504792332266	NaN	NaN	NaN	NaN	NaN	NaN	NaN	NaN
ENSG00000116138	DNAJC16	NaN	0.7196485623003195	0.5355431309904153	NaN	NaN	0.5519169329073482	NaN	0.03554313099041533	0.6493610223642172	NaN	NaN	NaN	NaN	NaN	NaN	0.4600638977635783	NaN	NaN	NaN	0.018370607028753996	NaN	NaN	NaN	NaN	NaN	NaN	NaN	NaN	NaN	NaN	NaN	NaN	NaN	NaN	NaN	NaN	NaN	0.4752396166134185	NaN	NaN	NaN	NaN	NaN	NaN
ENSG00000184845	DRD1	NaN	NaN	NaN	NaN	NaN	NaN	NaN	NaN	NaN	NaN	NaN	NaN	NaN	NaN	NaN	NaN	NaN	NaN	0.5415335463258786	NaN	NaN	NaN	NaN	0.2939297124600639	NaN	0.0231629392971246	0.744408945686901	NaN	0.06749201277955273	NaN	NaN	NaN	0.4812300319488818	NaN	NaN	NaN	NaN	NaN	NaN	NaN	NaN	NaN	NaN	NaN
ENSG00000149295	DRD2	0.4476837060702875	NaN	0.4205271565495208	0.4305111821086262	NaN	NaN	NaN	NaN	0.7927316293929713	NaN	0.8015175718849841	NaN	NaN	0.4720447284345048	NaN	0.1477635782747604	0.39456869009584666	NaN	NaN	0.0	0.005191693290734824	NaN	NaN	NaN	NaN	0.024361022364217253	NaN	0.3170926517571885	NaN	NaN	NaN	NaN	NaN	0.1269968051118211	NaN	NaN	NaN	0.4532747603833866	0.8937699680511182	0.8434504792332268	NaN	0.5347444089456869	NaN	NaN
ENSG00000151577	DRD3	NaN	NaN	NaN	NaN	NaN	NaN	NaN	NaN	NaN	NaN	NaN	NaN	NaN	NaN	0.14337060702875398	NaN	NaN	NaN	NaN	NaN	NaN	NaN	NaN	NaN	NaN	NaN	0.944888178913738	NaN	NaN	NaN	NaN	NaN	NaN	NaN	NaN	0.07148562300319489	NaN	NaN	NaN	NaN	NaN	NaN	NaN	NaN
ENSG00000069696	DRD4	NaN	0.2983226837060703	0.09105431309904154	NaN	NaN	NaN	0.04233226837060703	NaN	NaN	NaN	NaN	NaN	0.1529552715654952	NaN	NaN	0.16613418530351434	NaN	NaN	NaN	NaN	NaN	NaN	NaN	NaN	NaN	NaN	NaN	0.21405750798722045	NaN	NaN	0.7687699680511182	NaN	NaN	NaN	NaN	NaN	0.22164536741214055	0.4512779552715655	NaN	NaN	NaN	NaN	0.5726837060702875	NaN
ENSG00000157540	DYRK1A	0.9792332268370608	0.16293929712460065	NaN	1.0	NaN	NaN	NaN	0.028753993610223638	NaN	NaN	0.38498402555910544	NaN	NaN	NaN	NaN	NaN	NaN	NaN	NaN	NaN	NaN	NaN	0.0019968051118210857	NaN	NaN	0.07507987220447285	NaN	NaN	NaN	NaN	NaN	NaN	NaN	NaN	NaN	NaN	NaN	NaN	NaN	NaN	0.8973642172523961	NaN	NaN	1.0
ENSG00000117298	ECE1	NaN	NaN	NaN	NaN	NaN	NaN	NaN	NaN	NaN	NaN	NaN	0.5419329073482428	NaN	NaN	NaN	NaN	NaN	NaN	NaN	NaN	NaN	NaN	NaN	NaN	NaN	NaN	NaN	NaN	0.03873801916932907	NaN	0.9472843450479234	NaN	NaN	NaN	NaN	1.0	NaN	NaN	NaN	NaN	NaN	NaN	0.606629392971246	0.8522364217252396
ENSG00000120738	EGR1	NaN	NaN	NaN	NaN	NaN	NaN	NaN	NaN	NaN	0.08466453674121406	NaN	NaN	NaN	NaN	NaN	NaN	NaN	NaN	NaN	NaN	NaN	NaN	NaN	NaN	NaN	NaN	0.5251597444089456	NaN	NaN	NaN	NaN	NaN	NaN	NaN	NaN	0.3138977635782748	NaN	NaN	NaN	NaN	NaN	0.4984025559105431	NaN	NaN
ENSG00000179388	EGR3	NaN	NaN	1.0	NaN	NaN	0.11461661341853036	NaN	NaN	NaN	NaN	NaN	NaN	NaN	NaN	NaN	NaN	NaN	NaN	NaN	NaN	NaN	NaN	NaN	NaN	NaN	NaN	NaN	NaN	NaN	NaN	NaN	NaN	NaN	NaN	NaN	0.15854632587859424	NaN	NaN	NaN	0.5874600638977636	NaN	NaN	NaN	1.0
ENSG00000100393	EP300	NaN	0.6150159744408946	NaN	NaN	NaN	NaN	NaN	NaN	NaN	NaN	NaN	NaN	NaN	NaN	NaN	NaN	0.4416932907348243	NaN	NaN	NaN	NaN	NaN	NaN	NaN	NaN	NaN	NaN	0.44009584664536733	NaN	NaN	NaN	NaN	NaN	NaN	NaN	NaN	NaN	NaN	NaN	NaN	0.08466453674121406	NaN	NaN	0.6277955271565495
ENSG00000106462	EZH2	NaN	0.18650159744408945	NaN	NaN	NaN	NaN	0.8921725239616614	NaN	NaN	NaN	NaN	NaN	0.09345047923322684	NaN	NaN	NaN	NaN	NaN	NaN	NaN	NaN	0.2292332268370607	NaN	NaN	NaN	0.643370607028754	NaN	0.707667731629393	NaN	NaN	NaN	NaN	0.3686102236421725	NaN	NaN	NaN	NaN	NaN	NaN	NaN	0.36142172523961663	NaN	NaN	NaN
ENSG00000057593	F7	0.33666134185303515	NaN	NaN	0.039536741214057515	NaN	0.2496006389776358	0.28873801916932906	NaN	NaN	0.9105431309904152	NaN	NaN	NaN	NaN	0.956070287539936	NaN	0.7092651757188498	NaN	0.4612619808306709	NaN	NaN	NaN	0.2268370607028754	0.014376996805111819	NaN	0.3478434504792332	NaN	0.26956869009584666	0.01597444089456869	NaN	0.010782747603833864	NaN	NaN	NaN	NaN	NaN	0.8410543130990416	NaN	NaN	NaN	NaN	NaN	NaN	NaN
ENSG00000164687	FABP5	NaN	NaN	NaN	NaN	NaN	0.5107827476038339	NaN	NaN	NaN	NaN	NaN	NaN	NaN	NaN	NaN	NaN	NaN	NaN	NaN	NaN	NaN	NaN	NaN	NaN	NaN	NaN	NaN	0.9285143769968052	NaN	NaN	NaN	NaN	NaN	NaN	NaN	NaN	0.7200479233226837	NaN	NaN	0.8438498402555911	NaN	NaN	0.6972843450479234	0.22284345047923326
ENSG00000198643	FAM3D	0.9792332268370608	NaN	NaN	NaN	NaN	NaN	NaN	NaN	0.12579872204472844	NaN	0.30670926517571884	NaN	NaN	NaN	NaN	NaN	NaN	NaN	NaN	NaN	NaN	0.08186900958466453	NaN	NaN	NaN	NaN	NaN	NaN	NaN	NaN	NaN	NaN	NaN	NaN	NaN	NaN	NaN	0.7503993610223643	NaN	0.14696485623003194	NaN	NaN	NaN	0.04952076677316294
ENSG00000161040	FBXL13	0.7416134185303515	NaN	NaN	NaN	NaN	NaN	NaN	NaN	NaN	NaN	NaN	NaN	NaN	NaN	NaN	NaN	0.005990415335463258	NaN	0.20766773162939295	NaN	0.2627795527156549	NaN	NaN	NaN	NaN	NaN	NaN	NaN	NaN	NaN	NaN	NaN	NaN	0.2432108626198083	NaN	NaN	NaN	NaN	NaN	NaN	NaN	NaN	NaN	0.38059105431309903
ENSG00000005812	FBXL3	0.0019968051118210857	NaN	NaN	NaN	NaN	0.12300319488817893	NaN	NaN	NaN	NaN	NaN	NaN	0.017172523961661343	NaN	NaN	0.13099041533546327	NaN	NaN	0.6421725239616614	NaN	NaN	NaN	NaN	NaN	NaN	NaN	NaN	NaN	NaN	NaN	0.4005591054313099	NaN	NaN	0.8166932907348243	NaN	0.825479233226837	0.9205271565495208	NaN	NaN	NaN	NaN	NaN	NaN	NaN
ENSG00000072803	FBXW11	NaN	NaN	NaN	0.21485623003194887	NaN	NaN	NaN	NaN	NaN	NaN	NaN	NaN	NaN	NaN	NaN	0.6094249201277955	NaN	NaN	NaN	NaN	NaN	NaN	NaN	NaN	NaN	0.8825878594249201	NaN	NaN	NaN	0.009185303514376995	NaN	NaN	NaN	NaN	NaN	NaN	NaN	0.015575079872204472	NaN	NaN	NaN	NaN	NaN	NaN
ENSG00000163497	FEV	NaN	NaN	NaN	NaN	NaN	NaN	NaN	NaN	NaN	NaN	NaN	NaN	NaN	NaN	NaN	NaN	NaN	NaN	NaN	NaN	0.6589456869009584	0.14017571884984026	NaN	NaN	NaN	NaN	NaN	NaN	NaN	NaN	NaN	NaN	NaN	NaN	NaN	NaN	NaN	NaN	NaN	NaN	NaN	NaN	NaN	NaN
ENSG00000125798	FOXA2	NaN	0.3801916932907348	NaN	NaN	NaN	NaN	NaN	NaN	NaN	NaN	NaN	NaN	NaN	NaN	NaN	NaN	NaN	NaN	NaN	NaN	NaN	NaN	NaN	NaN	NaN	NaN	NaN	NaN	NaN	NaN	NaN	NaN	NaN	NaN	NaN	NaN	NaN	0.09984025559105432	NaN	NaN	NaN	NaN	NaN	NaN
ENSG00000204681	GABBR1	0.3262779552715655	NaN	0.9584664536741214	NaN	NaN	1.0	NaN	1.0	NaN	NaN	NaN	1.0	NaN	NaN	NaN	NaN	NaN	NaN	NaN	0.7416134185303515	NaN	NaN	NaN	NaN	NaN	NaN	NaN	0.4001597444089457	NaN	NaN	NaN	NaN	NaN	NaN	NaN	NaN	0.018370607028753996	NaN	0.16773162939297126	NaN	0.9968051118210862	NaN	NaN	0.07707667731629393
ENSG00000022355	GABRA1	NaN	NaN	NaN	NaN	NaN	NaN	0.07947284345047924	NaN	NaN	NaN	NaN	NaN	NaN	NaN	0.041533546325878586	NaN	0.2703674121405751	NaN	NaN	NaN	NaN	NaN	NaN	NaN	NaN	NaN	NaN	NaN	0.00559105431309904	NaN	0.4516773162939297	NaN	NaN	NaN	NaN	NaN	NaN	NaN	NaN	NaN	NaN	NaN	NaN	NaN
ENSG00000179348	GATA2	NaN	NaN	0.7971246006389776	0.08945686900958466	NaN	1.0	NaN	NaN	NaN	NaN	NaN	NaN	NaN	NaN	NaN	NaN	NaN	NaN	NaN	NaN	NaN	NaN	NaN	NaN	NaN	NaN	NaN	NaN	NaN	NaN	NaN	0.286741214057508	NaN	NaN	NaN	NaN	NaN	NaN	NaN	NaN	NaN	NaN	NaN	NaN
ENSG00000107485	GATA3	NaN	NaN	NaN	NaN	NaN	NaN	NaN	0.07108626198083066	0.4444888178913738	NaN	1.0	1.0	NaN	NaN	NaN	0.6904952076677316	NaN	0.3262779552715655	NaN	NaN	NaN	NaN	NaN	NaN	NaN	NaN	NaN	0.0	NaN	NaN	NaN	0.00878594249201278	NaN	NaN	NaN	NaN	0.4241214057507987	0.02755591054313099	NaN	NaN	NaN	NaN	NaN	NaN
ENSG00000198380	GFPT1	0.9177316293929711	NaN	NaN	0.09384984025559104	0.039936102236421724	0.097444089456869	NaN	NaN	0.3294728434504792	NaN	NaN	NaN	0.7927316293929713	0.7583865814696485	NaN	0.5539137380191693	NaN	NaN	NaN	NaN	1.0	NaN	NaN	NaN	NaN	0.2296325878594249	NaN	NaN	NaN	NaN	NaN	0.3310702875399361	NaN	NaN	NaN	NaN	0.15774760383386582	1.0	0.1154153354632588	NaN	0.03554313099041533	NaN	NaN	0.11940894568690096
ENSG00000118702	GHRH	NaN	NaN	NaN	NaN	NaN	NaN	0.5339456869009584	NaN	NaN	NaN	NaN	NaN	NaN	NaN	NaN	NaN	NaN	NaN	NaN	NaN	NaN	NaN	NaN	NaN	NaN	NaN	NaN	NaN	NaN	NaN	NaN	NaN	NaN	NaN	NaN	NaN	NaN	NaN	NaN	NaN	NaN	NaN	NaN	NaN
ENSG00000157017	GHRL	NaN	0.10902555910543132	NaN	NaN	NaN	0.9037539936102236	NaN	NaN	0.8634185303514377	0.07907348242811503	NaN	NaN	0.15894568690095848	0.8063099041533547	NaN	0.38937699680511184	0.28594249201277955	NaN	0.2755591054313099	NaN	NaN	NaN	NaN	NaN	NaN	NaN	NaN	NaN	0.05151757188498403	NaN	NaN	NaN	0.3610223642172524	NaN	NaN	0.3554313099041533	0.00439297124600639	0.4584664536741214	NaN	NaN	NaN	NaN	NaN	NaN
ENSG00000088256	GNA11	NaN	0.05710862619808306	NaN	NaN	NaN	NaN	1.0	NaN	NaN	0.26517571884984026	NaN	NaN	NaN	0.00559105431309904	NaN	1.0	0.7643769968051118	NaN	0.6010383386581469	NaN	NaN	NaN	NaN	NaN	0.14496805111821087	NaN	NaN	0.3889776357827476	NaN	0.1988817891373802	NaN	NaN	NaN	NaN	0.4856230031948882	NaN	NaN	0.301517571884984	0.3498402555910543	NaN	1.0	NaN	NaN	1.0
ENSG00000114353	GNAI2	NaN	NaN	NaN	NaN	NaN	NaN	NaN	NaN	NaN	NaN	NaN	NaN	NaN	NaN	NaN	NaN	NaN	NaN	NaN	NaN	NaN	NaN	NaN	NaN	NaN	1.0	NaN	NaN	NaN	NaN	NaN	NaN	NaN	NaN	NaN	NaN	NaN	NaN	NaN	NaN	NaN	NaN	NaN	1.0
ENSG00000156052	GNAQ	0.5555111821086262	0.2967252396166134	NaN	NaN	NaN	NaN	NaN	0.5391373801916933	0.9432907348242812	NaN	NaN	NaN	NaN	NaN	NaN	NaN	NaN	0.7224440894568691	0.4784345047923323	0.8390575079872205	NaN	NaN	NaN	NaN	NaN	NaN	NaN	0.880591054313099	NaN	NaN	NaN	NaN	NaN	1.0	NaN	1.0	0.398961661341853	NaN	NaN	NaN	NaN	NaN	NaN	0.5415335463258786
ENSG00000167191	GPRC5B	0.6381789137380192	NaN	NaN	NaN	NaN	NaN	NaN	NaN	0.7072683706070287	NaN	NaN	0.2627795527156549	NaN	NaN	NaN	NaN	NaN	NaN	NaN	NaN	NaN	NaN	NaN	NaN	NaN	NaN	NaN	0.24440894568690094	NaN	NaN	0.9676517571884984	NaN	NaN	NaN	NaN	NaN	NaN	1.0	0.3518370607028754	NaN	NaN	NaN	NaN	NaN
ENSG00000106070	GRB10	NaN	NaN	NaN	NaN	NaN	NaN	NaN	NaN	NaN	NaN	NaN	NaN	NaN	NaN	NaN	NaN	NaN	NaN	NaN	NaN	NaN	NaN	NaN	NaN	NaN	NaN	NaN	NaN	NaN	NaN	NaN	NaN	NaN	0.02795527156549521	NaN	0.3965654952076677	NaN	0.8087060702875399	NaN	NaN	NaN	NaN	NaN	0.001597444089456869
ENSG00000082701	GSK3B	0.1809105431309904	0.3726038338658147	0.10742811501597443	0.915335463258786	NaN	NaN	NaN	NaN	0.8170926517571885	NaN	0.825479233226837	0.8901757188498403	0.3757987220447284	0.8542332268370607	NaN	0.3518370607028754	NaN	NaN	NaN	0.4744408945686901	1.0	0.2044728434504792	NaN	NaN	NaN	0.6301916932907349	NaN	0.16533546325878595	NaN	NaN	NaN	NaN	0.8522364217252396	NaN	0.9017571884984026	NaN	0.9141373801916932	0.36661341853035145	NaN	NaN	0.301517571884984	NaN	0.7759584664536742	NaN
ENSG00000101336	HCK	NaN	NaN	NaN	NaN	0.6972843450479234	NaN	NaN	NaN	NaN	NaN	NaN	NaN	0.21365814696485624	NaN	NaN	NaN	NaN	NaN	NaN	NaN	NaN	0.7895367412140575	NaN	NaN	NaN	NaN	1.0	NaN	NaN	NaN	NaN	NaN	NaN	NaN	NaN	NaN	0.4736421725239617	NaN	NaN	0.6481629392971247	NaN	NaN	NaN	0.25918530351437696
ENSG00000137252	HCRTR2	NaN	NaN	NaN	NaN	NaN	NaN	NaN	NaN	NaN	NaN	NaN	NaN	NaN	NaN	NaN	NaN	NaN	NaN	NaN	NaN	NaN	NaN	NaN	NaN	NaN	NaN	NaN	NaN	NaN	NaN	0.19369009584664534	NaN	NaN	NaN	NaN	0.9460862619808308	NaN	NaN	NaN	NaN	NaN	NaN	NaN	NaN
ENSG00000116478	HDAC1	NaN	NaN	NaN	0.6649361022364217	NaN	NaN	NaN	NaN	NaN	0.14217252396166133	NaN	NaN	NaN	NaN	NaN	0.02675718849840256	NaN	NaN	NaN	NaN	NaN	NaN	NaN	1.0	NaN	NaN	NaN	NaN	0.6333865814696485	NaN	NaN	NaN	NaN	NaN	NaN	NaN	0.0115814696485623	NaN	NaN	NaN	NaN	NaN	NaN	NaN
ENSG00000196591	HDAC2	NaN	NaN	NaN	NaN	NaN	NaN	NaN	NaN	0.028354632587859425	NaN	NaN	NaN	NaN	NaN	NaN	NaN	NaN	NaN	NaN	NaN	NaN	0.6042332268370607	0.7460063897763578	0.549520766773163	NaN	0.051118210862619806	NaN	NaN	NaN	0.18170926517571884	NaN	NaN	NaN	NaN	0.009584664536741214	NaN	NaN	NaN	NaN	NaN	NaN	NaN	0.6741214057507987	NaN
ENSG00000171720	HDAC3	NaN	NaN	0.4628594249201278	NaN	NaN	0.463258785942492	NaN	NaN	NaN	NaN	NaN	NaN	0.6134185303514377	1.0	NaN	NaN	NaN	NaN	NaN	0.4257188498402556	NaN	NaN	NaN	NaN	NaN	NaN	NaN	NaN	NaN	NaN	NaN	NaN	NaN	NaN	NaN	NaN	NaN	NaN	NaN	NaN	NaN	NaN	NaN	0.0742811501597444
ENSG00000013583	HEBP1	NaN	0.5399361022364217	NaN	0.78314696485623	0.5662939297124601	NaN	NaN	NaN	NaN	0.19968051118210864	NaN	NaN	NaN	NaN	0.31070287539936103	0.3162939297124601	NaN	0.7763578274760383	NaN	NaN	NaN	NaN	NaN	NaN	NaN	NaN	NaN	NaN	NaN	NaN	0.5970447284345048	NaN	NaN	0.7128594249201278	NaN	NaN	0.7284345047923323	NaN	0.8833865814696485	NaN	0.9708466453674122	NaN	NaN	0.3710063897763578
ENSG00000138668	HNRNPD	NaN	NaN	0.9832268370607028	NaN	NaN	NaN	NaN	NaN	NaN	NaN	NaN	0.4880191693290735	NaN	NaN	NaN	NaN	NaN	NaN	NaN	NaN	NaN	NaN	NaN	NaN	1.0	NaN	NaN	NaN	NaN	NaN	NaN	NaN	NaN	NaN	NaN	NaN	1.0	NaN	NaN	NaN	NaN	NaN	NaN	NaN
ENSG00000153187	HNRNPU	NaN	0.04752396166134185	NaN	NaN	NaN	NaN	NaN	NaN	1.0	0.15215654952076674	0.06789137380191693	NaN	NaN	NaN	NaN	NaN	NaN	NaN	NaN	NaN	0.04792332268370607	NaN	NaN	NaN	NaN	NaN	NaN	NaN	1.0	NaN	NaN	0.028753993610223638	NaN	NaN	0.2935303514376997	0.5603035143769968	1.0	NaN	NaN	NaN	NaN	NaN	0.7420127795527156	0.12939297124600638
ENSG00000122254	HS3ST2	NaN	NaN	NaN	NaN	NaN	NaN	NaN	NaN	NaN	NaN	NaN	NaN	NaN	NaN	NaN	NaN	1.0	NaN	NaN	NaN	NaN	NaN	NaN	NaN	NaN	NaN	NaN	NaN	NaN	0.25998402555910544	NaN	NaN	NaN	NaN	NaN	NaN	NaN	NaN	NaN	NaN	NaN	NaN	NaN	NaN
ENSG00000178394	HTR1A	NaN	NaN	NaN	NaN	NaN	NaN	NaN	NaN	NaN	NaN	NaN	NaN	NaN	NaN	NaN	NaN	NaN	NaN	NaN	NaN	NaN	NaN	0.05990415335463259	NaN	NaN	NaN	NaN	NaN	NaN	NaN	NaN	NaN	NaN	NaN	NaN	NaN	NaN	NaN	NaN	NaN	NaN	NaN	NaN	NaN
ENSG00000135312	HTR1B	NaN	NaN	NaN	0.02675718849840256	0.4704472843450479	NaN	NaN	NaN	NaN	NaN	NaN	0.7863418530351438	NaN	0.9404952076677316	NaN	0.3055111821086262	0.12460063897763578	NaN	NaN	NaN	NaN	NaN	NaN	NaN	NaN	NaN	NaN	NaN	NaN	NaN	NaN	NaN	NaN	NaN	NaN	NaN	NaN	0.4476837060702875	NaN	NaN	NaN	NaN	NaN	NaN
ENSG00000179546	HTR1D	NaN	NaN	NaN	NaN	NaN	NaN	NaN	NaN	NaN	NaN	NaN	NaN	NaN	NaN	0.4065495207667731	0.3738019169329074	NaN	NaN	NaN	NaN	0.5283546325878594	NaN	0.31150159744408945	NaN	NaN	NaN	NaN	NaN	0.4684504792332269	0.805111821086262	NaN	NaN	NaN	NaN	NaN	NaN	NaN	NaN	NaN	NaN	0.6609424920127795	NaN	NaN	NaN
ENSG00000102468	HTR2A	0.8514376996805112	0.8522364217252396	NaN	0.5099840255591054	NaN	0.38857827476038337	NaN	NaN	0.9836261980830672	NaN	NaN	0.12460063897763578	0.21725239616613415	NaN	NaN	NaN	NaN	NaN	NaN	NaN	NaN	0.05071884984025559	NaN	NaN	NaN	0.5902555910543131	NaN	0.9165335463258786	NaN	NaN	NaN	NaN	NaN	NaN	NaN	0.4544728434504792	0.22124600638977635	NaN	NaN	NaN	0.21405750798722045	NaN	NaN	NaN
ENSG00000148680	HTR7	0.6876996805111821	NaN	NaN	1.0	NaN	NaN	NaN	NaN	NaN	NaN	NaN	NaN	1.0	NaN	NaN	NaN	NaN	NaN	1.0	NaN	NaN	0.8126996805111821	NaN	NaN	NaN	NaN	NaN	0.5447284345047924	NaN	0.008386581469648562	NaN	NaN	NaN	0.04313099041533546	NaN	NaN	0.2679712460063898	0.5283546325878594	0.7883386581469649	NaN	NaN	NaN	NaN	NaN
ENSG00000115738	ID2	NaN	NaN	NaN	NaN	NaN	NaN	NaN	NaN	NaN	NaN	NaN	0.4644568690095847	NaN	0.575479233226837	NaN	NaN	NaN	NaN	NaN	NaN	NaN	NaN	NaN	NaN	NaN	0.0003993610223642173	NaN	NaN	NaN	1.0	NaN	NaN	NaN	NaN	NaN	1.0	NaN	1.0	NaN	NaN	NaN	NaN	NaN	0.5714856230031949
ENSG00000117318	ID3	NaN	NaN	NaN	NaN	0.07787539936102236	0.5087859424920128	NaN	NaN	NaN	0.4568690095846645	0.4624600638977636	1.0	NaN	NaN	NaN	NaN	NaN	NaN	NaN	NaN	NaN	NaN	NaN	NaN	0.0	0.8390575079872205	NaN	NaN	NaN	NaN	0.5103833865814696	NaN	1.0	NaN	1.0	NaN	NaN	0.7120607028753994	NaN	NaN	NaN	NaN	NaN	NaN
ENSG00000172201	ID4	0.001597444089456869	0.2939297124600639	NaN	NaN	0.21805111821086265	NaN	NaN	NaN	0.31429712460063897	0.39456869009584666	NaN	NaN	0.7136581469648562	NaN	NaN	0.06988817891373802	NaN	NaN	NaN	NaN	NaN	NaN	NaN	NaN	0.619408945686901	NaN	NaN	NaN	NaN	NaN	NaN	1.0	NaN	1.0	NaN	NaN	0.2452076677316294	NaN	NaN	NaN	NaN	NaN	NaN	NaN
ENSG00000173404	INSM1	NaN	NaN	NaN	NaN	0.06309904153354633	NaN	NaN	NaN	NaN	NaN	NaN	NaN	NaN	NaN	NaN	NaN	NaN	NaN	NaN	NaN	NaN	NaN	NaN	NaN	NaN	NaN	NaN	0.5686900958466453	0.31429712460063897	NaN	NaN	NaN	NaN	NaN	NaN	NaN	NaN	NaN	NaN	NaN	NaN	NaN	NaN	NaN
ENSG00000101230	ISM1	NaN	NaN	0.8578274760383386	NaN	NaN	NaN	NaN	NaN	NaN	NaN	0.7152555910543131	0.2515974440894569	1.0	0.9369009584664536	1.0	NaN	NaN	NaN	0.2456070287539936	NaN	NaN	NaN	NaN	NaN	NaN	NaN	NaN	NaN	NaN	NaN	NaN	NaN	NaN	NaN	NaN	0.3889776357827476	NaN	NaN	NaN	NaN	NaN	NaN	0.12300319488817893	0.8757987220447284
ENSG00000143772	ITPKB	0.7915335463258786	0.0003993610223642173	NaN	NaN	NaN	NaN	NaN	NaN	NaN	NaN	0.9952076677316294	NaN	0.8773961661341853	NaN	NaN	NaN	NaN	NaN	NaN	NaN	NaN	NaN	NaN	0.2727635782747604	NaN	0.4672523961661342	NaN	0.004792332268370607	NaN	1.0	NaN	0.4880191693290735	NaN	NaN	NaN	NaN	NaN	NaN	NaN	NaN	NaN	NaN	NaN	0.5686900958466453
ENSG00000177606	JUN	NaN	NaN	0.00878594249201278	NaN	NaN	NaN	NaN	NaN	NaN	NaN	NaN	1.0	NaN	NaN	NaN	NaN	NaN	NaN	NaN	NaN	NaN	NaN	NaN	NaN	NaN	NaN	NaN	NaN	NaN	NaN	NaN	NaN	NaN	NaN	NaN	NaN	NaN	NaN	0.2028753993610224	NaN	NaN	NaN	NaN	0.4560702875399361
ENSG00000130522	JUND	NaN	1.0	NaN	0.11741214057507987	NaN	NaN	NaN	NaN	0.4888178913738019	0.25878594249201275	NaN	0.5786741214057508	NaN	0.6166134185303515	0.8031150159744409	0.7116613418530351	0.039536741214057515	1.0	0.301517571884984	NaN	NaN	0.5491214057507987	0.27915335463258784	NaN	NaN	NaN	NaN	0.06509584664536741	0.3670127795527157	NaN	0.3813897763578275	NaN	NaN	0.14177316293929712	NaN	NaN	0.3206869009584665	0.4768370607028754	NaN	NaN	NaN	NaN	NaN	0.5986421725239617
ENSG00000107104	KANK1	NaN	0.03274760383386582	NaN	NaN	NaN	NaN	NaN	NaN	0.5135782747603834	NaN	NaN	0.7452076677316294	NaN	0.8510383386581469	NaN	0.3726038338658147	NaN	NaN	NaN	NaN	NaN	0.6665335463258786	NaN	NaN	NaN	0.5303514376996805	NaN	NaN	NaN	NaN	0.6501597444089456	NaN	1.0	NaN	0.5730830670926518	0.3598242811501597	1.0	NaN	NaN	NaN	NaN	NaN	NaN	0.0
ENSG00000184408	KCND2	NaN	1.0	0.2563897763578275	NaN	NaN	NaN	NaN	NaN	NaN	NaN	NaN	NaN	NaN	NaN	NaN	0.6509584664536742	NaN	NaN	NaN	NaN	NaN	NaN	NaN	NaN	NaN	NaN	NaN	NaN	NaN	NaN	NaN	NaN	NaN	NaN	NaN	NaN	NaN	0.2827476038338658	NaN	NaN	NaN	NaN	NaN	NaN
ENSG00000055118	KCNH2	NaN	NaN	NaN	NaN	0.6685303514376997	NaN	NaN	NaN	0.8722044728434505	0.1665335463258786	NaN	NaN	0.5567092651757188	NaN	NaN	0.7819488817891374	0.012380191693290734	NaN	0.8478434504792333	NaN	NaN	NaN	NaN	NaN	NaN	NaN	NaN	NaN	NaN	NaN	NaN	NaN	NaN	NaN	NaN	NaN	NaN	0.16613418530351434	NaN	NaN	NaN	NaN	NaN	NaN
ENSG00000184611	KCNH7	NaN	NaN	NaN	NaN	NaN	NaN	NaN	NaN	NaN	NaN	NaN	NaN	NaN	NaN	NaN	NaN	0.12619808306709265	NaN	0.5834664536741214	NaN	NaN	NaN	NaN	NaN	NaN	NaN	NaN	NaN	NaN	NaN	NaN	NaN	NaN	NaN	NaN	NaN	NaN	NaN	NaN	NaN	NaN	NaN	NaN	NaN
ENSG00000082482	KCNK2	NaN	0.10063897763578276	NaN	0.2571884984025559	NaN	NaN	NaN	NaN	NaN	NaN	NaN	NaN	NaN	0.2927316293929713	NaN	NaN	NaN	NaN	NaN	NaN	NaN	NaN	NaN	0.7420127795527156	NaN	NaN	NaN	NaN	NaN	NaN	NaN	NaN	NaN	NaN	NaN	NaN	NaN	0.3506389776357827	NaN	NaN	NaN	NaN	NaN	NaN
ENSG00000171303	KCNK3	NaN	NaN	NaN	NaN	0.3270766773162939	NaN	NaN	NaN	NaN	1.0	NaN	NaN	0.0738817891373802	NaN	0.1573482428115016	0.35782747603833864	NaN	NaN	0.17052715654952078	NaN	NaN	NaN	NaN	NaN	NaN	NaN	NaN	NaN	0.9604632587859424	NaN	NaN	NaN	NaN	0.9384984025559104	NaN	NaN	NaN	NaN	NaN	NaN	NaN	NaN	NaN	NaN
ENSG00000143603	KCNN3	0.6737220447284346	0.2611821086261981	NaN	NaN	0.6126198083067093	NaN	NaN	NaN	NaN	NaN	NaN	0.0922523961661342	0.5547124600638977	NaN	NaN	0.9868210862619808	NaN	1.0	NaN	0.13338658146964855	NaN	0.02036741214057508	NaN	NaN	NaN	NaN	NaN	NaN	NaN	NaN	NaN	NaN	NaN	NaN	NaN	0.7915335463258786	NaN	0.013178913738019169	NaN	NaN	NaN	NaN	NaN	NaN
ENSG00000073614	KDM5A	NaN	NaN	0.17691693290734825	0.301517571884984	NaN	NaN	NaN	NaN	NaN	NaN	NaN	NaN	0.05431309904153354	NaN	NaN	NaN	NaN	NaN	NaN	NaN	0.512779552715655	NaN	NaN	NaN	NaN	NaN	NaN	NaN	NaN	0.09305111821086262	NaN	NaN	NaN	NaN	0.28394568690095845	NaN	NaN	NaN	NaN	NaN	NaN	0.5071884984025559	NaN	0.1940894568690096
ENSG00000155090	KLF10	NaN	NaN	NaN	0.5415335463258786	NaN	NaN	0.11222044728434503	0.08985623003194887	NaN	NaN	NaN	NaN	NaN	0.3011182108626198	NaN	0.0011980830670926515	NaN	NaN	NaN	NaN	NaN	0.02715654952076677	NaN	NaN	NaN	0.33905750798722045	NaN	NaN	NaN	NaN	NaN	NaN	NaN	NaN	NaN	0.6361821086261981	NaN	0.3797923322683706	NaN	NaN	NaN	NaN	0.8342651757188498	NaN
ENSG00000119138	KLF9	0.1501597444089457	NaN	0.3905750798722045	NaN	NaN	NaN	NaN	NaN	NaN	NaN	NaN	NaN	NaN	0.3757987220447284	0.9201277955271564	NaN	NaN	NaN	NaN	0.23522364217252395	NaN	NaN	NaN	NaN	NaN	NaN	NaN	NaN	NaN	NaN	NaN	NaN	NaN	NaN	0.8546325878594251	NaN	0.7943290734824281	0.4365015974440895	NaN	NaN	NaN	NaN	0.14896166134185304	0.34145367412140576
ENSG00000119771	KLHL29	NaN	0.957667731629393	NaN	NaN	NaN	NaN	NaN	NaN	0.8961661341853036	NaN	NaN	0.6006389776357828	0.6753194888178914	NaN	NaN	NaN	NaN	0.6218051118210862	NaN	0.8067092651757188	0.26437699680511184	NaN	NaN	NaN	NaN	NaN	NaN	0.9420926517571884	NaN	NaN	NaN	0.20886581469648566	NaN	NaN	0.1665335463258786	0.4456869009584665	NaN	NaN	NaN	NaN	0.8031150159744409	NaN	NaN	NaN
ENSG00000118058	KMT2A	NaN	NaN	1.0	NaN	NaN	0.7452076677316294	NaN	NaN	NaN	NaN	NaN	NaN	NaN	NaN	NaN	NaN	NaN	NaN	NaN	NaN	NaN	0.582667731629393	NaN	NaN	NaN	NaN	NaN	NaN	0.1597444089456869	NaN	NaN	NaN	0.7579872204472844	0.05271565495207668	NaN	NaN	NaN	NaN	NaN	NaN	NaN	NaN	NaN	NaN
ENSG00000174697	LEP	NaN	NaN	NaN	NaN	NaN	NaN	NaN	NaN	NaN	NaN	NaN	NaN	NaN	NaN	NaN	0.2340255591054313	NaN	NaN	NaN	NaN	NaN	NaN	NaN	NaN	NaN	1.0	NaN	NaN	NaN	NaN	NaN	NaN	NaN	NaN	NaN	NaN	0.5579073482428115	NaN	NaN	NaN	NaN	0.09784345047923322	NaN	NaN
ENSG00000205213	LGR4	NaN	NaN	NaN	NaN	NaN	NaN	NaN	1.0	NaN	NaN	NaN	NaN	0.4988019169329074	NaN	0.14456869009584666	1.0	NaN	NaN	NaN	NaN	NaN	NaN	NaN	NaN	NaN	NaN	1.0	NaN	NaN	NaN	NaN	NaN	NaN	NaN	NaN	0.9233226837060704	0.33027156549520764	NaN	NaN	NaN	1.0	NaN	0.6273961661341853	0.3977635782747604
ENSG00000136944	LMX1B	0.6956869009584664	NaN	NaN	NaN	NaN	NaN	NaN	NaN	NaN	NaN	NaN	NaN	0.5535143769968051	NaN	NaN	0.6497603833865815	NaN	NaN	NaN	NaN	NaN	NaN	NaN	NaN	NaN	0.09345047923322684	NaN	NaN	NaN	NaN	NaN	NaN	NaN	NaN	NaN	NaN	NaN	0.887779552715655	NaN	NaN	NaN	NaN	NaN	NaN
ENSG00000138095	LRPPRC	0.8234824281150159	0.8626198083067093	NaN	0.8378594249201278	NaN	0.2955271565495208	0.1625399361022364	0.11301916932907348	0.5666932907348243	NaN	NaN	0.0439297124600639	0.8035143769968051	0.8977635782747604	0.6869009584664537	0.8027156549520766	0.8865814696485623	0.795926517571885	0.4856230031948882	0.6317891373801917	0.9492811501597443	NaN	0.985223642172524	0.019169329073482427	0.4752396166134185	0.8989616613418531	0.3534345047923323	0.14496805111821087	0.5155750798722045	NaN	0.9325079872204473	0.23682108626198084	0.3542332268370607	0.09904153354632587	0.652555910543131	0.8801916932907349	0.4189297124600639	0.3146964856230032	0.3757987220447284	0.8726038338658147	0.43370607028754	NaN	NaN	0.007987220447284345
ENSG00000172264	MACROD2	NaN	NaN	NaN	NaN	NaN	NaN	NaN	NaN	NaN	NaN	0.5115814696485623	0.8889776357827476	0.0	NaN	NaN	NaN	NaN	NaN	0.7787539936102237	NaN	NaN	NaN	NaN	NaN	NaN	NaN	NaN	0.2731629392971246	NaN	NaN	NaN	0.6162140575079872	0.003194888178913738	NaN	NaN	0.0023961661341853034	NaN	NaN	NaN	NaN	NaN	NaN	NaN	0.4900159744408946
ENSG00000254585	MAGEL2	NaN	NaN	NaN	NaN	NaN	NaN	NaN	NaN	NaN	NaN	NaN	NaN	NaN	NaN	0.3853833865814696	NaN	NaN	NaN	NaN	NaN	NaN	0.013178913738019169	NaN	NaN	NaN	NaN	NaN	NaN	NaN	NaN	NaN	NaN	NaN	NaN	NaN	NaN	0.0023961661341853034	NaN	NaN	NaN	NaN	NaN	NaN	NaN
ENSG00000109339	MAPK10	NaN	NaN	NaN	NaN	NaN	NaN	NaN	NaN	0.9788338658146964	NaN	NaN	0.4269169329073482	0.08386581469648563	0.84185303514377	0.9468849840255592	0.7927316293929713	NaN	NaN	NaN	NaN	NaN	NaN	NaN	NaN	NaN	NaN	NaN	NaN	0.7707667731629393	NaN	NaN	NaN	NaN	NaN	NaN	NaN	NaN	0.4648562300319489	0.8242811501597445	NaN	NaN	NaN	NaN	NaN
ENSG00000107643	MAPK8	0.4073482428115016	0.12140575079872205	NaN	0.4197284345047924	0.1761182108626198	NaN	NaN	NaN	0.2783546325878594	NaN	NaN	0.4121405750798722	NaN	NaN	NaN	0.887779552715655	0.21725239616613415	NaN	NaN	NaN	NaN	NaN	NaN	NaN	NaN	0.3079073482428115	NaN	0.31589456869009586	NaN	NaN	NaN	0.06749201277955273	NaN	NaN	0.007587859424920127	0.7400159744408946	NaN	0.4716453674121406	0.7308306709265175	NaN	0.7160543130990416	NaN	NaN	0.5035942492012779
ENSG00000050748	MAPK9	0.3981629392971246	NaN	0.1042332268370607	0.5431309904153354	NaN	NaN	NaN	NaN	0.4456869009584665	NaN	NaN	0.00559105431309904	0.7599840255591054	NaN	NaN	0.08586261980830671	0.0810702875399361	NaN	NaN	0.5131789137380192	NaN	NaN	NaN	NaN	NaN	0.797923322683706	NaN	0.23242811501597446	NaN	0.030351437699680513	NaN	NaN	0.7919329073482428	0.8099041533546326	NaN	0.5834664536741214	0.5547124600638977	0.4636581469648562	NaN	NaN	0.8781948881789138	NaN	NaN	0.5742811501597445
ENSG00000135272	MDFIC	0.15615015974440893	0.6246006389776357	1.0	NaN	NaN	NaN	NaN	NaN	NaN	NaN	NaN	0.5591054313099042	0.2084664536741214	NaN	NaN	0.0	NaN	NaN	NaN	0.20087859424920126	NaN	1.0	NaN	NaN	NaN	NaN	0.051118210862619806	NaN	NaN	NaN	NaN	NaN	0.4361022364217253	NaN	NaN	0.19728434504792333	0.7751597444089456	NaN	0.8302715654952076	0.4488817891373802	NaN	NaN	NaN	NaN
ENSG00000165819	METTL3	NaN	NaN	NaN	NaN	NaN	NaN	NaN	NaN	NaN	NaN	NaN	0.21206070287539933	0.825479233226837	NaN	NaN	NaN	NaN	NaN	NaN	0.32907348242811496	NaN	NaN	NaN	NaN	NaN	1.0	NaN	NaN	1.0	NaN	NaN	NaN	0.2364217252396166	NaN	NaN	NaN	0.5051916932907349	0.547923322683706	NaN	0.26717252396166136	NaN	NaN	NaN	NaN
ENSG00000182979	MTA1	NaN	NaN	NaN	NaN	NaN	NaN	0.7607827476038339	NaN	NaN	NaN	NaN	0.6637380191693291	NaN	NaN	NaN	NaN	NaN	NaN	NaN	NaN	NaN	NaN	NaN	0.8398562300319489	0.6317891373801917	NaN	NaN	1.0	NaN	NaN	NaN	NaN	NaN	NaN	NaN	0.04033546325878594	NaN	0.009185303514376995	NaN	0.4628594249201278	NaN	NaN	0.7779552715654952	NaN
ENSG00000168412	MTNR1A	NaN	NaN	NaN	NaN	NaN	NaN	NaN	NaN	NaN	NaN	NaN	NaN	NaN	NaN	NaN	NaN	0.10503194888178914	NaN	NaN	NaN	NaN	NaN	NaN	NaN	NaN	NaN	NaN	NaN	NaN	NaN	NaN	NaN	NaN	NaN	NaN	NaN	NaN	NaN	NaN	NaN	NaN	NaN	NaN	NaN
ENSG00000134640	MTNR1B	NaN	NaN	NaN	NaN	NaN	NaN	NaN	NaN	NaN	NaN	NaN	NaN	NaN	NaN	NaN	NaN	NaN	NaN	NaN	NaN	NaN	NaN	NaN	NaN	NaN	NaN	NaN	NaN	NaN	NaN	NaN	NaN	NaN	NaN	NaN	0.5323482428115016	NaN	NaN	NaN	NaN	NaN	NaN	NaN	NaN
ENSG00000138823	MTTP	NaN	NaN	NaN	0.00559105431309904	NaN	NaN	NaN	NaN	0.02156549520766773	NaN	NaN	NaN	0.03194888178913738	NaN	NaN	0.6837060702875399	NaN	NaN	NaN	NaN	NaN	NaN	NaN	NaN	NaN	NaN	NaN	NaN	NaN	NaN	NaN	NaN	NaN	NaN	0.5399361022364217	0.3710063897763578	NaN	NaN	NaN	NaN	NaN	NaN	NaN	NaN
ENSG00000213347	MXD3	0.18250798722044728	0.952076677316294	NaN	0.9656549520766772	0.7360223642172524	0.28354632587859424	NaN	0.09384984025559104	0.5758785942492013	NaN	NaN	0.6182108626198083	0.15894568690095848	0.3761980830670926	0.9600638977635784	0.4560702875399361	0.5435303514376997	NaN	0.2975239616613419	NaN	0.7096645367412141	NaN	NaN	0.12180511182108625	0.006389776357827476	0.19089456869009586	0.003194888178913738	0.3586261980830671	0.004792332268370607	0.71685303514377	NaN	NaN	0.6190095846645367	0.5415335463258786	NaN	NaN	NaN	0.9844249201277956	0.6409744408945687	0.8378594249201278	0.7635782747603834	NaN	0.4916134185303514	NaN
ENSG00000132382	MYBBP1A	0.3146964856230032	0.9349041533546326	NaN	0.7883386581469649	0.7236421725239617	0.7348242811501597	NaN	0.9133386581469648	0.21924920127795527	NaN	NaN	0.08586261980830671	0.2803514376996805	0.029153354632587863	NaN	NaN	NaN	0.8422523961661342	NaN	NaN	NaN	NaN	NaN	NaN	0.7839456869009584	NaN	NaN	NaN	NaN	NaN	NaN	NaN	NaN	0.4037539936102236	NaN	0.04033546325878594	0.4676517571884984	0.0	NaN	NaN	NaN	NaN	0.07667731629392971	NaN
ENSG00000005810	MYCBP2	0.5483226837060703	NaN	NaN	NaN	NaN	NaN	NaN	NaN	NaN	NaN	NaN	NaN	NaN	NaN	0.4620607028753994	0.5419329073482428	NaN	NaN	NaN	NaN	NaN	NaN	NaN	0.8726038338658147	NaN	0.4836261980830671	NaN	NaN	NaN	NaN	NaN	NaN	0.05431309904153354	NaN	NaN	NaN	0.3294728434504792	NaN	NaN	NaN	NaN	NaN	NaN	NaN
ENSG00000108784	NAGLU	0.9133386581469648	0.048722044728434506	0.11222044728434503	0.5507188498402555	NaN	0.7843450479233227	NaN	NaN	0.10063897763578276	0.0	NaN	0.35742811501597443	0.9584664536741214	NaN	NaN	0.9428913738019168	NaN	NaN	NaN	NaN	NaN	NaN	NaN	NaN	NaN	0.13538338658146964	NaN	0.6589456869009584	NaN	NaN	NaN	NaN	NaN	0.8230830670926518	NaN	0.0007987220447284345	0.07507987220447285	0.6649361022364217	NaN	NaN	NaN	NaN	NaN	0.2927316293929713
ENSG00000105835	NAMPT	NaN	NaN	NaN	NaN	0.09544728434504793	0.5311501597444089	NaN	0.4996006389776358	NaN	NaN	0.1509584664536741	NaN	1.0	NaN	NaN	NaN	NaN	0.4916134185303514	NaN	NaN	0.02795527156549521	NaN	NaN	NaN	NaN	NaN	NaN	NaN	0.8486421725239617	NaN	NaN	NaN	NaN	NaN	NaN	NaN	0.15455271565495207	NaN	NaN	NaN	0.2128594249201278	1.0	NaN	0.7563897763578274
ENSG00000140396	NCOA2	NaN	0.24680511182108625	NaN	NaN	NaN	NaN	0.005990415335463258	NaN	NaN	0.9544728434504792	NaN	NaN	NaN	NaN	NaN	NaN	NaN	NaN	NaN	NaN	0.5255591054313099	NaN	NaN	NaN	NaN	NaN	NaN	NaN	NaN	NaN	NaN	NaN	NaN	NaN	NaN	NaN	NaN	0.4516773162939297	NaN	NaN	NaN	NaN	NaN	0.7759584664536742
ENSG00000141027	NCOR1	NaN	0.5998402555910544	NaN	0.930111821086262	NaN	NaN	NaN	NaN	NaN	NaN	NaN	NaN	0.2583865814696485	NaN	NaN	0.9025559105431309	NaN	NaN	NaN	NaN	NaN	NaN	0.4864217252396166	NaN	NaN	0.0626996805111821	NaN	NaN	0.05071884984025559	NaN	NaN	0.8214856230031949	0.0011980830670926515	NaN	0.8099041533546326	0.6413738019169329	0.8610223642172524	0.8426517571884984	NaN	NaN	NaN	NaN	NaN	0.36062300319488816
ENSG00000165030	NFIL3	0.5155750798722045	NaN	NaN	NaN	0.9956070287539937	NaN	NaN	NaN	1.0	NaN	NaN	NaN	0.31110223642172524	NaN	NaN	NaN	NaN	NaN	NaN	NaN	NaN	NaN	NaN	0.6952875399361023	NaN	NaN	0.17212460063897764	NaN	NaN	NaN	NaN	0.5287539936102237	NaN	NaN	NaN	0.2639776357827476	0.16493610223642172	NaN	NaN	NaN	0.4057507987220447	NaN	NaN	0.3422523961661342
ENSG00000064300	NGFR	NaN	NaN	NaN	NaN	NaN	NaN	0.6876996805111821	NaN	0.5970447284345048	0.4700479233226837	NaN	NaN	0.9273162939297124	NaN	NaN	0.028753993610223638	NaN	1.0	NaN	NaN	NaN	NaN	NaN	NaN	NaN	0.4496805111821086	NaN	NaN	NaN	NaN	0.3929712460063898	NaN	NaN	NaN	NaN	NaN	NaN	0.04912140575079872	NaN	NaN	NaN	0.2615814696485623	NaN	NaN
ENSG00000136352	NKX2-1	NaN	NaN	NaN	NaN	NaN	NaN	0.4888178913738019	NaN	NaN	NaN	NaN	NaN	NaN	NaN	NaN	NaN	NaN	NaN	NaN	NaN	NaN	NaN	NaN	NaN	NaN	NaN	NaN	NaN	NaN	NaN	NaN	NaN	NaN	NaN	NaN	NaN	NaN	NaN	NaN	NaN	NaN	NaN	NaN	NaN
ENSG00000125820	NKX2-2	NaN	NaN	NaN	NaN	NaN	NaN	0.2727635782747604	NaN	NaN	NaN	NaN	NaN	NaN	NaN	NaN	NaN	NaN	NaN	0.4932108626198083	NaN	NaN	NaN	NaN	NaN	NaN	NaN	NaN	0.9920127795527156	NaN	NaN	NaN	NaN	NaN	NaN	NaN	NaN	NaN	NaN	NaN	NaN	NaN	NaN	NaN	NaN
ENSG00000169760	NLGN1	0.9792332268370608	NaN	NaN	NaN	NaN	NaN	NaN	0.5670926517571885	NaN	NaN	NaN	NaN	NaN	NaN	NaN	NaN	NaN	NaN	0.8067092651757188	NaN	NaN	NaN	NaN	NaN	NaN	NaN	NaN	NaN	0.07148562300319489	NaN	0.5003993610223643	NaN	NaN	NaN	NaN	NaN	NaN	0.001597444089456869	0.2755591054313099	NaN	NaN	NaN	NaN	NaN
ENSG00000151014	NOCT	NaN	NaN	NaN	NaN	NaN	NaN	NaN	NaN	NaN	0.3977635782747604	NaN	0.7384185303514377	NaN	NaN	NaN	NaN	NaN	NaN	NaN	NaN	NaN	0.11621405750798723	NaN	NaN	0.4129392971246007	NaN	NaN	NaN	NaN	NaN	NaN	NaN	NaN	0.5135782747603834	NaN	NaN	NaN	NaN	NaN	NaN	NaN	NaN	NaN	0.5998402555910544
ENSG00000007171	NOS2	0.36022364217252395	0.05391373801916933	0.3570287539936102	0.09305111821086262	0.3781948881789137	0.0878594249201278	0.4676517571884984	NaN	0.3370607028753993	NaN	0.09864217252396168	NaN	0.17092651757188498	0.672923322683706	0.07827476038338659	0.3027156549520767	0.12380191693290735	0.07787539936102236	0.07468051118210862	0.415335463258786	NaN	NaN	NaN	0.5623003194888179	0.2511980830670926	0.13258785942492013	0.3402555910543131	0.35303514376996803	0.09345047923322684	NaN	0.7927316293929713	0.5934504792332268	0.061501597444089465	0.7535942492012779	NaN	NaN	NaN	0.3686102236421725	0.8941693290734825	0.35822683706070285	NaN	NaN	0.4704472843450479	NaN
ENSG00000170485	NPAS2	NaN	NaN	NaN	NaN	NaN	NaN	NaN	NaN	1.0	NaN	0.4424920127795527	NaN	NaN	NaN	0.9800319488817892	NaN	NaN	NaN	NaN	0.930111821086262	NaN	NaN	0.008386581469648562	NaN	NaN	0.1154153354632588	0.6741214057507987	0.2496006389776358	NaN	NaN	NaN	NaN	0.579073482428115	NaN	NaN	0.01757188498402556	NaN	0.8985623003194888	NaN	NaN	NaN	NaN	NaN	0.0023961661341853034
ENSG00000185149	NPY2R	NaN	NaN	NaN	0.011980830670926515	NaN	NaN	NaN	NaN	NaN	NaN	0.34185303514377	NaN	0.08306709265175719	NaN	0.6206070287539937	NaN	NaN	NaN	1.0	NaN	0.9129392971246006	NaN	NaN	NaN	0.1273961661341853	1.0	NaN	NaN	NaN	NaN	0.8386581469648562	NaN	NaN	NaN	NaN	NaN	0.125	NaN	NaN	NaN	NaN	NaN	NaN	NaN
ENSG00000126368	NR1D1	0.0	0.15654952076677314	NaN	NaN	0.061102236421725235	NaN	NaN	NaN	NaN	NaN	NaN	NaN	1.0	NaN	NaN	NaN	NaN	NaN	NaN	NaN	NaN	0.5511182108626198	NaN	NaN	NaN	NaN	NaN	0.5243610223642172	NaN	NaN	NaN	NaN	NaN	NaN	NaN	NaN	0.20007987220447285	0.05071884984025559	NaN	NaN	NaN	NaN	NaN	NaN
ENSG00000174738	NR1D2	0.01876996805111821	NaN	NaN	0.13538338658146964	NaN	NaN	NaN	0.7344249201277955	NaN	NaN	NaN	NaN	0.9836261980830672	0.8893769968051118	NaN	NaN	NaN	NaN	NaN	1.0	NaN	NaN	NaN	NaN	NaN	NaN	1.0	NaN	NaN	NaN	NaN	NaN	NaN	NaN	NaN	NaN	NaN	NaN	NaN	NaN	NaN	NaN	0.22004792332268366	NaN
ENSG00000025434	NR1H3	0.23682108626198084	NaN	NaN	0.6569488817891374	NaN	NaN	NaN	NaN	0.6805111821086262	NaN	NaN	NaN	0.17292332268370608	NaN	NaN	0.4832268370607029	NaN	NaN	NaN	NaN	NaN	NaN	NaN	NaN	NaN	NaN	0.3494408945686901	1.0	NaN	0.0347444089456869	NaN	NaN	NaN	NaN	0.3498402555910543	0.6234025559105432	0.16972843450479233	1.0	NaN	NaN	NaN	NaN	NaN	0.8789936102236422
ENSG00000160113	NR2F6	NaN	0.039536741214057515	NaN	0.006789137380191693	NaN	NaN	NaN	NaN	NaN	NaN	NaN	0.009984025559105431	NaN	NaN	NaN	NaN	NaN	NaN	NaN	NaN	NaN	NaN	NaN	NaN	NaN	0.0	NaN	0.7743610223642172	NaN	0.6341853035143771	NaN	NaN	NaN	NaN	0.006389776357827476	NaN	1.0	0.8398562300319489	NaN	NaN	0.0035942492012779547	0.43490415335463256	NaN	0.7044728434504792
ENSG00000113580	NR3C1	NaN	0.7767571884984026	NaN	0.003194888178913738	NaN	NaN	NaN	0.8574281150159745	NaN	NaN	NaN	0.5595047923322684	NaN	0.22324281150159744	NaN	0.2935303514376997	NaN	0.8777955271565495	NaN	NaN	0.8594249201277955	NaN	NaN	1.0	NaN	0.04193290734824282	NaN	NaN	NaN	NaN	NaN	0.0626996805111821	NaN	NaN	0.2060702875399361	0.6749201277955271	0.4544728434504792	0.04273162939297125	NaN	NaN	NaN	NaN	NaN	NaN
ENSG00000180530	NRIP1	NaN	0.3166932907348243	NaN	NaN	NaN	0.6988817891373802	NaN	NaN	NaN	0.9392971246006391	NaN	NaN	NaN	NaN	NaN	NaN	NaN	NaN	NaN	NaN	NaN	NaN	NaN	NaN	NaN	NaN	NaN	NaN	NaN	NaN	NaN	NaN	NaN	NaN	NaN	NaN	0.2947284345047924	NaN	NaN	NaN	NaN	NaN	NaN	NaN
ENSG00000076685	NT5C2	1.0	0.6972843450479234	0.11661341853035145	0.7128594249201278	0.5003993610223643	NaN	NaN	NaN	0.9712460063897764	NaN	NaN	NaN	0.6114217252396166	0.21685303514377	NaN	NaN	0.8430511182108626	NaN	0.301517571884984	NaN	0.7412140575079872	0.24640575079872204	NaN	NaN	NaN	NaN	NaN	NaN	NaN	NaN	NaN	NaN	0.3765974440894569	NaN	NaN	0.9384984025559104	0.019568690095846646	NaN	NaN	NaN	NaN	0.002795527156549521	NaN	0.30990415335463256
ENSG00000065320	NTN1	NaN	0.03793929712460064	NaN	0.01876996805111821	NaN	0.9077476038338658	NaN	0.7947284345047924	NaN	NaN	NaN	0.2244408945686901	0.2819488817891374	NaN	NaN	NaN	NaN	NaN	NaN	0.2336261980830671	NaN	NaN	NaN	0.12380191693290735	NaN	NaN	NaN	NaN	NaN	NaN	NaN	NaN	NaN	NaN	NaN	0.4404952076677317	NaN	NaN	NaN	NaN	NaN	NaN	NaN	NaN
ENSG00000198400	NTRK1	NaN	NaN	NaN	NaN	NaN	NaN	NaN	NaN	NaN	NaN	NaN	NaN	NaN	NaN	NaN	NaN	NaN	NaN	NaN	NaN	NaN	NaN	NaN	NaN	NaN	NaN	NaN	0.5183706070287539	NaN	NaN	NaN	NaN	NaN	0.5966453674121406	NaN	NaN	NaN	NaN	NaN	NaN	NaN	NaN	NaN	NaN
ENSG00000140538	NTRK3	NaN	0.6277955271565495	0.4640575079872205	NaN	NaN	0.713258785942492	0.2767571884984025	NaN	0.7104632587859425	0.8989616613418531	NaN	NaN	NaN	1.0	NaN	0.18370607028753996	NaN	NaN	NaN	NaN	NaN	NaN	NaN	NaN	NaN	NaN	NaN	NaN	NaN	NaN	NaN	NaN	NaN	NaN	NaN	0.5175718849840255	NaN	NaN	0.20247603833865813	NaN	NaN	NaN	NaN	NaN
ENSG00000054277	OPN3	0.9804313099041534	0.28793929712460065	0.520367412140575	1.0	NaN	NaN	NaN	NaN	NaN	NaN	NaN	NaN	0.06230031948881789	0.4145367412140575	NaN	0.4013578274760383	NaN	NaN	NaN	0.3997603833865815	NaN	NaN	NaN	NaN	NaN	NaN	NaN	NaN	0.6253993610223643	NaN	NaN	NaN	1.0	NaN	0.4424920127795527	0.768370607028754	0.005990415335463258	0.07947284345047924	0.0810702875399361	NaN	NaN	NaN	NaN	0.33466453674121405
ENSG00000122375	OPN4	0.125	0.2272364217252396	0.9516773162939296	0.06389776357827476	NaN	NaN	0.28154952076677314	0.4065495207667731	NaN	NaN	NaN	NaN	0.17412140575079876	0.0555111821086262	0.7611821086261981	0.4033546325878594	NaN	NaN	NaN	1.0	0.8430511182108626	NaN	0.5283546325878594	NaN	0.7871405750798722	0.893370607028754	NaN	0.6829073482428115	0.99241214057508	NaN	0.6813099041533547	NaN	0.15774760383386582	0.4532747603833866	NaN	NaN	NaN	0.1389776357827476	0.31429712460063897	NaN	0.33785942492012777	0.08825878594249201	0.393370607028754	NaN
ENSG00000124818	OPN5	NaN	NaN	NaN	NaN	NaN	NaN	NaN	0.5271565495207667	NaN	NaN	NaN	NaN	NaN	NaN	NaN	NaN	NaN	NaN	NaN	NaN	NaN	NaN	NaN	NaN	NaN	NaN	NaN	NaN	NaN	NaN	NaN	NaN	NaN	NaN	NaN	NaN	NaN	NaN	NaN	NaN	NaN	NaN	NaN	NaN
ENSG00000125510	OPRL1	0.7088658146964856	0.2523961661341853	0.19369009584664534	0.8027156549520766	0.6753194888178914	0.40934504792332266	NaN	NaN	0.6765175718849841	NaN	NaN	NaN	0.7464057507987221	0.4053514376996805	NaN	0.5359424920127795	0.5099840255591054	NaN	NaN	0.5319488817891374	NaN	NaN	NaN	NaN	NaN	0.5575079872204473	0.007188498402555909	0.10782747603833866	NaN	NaN	NaN	NaN	0.5111821086261981	0.5662939297124601	NaN	NaN	0.2763578274760383	0.016773162939297124	NaN	NaN	0.5303514376996805	NaN	0.3478434504792332	0.7795527156549521
ENSG00000116005	PCYOX1	0.7891373801916933	NaN	NaN	0.2571884984025559	NaN	NaN	NaN	0.6010383386581469	0.05950479233226837	NaN	NaN	NaN	0.755591054313099	NaN	NaN	0.5471246006389776	NaN	NaN	1.0	NaN	NaN	0.7839456869009584	NaN	NaN	NaN	0.013578274760383386	NaN	NaN	NaN	NaN	NaN	NaN	NaN	NaN	0.606629392971246	NaN	NaN	0.4037539936102236	0.2448083067092652	NaN	0.4492811501597444	NaN	NaN	NaN
ENSG00000179094	PER1	NaN	NaN	NaN	0.5806709265175719	NaN	NaN	NaN	NaN	NaN	NaN	NaN	NaN	NaN	NaN	NaN	NaN	NaN	NaN	NaN	NaN	NaN	NaN	NaN	NaN	NaN	0.6058306709265175	NaN	0.8718051118210862	NaN	NaN	NaN	NaN	NaN	NaN	NaN	NaN	NaN	NaN	NaN	NaN	NaN	NaN	NaN	NaN
ENSG00000132326	PER2	NaN	NaN	NaN	NaN	NaN	NaN	NaN	NaN	NaN	NaN	NaN	NaN	NaN	0.5619009584664537	NaN	NaN	NaN	NaN	NaN	NaN	0.05191693290734824	NaN	NaN	NaN	NaN	NaN	NaN	NaN	NaN	0.8310702875399361	NaN	NaN	NaN	NaN	0.4293130990415335	0.0371405750798722	NaN	NaN	NaN	NaN	NaN	NaN	NaN	NaN
ENSG00000049246	PER3	0.6070287539936102	NaN	NaN	NaN	NaN	NaN	NaN	NaN	NaN	NaN	NaN	NaN	NaN	NaN	NaN	NaN	NaN	NaN	NaN	NaN	NaN	NaN	NaN	NaN	1.0	NaN	NaN	0.5626996805111821	NaN	NaN	NaN	NaN	NaN	NaN	NaN	NaN	NaN	NaN	NaN	NaN	NaN	NaN	NaN	0.7727635782747604
ENSG00000114268	PFKFB4	NaN	0.3047124600638977	NaN	NaN	NaN	NaN	NaN	NaN	NaN	0.3586261980830671	NaN	0.2268370607028754	NaN	NaN	NaN	0.21725239616613415	NaN	NaN	NaN	NaN	NaN	NaN	0.08067092651757188	NaN	NaN	0.12220447284345047	NaN	0.33586261980830673	NaN	NaN	NaN	NaN	NaN	NaN	0.16733226837060702	NaN	1.0	0.1393769968051118	NaN	NaN	NaN	NaN	NaN	NaN
ENSG00000081913	PHLPP1	NaN	NaN	1.0	0.5774760383386581	0.006389776357827476	NaN	0.0	0.025559105431309903	0.7759584664536742	NaN	NaN	NaN	NaN	0.1042332268370607	NaN	NaN	NaN	NaN	0.2935303514376997	NaN	NaN	NaN	NaN	NaN	0.4424920127795527	NaN	NaN	NaN	NaN	NaN	NaN	NaN	0.2336261980830671	NaN	0.5027955271565495	0.011182108626198084	0.3370607028753993	NaN	NaN	0.5922523961661342	0.6214057507987221	NaN	0.286741214057508	0.1529552715654952
ENSG00000140464	PML	NaN	0.4053514376996805	1.0	NaN	NaN	NaN	NaN	NaN	NaN	0.015175718849840257	NaN	NaN	0.4325079872204473	NaN	NaN	NaN	NaN	NaN	NaN	NaN	NaN	NaN	0.11421725239616612	NaN	NaN	NaN	0.5567092651757188	NaN	NaN	NaN	NaN	0.035942492012779555	NaN	NaN	NaN	NaN	0.1932907348242812	NaN	NaN	NaN	NaN	NaN	NaN	0.33506389776357826
ENSG00000186951	PPARA	NaN	0.08586261980830671	NaN	0.3909744408945687	NaN	NaN	NaN	NaN	NaN	NaN	NaN	0.13019169329073482	0.011980830670926515	NaN	NaN	0.10343450479233228	0.6002396166134185	NaN	NaN	NaN	NaN	NaN	NaN	NaN	NaN	0.13578274760383385	NaN	0.05591054313099041	NaN	NaN	NaN	NaN	NaN	NaN	NaN	NaN	NaN	0.448482428115016	NaN	NaN	0.3226837060702875	0.19968051118210864	NaN	NaN
ENSG00000132170	PPARG	NaN	NaN	NaN	0.0	NaN	0.06349840255591055	NaN	0.24680511182108625	NaN	NaN	0.977635782747604	NaN	0.0	NaN	NaN	NaN	0.8518370607028753	NaN	0.952476038338658	0.18250798722044728	NaN	NaN	NaN	NaN	NaN	0.4225239616613419	NaN	NaN	NaN	NaN	NaN	NaN	NaN	1.0	NaN	NaN	NaN	NaN	NaN	NaN	NaN	NaN	NaN	NaN
ENSG00000109819	PPARGC1A	NaN	NaN	NaN	NaN	NaN	0.9169329073482428	NaN	0.5507188498402555	0.8318690095846646	NaN	NaN	NaN	1.0	NaN	0.40415335463258784	NaN	NaN	NaN	NaN	NaN	NaN	NaN	NaN	NaN	NaN	NaN	NaN	NaN	NaN	NaN	NaN	NaN	NaN	NaN	NaN	0.04832268370607029	0.4876198083067093	0.8354632587859425	0.07068690095846646	1.0	NaN	NaN	0.10942492012779552	0.4440894568690096
ENSG00000172531	PPP1CA	NaN	NaN	NaN	0.0	NaN	NaN	NaN	NaN	NaN	NaN	NaN	NaN	NaN	NaN	NaN	NaN	NaN	NaN	NaN	NaN	NaN	NaN	NaN	0.6932907348242812	NaN	NaN	NaN	NaN	NaN	NaN	NaN	NaN	NaN	0.0011980830670926515	NaN	NaN	NaN	NaN	NaN	NaN	NaN	NaN	1.0	NaN
ENSG00000213639	PPP1CB	0.3917731629392972	0.3210862619808307	0.5579073482428115	0.0011980830670926515	0.09824281150159744	0.8686102236421726	NaN	0.6769169329073482	0.6170127795527156	0.17492012779552715	NaN	0.0786741214057508	0.5215654952076677	0.6689297124600639	0.18410543130990412	0.2340255591054313	NaN	NaN	NaN	0.06908945686900958	NaN	NaN	0.7539936102236422	NaN	NaN	0.039936102236421724	NaN	0.5722843450479234	NaN	NaN	0.5934504792332268	0.14656549520766773	0.5235623003194888	0.8286741214057508	NaN	0.2763578274760383	0.5007987220447284	0.2280351437699681	0.6513578274760383	NaN	0.7120607028753994	NaN	0.4600638977635783	0.29233226837060705
ENSG00000186298	PPP1CC	NaN	NaN	NaN	NaN	NaN	NaN	NaN	NaN	NaN	NaN	NaN	NaN	NaN	NaN	NaN	NaN	NaN	NaN	0.9644568690095848	NaN	NaN	NaN	NaN	NaN	NaN	NaN	NaN	0.9057507987220448	NaN	NaN	NaN	NaN	NaN	NaN	NaN	0.11661341853035145	1.0	NaN	1.0	NaN	NaN	NaN	NaN	NaN
ENSG00000138078	PREPL	0.3246805111821086	NaN	NaN	NaN	NaN	NaN	NaN	0.03154952076677316	NaN	NaN	NaN	NaN	0.2432108626198083	NaN	NaN	NaN	0.4980031948881789	0.00439297124600639	NaN	NaN	NaN	0.00439297124600639	NaN	0.29592651757188504	NaN	0.375	NaN	0.26517571884984026	NaN	NaN	NaN	NaN	NaN	NaN	NaN	0.02476038338658147	NaN	NaN	NaN	NaN	NaN	NaN	NaN	NaN
ENSG00000180644	PRF1	0.6357827476038339	NaN	NaN	NaN	NaN	NaN	0.007587859424920127	NaN	NaN	NaN	NaN	NaN	0.0007987220447284345	NaN	NaN	0.6685303514376997	NaN	NaN	NaN	NaN	NaN	NaN	NaN	NaN	NaN	NaN	NaN	NaN	NaN	NaN	0.09864217252396168	NaN	NaN	NaN	NaN	NaN	NaN	NaN	NaN	NaN	NaN	1.0	NaN	NaN
ENSG00000132356	PRKAA1	0.13817891373801916	NaN	NaN	0.5674920127795527	NaN	NaN	NaN	NaN	NaN	NaN	NaN	NaN	NaN	0.20567092651757188	NaN	NaN	NaN	NaN	NaN	NaN	0.2659744408945687	NaN	NaN	NaN	NaN	NaN	NaN	NaN	NaN	NaN	NaN	NaN	NaN	NaN	NaN	NaN	NaN	NaN	NaN	NaN	NaN	0.005191693290734824	NaN	0.2472044728434505
ENSG00000162409	PRKAA2	NaN	NaN	NaN	NaN	NaN	NaN	NaN	NaN	0.5307507987220448	0.00439297124600639	NaN	NaN	NaN	NaN	NaN	0.6018370607028753	NaN	NaN	NaN	NaN	NaN	NaN	NaN	NaN	NaN	NaN	NaN	NaN	0.6273961661341853	NaN	NaN	0.5383386581469649	NaN	0.0	NaN	NaN	NaN	1.0	NaN	NaN	NaN	NaN	NaN	NaN
ENSG00000126583	PRKCG	NaN	NaN	0.30870607028753994	NaN	NaN	NaN	NaN	NaN	NaN	NaN	NaN	NaN	NaN	NaN	NaN	NaN	NaN	NaN	NaN	0.7124600638977636	NaN	NaN	NaN	NaN	NaN	NaN	NaN	NaN	NaN	0.09584664536741214	NaN	NaN	NaN	NaN	NaN	NaN	NaN	NaN	NaN	NaN	NaN	NaN	NaN	NaN
ENSG00000253729	PRKDC	NaN	NaN	NaN	1.0	NaN	NaN	NaN	NaN	NaN	NaN	NaN	NaN	NaN	NaN	NaN	NaN	NaN	0.8893769968051118	NaN	NaN	NaN	NaN	NaN	NaN	NaN	NaN	NaN	1.0	NaN	NaN	NaN	NaN	0.8202875399361023	NaN	NaN	NaN	NaN	NaN	NaN	NaN	NaN	NaN	NaN	NaN
ENSG00000138669	PRKG2	0.5830670926517572	0.28354632587859424	NaN	NaN	NaN	NaN	0.3282747603833866	NaN	NaN	NaN	NaN	0.5746805111821086	NaN	NaN	NaN	0.4588658146964856	NaN	NaN	0.3362619808306709	NaN	NaN	NaN	0.411741214057508	NaN	NaN	NaN	NaN	0.21126198083067094	0.4832268370607029	NaN	NaN	NaN	NaN	NaN	NaN	0.3330670926517572	0.08865814696485623	0.5758785942492013	NaN	NaN	NaN	0.4992012779552716	NaN	NaN
ENSG00000100462	PRMT5	0.5543130990415336	NaN	NaN	NaN	NaN	NaN	NaN	NaN	NaN	0.8210862619808307	NaN	NaN	NaN	NaN	NaN	0.7276357827476039	NaN	NaN	NaN	0.07667731629392971	NaN	NaN	NaN	NaN	NaN	0.737220447284345	NaN	NaN	NaN	NaN	NaN	0.8686102236421726	NaN	NaN	NaN	NaN	NaN	1.0	NaN	NaN	NaN	NaN	NaN	0.3478434504792332
ENSG00000143125	PROK1	NaN	NaN	NaN	NaN	NaN	0.5650958466453674	NaN	0.5539137380191693	0.31309904153354634	NaN	0.5555111821086262	NaN	NaN	NaN	NaN	0.5399361022364217	NaN	NaN	NaN	0.6473642172523961	NaN	NaN	0.2124600638977636	NaN	NaN	0.6869009584664537	NaN	0.7771565495207667	NaN	NaN	NaN	NaN	NaN	NaN	NaN	0.9832268370607028	NaN	0.6749201277955271	NaN	NaN	NaN	NaN	NaN	NaN
ENSG00000163421	PROK2	NaN	NaN	NaN	NaN	NaN	NaN	NaN	NaN	NaN	NaN	NaN	0.006389776357827476	NaN	NaN	NaN	0.9416932907348244	NaN	NaN	NaN	NaN	NaN	NaN	0.1645367412140575	NaN	NaN	0.5499201277955271	NaN	NaN	NaN	NaN	NaN	NaN	NaN	NaN	NaN	NaN	NaN	NaN	0.023961661341853038	NaN	NaN	NaN	NaN	0.7823482428115016
ENSG00000101292	PROKR2	NaN	NaN	NaN	NaN	NaN	NaN	NaN	NaN	NaN	NaN	NaN	NaN	NaN	NaN	NaN	NaN	NaN	NaN	NaN	NaN	NaN	NaN	NaN	NaN	NaN	NaN	NaN	NaN	NaN	NaN	NaN	NaN	NaN	NaN	NaN	NaN	NaN	NaN	NaN	NaN	NaN	NaN	NaN	0.8134984025559105
ENSG00000117707	PROX1	NaN	NaN	0.003194888178913738	NaN	NaN	NaN	NaN	NaN	0.4197284345047924	NaN	NaN	NaN	NaN	NaN	NaN	NaN	NaN	NaN	0.6813099041533547	NaN	NaN	NaN	NaN	NaN	NaN	NaN	NaN	0.11261980830670927	NaN	NaN	NaN	NaN	NaN	NaN	NaN	NaN	NaN	0.27915335463258784	0.9341054313099042	NaN	NaN	NaN	NaN	NaN
ENSG00000121390	PSPC1	NaN	NaN	NaN	0.9900159744408946	NaN	0.2240415335463259	NaN	NaN	NaN	NaN	NaN	0.04512779552715655	0.011980830670926515	NaN	NaN	0.2795527156549521	NaN	NaN	NaN	NaN	NaN	NaN	NaN	NaN	NaN	NaN	NaN	NaN	0.6106230031948882	0.3258785942492013	NaN	NaN	NaN	NaN	0.25559105431309903	0.3817891373801917	NaN	0.5978434504792333	NaN	NaN	NaN	NaN	NaN	NaN
ENSG00000171862	PTEN	NaN	0.8610223642172524	NaN	NaN	0.30870607028753994	NaN	NaN	NaN	NaN	NaN	NaN	NaN	NaN	NaN	NaN	NaN	NaN	NaN	NaN	1.0	NaN	NaN	NaN	NaN	NaN	0.9676517571884984	NaN	NaN	NaN	NaN	NaN	NaN	NaN	NaN	NaN	NaN	NaN	NaN	NaN	NaN	0.21605431309904152	NaN	NaN	0.05990415335463259
ENSG00000107317	PTGDS	0.7048722044728435	NaN	0.6293929712460063	NaN	NaN	NaN	NaN	NaN	0.013977635782747605	NaN	NaN	0.5135782747603834	0.12779552715654952	NaN	NaN	NaN	NaN	0.03873801916932907	NaN	NaN	NaN	NaN	NaN	NaN	NaN	0.02156549520766773	NaN	NaN	NaN	NaN	NaN	NaN	NaN	NaN	NaN	NaN	NaN	0.4504792332268371	NaN	NaN	NaN	NaN	0.3047124600638977	0.2044728434504792
ENSG00000149177	PTPRJ	0.03753993610223642	0.9205271565495208	NaN	NaN	NaN	NaN	NaN	NaN	NaN	NaN	NaN	NaN	NaN	1.0	NaN	0.09784345047923322	NaN	NaN	NaN	0.5191693290734825	NaN	NaN	NaN	NaN	NaN	NaN	NaN	NaN	NaN	NaN	NaN	0.10702875399361024	1.0	NaN	NaN	0.6968849840255591	NaN	NaN	NaN	NaN	NaN	NaN	1.0	NaN
ENSG00000173482	PTPRM	NaN	NaN	NaN	0.12300319488817893	NaN	NaN	NaN	NaN	0.3534345047923323	NaN	NaN	NaN	NaN	NaN	0.4173322683706071	NaN	NaN	NaN	0.4233226837060703	NaN	NaN	NaN	NaN	NaN	NaN	NaN	NaN	NaN	0.08985623003194887	NaN	NaN	NaN	NaN	1.0	NaN	0.7783546325878594	NaN	NaN	NaN	NaN	NaN	NaN	NaN	0.3937699680511182
ENSG00000152061	RABGAP1L	0.28314696485623003	0.0003993610223642173	NaN	0.838258785942492	NaN	NaN	NaN	NaN	NaN	NaN	0.18410543130990412	0.3007188498402556	NaN	NaN	NaN	NaN	NaN	NaN	NaN	0.6561501597444089	NaN	0.1273961661341853	NaN	NaN	NaN	0.7172523961661342	NaN	0.3702076677316294	0.9916134185303516	NaN	NaN	NaN	0.10583067092651756	NaN	NaN	0.3817891373801917	0.3865814696485623	0.4820287539936102	NaN	NaN	NaN	NaN	0.7939297124600639	0.7527955271565495
ENSG00000108557	RAI1	NaN	NaN	NaN	NaN	0.7128594249201278	NaN	NaN	NaN	NaN	NaN	NaN	0.7144568690095847	NaN	NaN	NaN	0.6485623003194888	NaN	NaN	NaN	NaN	NaN	1.0	NaN	NaN	0.008386581469648562	NaN	NaN	0.6697284345047924	NaN	0.7024760383386581	NaN	NaN	NaN	NaN	NaN	NaN	NaN	NaN	NaN	NaN	NaN	NaN	NaN	NaN
ENSG00000122965	RBM19	0.24161341853035145	0.9516773162939296	0.5531150159744409	0.8346645367412141	0.4145367412140575	NaN	0.6853035143769968	NaN	0.5431309904153354	NaN	NaN	0.12100638977635784	0.16932907348242812	1.0	0.2511980830670926	0.3210862619808307	0.8865814696485623	NaN	0.8650159744408946	0.3670127795527157	0.3310702875399361	0.7460063897763578	0.2619808306709265	0.1273961661341853	0.5798722044728435	0.4412939297124601	0.6074281150159745	NaN	0.9948083067092652	0.8554313099041534	0.06669329073482429	0.1669329073482428	0.7839456869009584	0.5527156549520766	NaN	0.0023961661341853034	0.05431309904153354	0.7731629392971247	NaN	0.039936102236421724	0.4876198083067093	NaN	0.8250798722044729	NaN
ENSG00000173933	RBM4	NaN	NaN	NaN	NaN	NaN	NaN	0.03314696485623003	NaN	NaN	NaN	NaN	0.41493610223642174	NaN	NaN	0.043530351437699684	NaN	NaN	NaN	NaN	NaN	NaN	NaN	NaN	NaN	NaN	NaN	NaN	NaN	NaN	NaN	NaN	NaN	NaN	NaN	NaN	0.75	NaN	NaN	NaN	NaN	1.0	NaN	NaN	NaN
ENSG00000173914	RBM4B	NaN	NaN	1.0	NaN	NaN	NaN	NaN	NaN	NaN	NaN	NaN	NaN	NaN	NaN	NaN	NaN	NaN	NaN	NaN	NaN	NaN	NaN	NaN	NaN	NaN	NaN	NaN	NaN	NaN	NaN	NaN	NaN	NaN	NaN	NaN	1.0	1.0	NaN	NaN	NaN	NaN	0.11861022364217252	NaN	NaN
ENSG00000104856	RELB	NaN	0.04273162939297125	NaN	NaN	NaN	0.7999201277955271	NaN	0.8486421725239617	NaN	NaN	0.6869009584664537	NaN	0.545926517571885	NaN	NaN	NaN	NaN	NaN	NaN	NaN	0.5954472843450479	NaN	0.4404952076677317	NaN	NaN	NaN	0.9580670926517572	0.004792332268370607	NaN	NaN	NaN	NaN	NaN	NaN	NaN	NaN	1.0	NaN	NaN	NaN	NaN	NaN	NaN	NaN
ENSG00000142599	RERE	0.1737220447284345	0.3746006389776358	0.4193290734824281	NaN	NaN	NaN	NaN	NaN	NaN	NaN	NaN	0.26238019169329074	NaN	NaN	NaN	0.3318690095846645	0.5862619808306709	NaN	NaN	0.9716453674121406	NaN	NaN	NaN	NaN	NaN	0.9784345047923324	NaN	0.1273961661341853	NaN	0.8258785942492013	NaN	NaN	0.6138178913738019	NaN	NaN	NaN	0.9273162939297124	NaN	NaN	NaN	NaN	0.16493610223642172	NaN	0.46685303514377
ENSG00000163914	RHO	NaN	NaN	NaN	NaN	NaN	NaN	NaN	NaN	NaN	NaN	NaN	NaN	NaN	NaN	NaN	NaN	NaN	NaN	NaN	NaN	0.893370607028754	0.33226837060702874	NaN	NaN	NaN	NaN	NaN	NaN	NaN	NaN	NaN	NaN	NaN	NaN	NaN	1.0	NaN	NaN	NaN	NaN	NaN	NaN	NaN	NaN
ENSG00000164068	RNF123	0.5491214057507987	0.7112619808306709	0.5798722044728435	0.6038338658146964	NaN	0.78314696485623	NaN	0.6026357827476039	0.5435303514376997	NaN	0.009584664536741214	0.4688498402555911	0.8666134185303515	NaN	0.7943290734824281	0.2220447284345048	0.8817891373801917	NaN	0.097444089456869	0.5427316293929713	0.5886581469648562	NaN	0.5571086261980831	NaN	NaN	NaN	0.5419329073482428	0.03314696485623003	0.2292332268370607	NaN	0.15135782747603835	0.8019169329073482	0.5139776357827476	0.7048722044728435	NaN	0.8626198083067093	0.21206070287539933	0.5718849840255591	0.744408945686901	0.222444089456869	NaN	NaN	0.2655750798722045	NaN
ENSG00000141576	RNF157	0.2396166134185304	0.12579872204472844	0.6809105431309904	0.2515974440894569	NaN	0.3518370607028754	NaN	0.7515974440894568	0.3430511182108626	0.9840255591054312	NaN	0.6501597444089456	0.5379392971246006	NaN	NaN	0.06190095846645367	0.4740415335463259	NaN	NaN	0.09345047923322684	NaN	NaN	NaN	NaN	NaN	NaN	NaN	0.26956869009584666	NaN	NaN	NaN	NaN	0.9089456869009584	NaN	0.3370607028753993	0.6813099041533547	0.8310702875399361	0.7228434504792333	NaN	NaN	0.4141373801916933	NaN	0.9572683706070289	NaN
ENSG00000134318	ROCK2	NaN	0.5535143769968051	NaN	NaN	NaN	NaN	NaN	NaN	NaN	NaN	0.0003993610223642173	NaN	NaN	0.0555111821086262	NaN	NaN	0.019169329073482427	NaN	0.4229233226837061	NaN	NaN	NaN	0.5439297124600639	NaN	NaN	0.6190095846645367	NaN	0.3318690095846645	NaN	NaN	NaN	NaN	NaN	0.7591853035143771	0.06469648562300319	NaN	NaN	0.7428115015974441	NaN	NaN	NaN	NaN	NaN	NaN
ENSG00000069667	RORA	NaN	0.6817092651757188	NaN	NaN	NaN	NaN	NaN	NaN	NaN	0.4972044728434505	NaN	NaN	NaN	NaN	NaN	0.6010383386581469	NaN	NaN	NaN	NaN	NaN	NaN	NaN	NaN	NaN	0.9396964856230032	NaN	0.13298722044728434	NaN	NaN	NaN	NaN	NaN	NaN	NaN	0.06869009584664537	NaN	NaN	NaN	NaN	0.4241214057507987	NaN	0.0	NaN
ENSG00000198963	RORB	NaN	1.0	NaN	NaN	NaN	0.43410543130990414	NaN	1.0	0.9121405750798722	NaN	NaN	NaN	0.5063897763578274	NaN	NaN	NaN	NaN	NaN	0.3722044728434505	NaN	NaN	NaN	NaN	NaN	NaN	NaN	NaN	NaN	NaN	NaN	NaN	NaN	NaN	NaN	NaN	NaN	NaN	NaN	NaN	0.009584664536741214	NaN	NaN	NaN	NaN
ENSG00000143365	RORC	NaN	NaN	NaN	NaN	NaN	NaN	NaN	NaN	NaN	NaN	NaN	NaN	NaN	0.3362619808306709	NaN	NaN	NaN	NaN	NaN	NaN	NaN	NaN	NaN	NaN	NaN	NaN	NaN	NaN	NaN	NaN	NaN	NaN	NaN	NaN	NaN	NaN	NaN	1.0	NaN	NaN	NaN	NaN	NaN	NaN
ENSG00000106366	SERPINE1	NaN	0.05191693290734824	0.02196485623003195	NaN	0.7799520766773163	NaN	NaN	NaN	0.106629392971246	NaN	NaN	NaN	0.9480830670926518	NaN	NaN	NaN	NaN	NaN	NaN	NaN	0.04952076677316294	NaN	NaN	NaN	NaN	NaN	NaN	NaN	NaN	NaN	NaN	NaN	NaN	NaN	0.3777955271565495	0.5670926517571885	NaN	NaN	NaN	0.10303514376996806	NaN	NaN	NaN	NaN
ENSG00000107290	SETX	NaN	NaN	NaN	0.4900159744408946	NaN	0.6781150159744409	NaN	0.4412939297124601	1.0	NaN	NaN	NaN	0.25798722044728434	NaN	NaN	0.6134185303514377	NaN	NaN	NaN	0.494408945686901	NaN	0.2631789137380192	NaN	0.10103833865814696	NaN	NaN	NaN	0.7256389776357828	NaN	NaN	NaN	NaN	NaN	NaN	NaN	NaN	NaN	0.7507987220447284	1.0	NaN	0.4053514376996805	NaN	0.6869009584664537	0.3865814696485623
ENSG00000116560	SFPQ	NaN	NaN	NaN	NaN	0.02755591054313099	0.825479233226837	NaN	NaN	NaN	NaN	0.2012779552715655	NaN	NaN	NaN	NaN	NaN	0.7160543130990416	NaN	NaN	NaN	NaN	NaN	NaN	NaN	NaN	NaN	1.0	NaN	NaN	NaN	NaN	NaN	NaN	NaN	NaN	0.17172523961661346	NaN	NaN	NaN	NaN	0.06988817891373802	NaN	NaN	NaN
ENSG00000087266	SH3BP2	0.0926517571884984	NaN	NaN	0.7224440894568691	NaN	NaN	NaN	NaN	NaN	NaN	NaN	NaN	0.33865814696485624	NaN	NaN	NaN	NaN	NaN	0.13498402555910546	NaN	NaN	NaN	NaN	NaN	NaN	NaN	NaN	NaN	0.4728434504792332	NaN	NaN	NaN	NaN	NaN	NaN	0.3214856230031949	0.0670926517571885	0.26717252396166136	0.5403354632587859	NaN	NaN	NaN	NaN	NaN
ENSG00000142178	SIK1	NaN	NaN	NaN	NaN	NaN	0.0	0.5295527156549521	NaN	NaN	NaN	NaN	NaN	NaN	NaN	NaN	NaN	NaN	NaN	NaN	0.33825878594249204	NaN	NaN	NaN	NaN	NaN	NaN	NaN	NaN	NaN	NaN	NaN	NaN	0.411741214057508	NaN	0.5091853035143771	NaN	0.26357827476038337	NaN	NaN	NaN	NaN	NaN	NaN	NaN
ENSG00000169375	SIN3A	NaN	NaN	NaN	0.014776357827476038	NaN	1.0	NaN	NaN	NaN	NaN	NaN	NaN	NaN	NaN	NaN	NaN	NaN	0.0810702875399361	NaN	NaN	NaN	NaN	NaN	NaN	NaN	NaN	NaN	NaN	NaN	NaN	NaN	0.978035143769968	NaN	NaN	NaN	NaN	NaN	0.4568690095846645	NaN	NaN	NaN	NaN	NaN	NaN
ENSG00000096717	SIRT1	1.0	0.2507987220447284	NaN	NaN	NaN	NaN	NaN	NaN	NaN	NaN	NaN	0.7264376996805112	0.039936102236421724	NaN	NaN	0.8582268370607029	NaN	NaN	NaN	NaN	NaN	NaN	NaN	NaN	NaN	0.6633386581469649	NaN	NaN	NaN	NaN	NaN	NaN	NaN	0.2280351437699681	NaN	NaN	0.20407348242811504	0.5003993610223643	NaN	NaN	NaN	NaN	NaN	0.5714856230031949
ENSG00000138083	SIX3	NaN	NaN	NaN	NaN	NaN	NaN	NaN	NaN	NaN	NaN	NaN	0.19608626198083068	NaN	NaN	NaN	NaN	0.4644568690095847	NaN	NaN	0.7947284345047924	0.9588658146964856	NaN	NaN	NaN	NaN	NaN	NaN	NaN	NaN	NaN	0.5431309904153354	NaN	NaN	NaN	NaN	NaN	NaN	NaN	NaN	NaN	NaN	NaN	NaN	NaN
ENSG00000103546	SLC6A2	NaN	NaN	NaN	0.26477635782747605	0.5387380191693291	NaN	NaN	NaN	NaN	NaN	NaN	NaN	NaN	NaN	NaN	NaN	NaN	NaN	NaN	NaN	NaN	NaN	NaN	NaN	NaN	0.5027955271565495	NaN	0.3674121405750799	NaN	NaN	NaN	NaN	NaN	0.6409744408945687	NaN	0.16932907348242812	NaN	NaN	0.33466453674121405	NaN	0.448482428115016	NaN	NaN	NaN
ENSG00000108576	SLC6A4	NaN	NaN	NaN	0.8099041533546326	NaN	NaN	NaN	NaN	0.8646166134185304	NaN	NaN	NaN	NaN	NaN	NaN	0.6857028753993609	NaN	NaN	1.0	NaN	NaN	NaN	NaN	NaN	NaN	0.02595846645367412	NaN	0.013578274760383386	NaN	NaN	NaN	NaN	NaN	NaN	0.702076677316294	0.1900958466453674	1.0	NaN	NaN	NaN	NaN	NaN	NaN	0.03554313099041533
ENSG00000072310	SREBF1	0.015575079872204472	NaN	NaN	NaN	0.22763578274760385	NaN	NaN	0.5063897763578274	0.07507987220447285	0.2240415335463259	0.5527156549520766	NaN	NaN	0.545926517571885	NaN	0.2999201277955272	NaN	NaN	NaN	NaN	NaN	NaN	NaN	NaN	NaN	NaN	NaN	NaN	NaN	NaN	NaN	NaN	NaN	NaN	NaN	NaN	0.2759584664536741	0.3190894568690096	NaN	NaN	NaN	NaN	NaN	0.4660543130990416
ENSG00000147465	STAR	NaN	NaN	NaN	NaN	0.15934504792332269	NaN	NaN	NaN	NaN	NaN	NaN	NaN	0.6337859424920128	NaN	NaN	NaN	NaN	NaN	NaN	NaN	0.2811501597444089	NaN	NaN	NaN	NaN	NaN	NaN	0.9612619808306708	NaN	NaN	NaN	NaN	0.5810702875399361	NaN	NaN	NaN	NaN	NaN	NaN	NaN	0.0694888178913738	0.1385782747603834	0.5718849840255591	NaN
ENSG00000152455	SUV39H2	0.0003993610223642173	NaN	NaN	NaN	0.9384984025559104	NaN	NaN	NaN	NaN	NaN	NaN	0.7300319488817891	0.5543130990415336	NaN	NaN	NaN	NaN	0.0035942492012779547	NaN	NaN	NaN	NaN	NaN	NaN	NaN	NaN	NaN	NaN	NaN	NaN	NaN	NaN	NaN	NaN	0.4856230031948882	NaN	0.04952076677316294	1.0	NaN	NaN	NaN	NaN	NaN	NaN
ENSG00000180176	TH	NaN	0.3817891373801917	NaN	NaN	NaN	NaN	NaN	NaN	NaN	NaN	NaN	NaN	NaN	NaN	NaN	0.16773162939297126	NaN	NaN	NaN	NaN	NaN	NaN	0.23242811501597446	NaN	NaN	0.4325079872204473	NaN	0.5215654952076677	NaN	NaN	NaN	NaN	NaN	NaN	NaN	NaN	NaN	0.2360223642172524	NaN	NaN	NaN	NaN	NaN	NaN
ENSG00000054118	THRAP3	NaN	0.7763578274760383	0.12659744408945686	NaN	NaN	NaN	NaN	NaN	NaN	NaN	NaN	NaN	NaN	NaN	0.5075878594249201	NaN	NaN	NaN	NaN	NaN	NaN	NaN	NaN	NaN	NaN	NaN	NaN	NaN	NaN	NaN	NaN	0.9672523961661342	NaN	NaN	NaN	NaN	NaN	NaN	NaN	NaN	NaN	NaN	NaN	NaN
ENSG00000111602	TIMELESS	NaN	NaN	NaN	0.09185303514376997	NaN	NaN	NaN	NaN	NaN	NaN	NaN	NaN	0.6928913738019169	NaN	NaN	NaN	NaN	NaN	NaN	0.002795527156549521	NaN	NaN	NaN	NaN	NaN	NaN	NaN	0.0	0.6445686900958466	NaN	NaN	NaN	NaN	NaN	NaN	0.5611022364217252	NaN	0.6777156549520766	0.176517571884984	NaN	NaN	NaN	NaN	NaN
ENSG00000141655	TNFRSF11A	NaN	0.14656549520766773	0.5411341853035144	NaN	NaN	NaN	NaN	NaN	NaN	NaN	NaN	NaN	NaN	0.3522364217252396	0.6050319488817891	NaN	NaN	NaN	NaN	0.07987220447284345	NaN	0.970447284345048	NaN	NaN	NaN	NaN	NaN	0.8063099041533547	NaN	NaN	0.0742811501597444	NaN	0.6916932907348243	0.5403354632587859	NaN	NaN	0.14297124600638975	NaN	NaN	NaN	NaN	NaN	NaN	NaN
ENSG00000198900	TOP1	NaN	NaN	0.0003993610223642173	NaN	0.3698083067092652	NaN	NaN	NaN	0.18370607028753996	NaN	NaN	0.041533546325878586	NaN	NaN	NaN	NaN	NaN	NaN	NaN	NaN	NaN	0.6481629392971247	NaN	NaN	NaN	NaN	NaN	NaN	NaN	NaN	NaN	NaN	NaN	NaN	NaN	NaN	NaN	NaN	0.323482428115016	NaN	NaN	NaN	NaN	NaN
ENSG00000131747	TOP2A	NaN	NaN	NaN	NaN	NaN	NaN	NaN	NaN	NaN	NaN	NaN	NaN	NaN	NaN	NaN	NaN	NaN	NaN	NaN	NaN	NaN	NaN	NaN	NaN	NaN	NaN	NaN	NaN	NaN	0.012779552715654952	NaN	0.006389776357827476	NaN	0.2827476038338658	NaN	NaN	0.07987220447284345	NaN	NaN	NaN	NaN	NaN	NaN	NaN
ENSG00000141510	TP53	NaN	0.035942492012779555	0.5075878594249201	NaN	NaN	NaN	NaN	NaN	NaN	NaN	NaN	NaN	NaN	0.4952076677316294	NaN	NaN	NaN	0.7587859424920128	NaN	NaN	NaN	NaN	0.5035942492012779	NaN	NaN	NaN	NaN	NaN	0.0371405750798722	NaN	NaN	NaN	NaN	NaN	0.5299520766773163	0.7452076677316294	NaN	NaN	NaN	NaN	NaN	NaN	NaN	0.20527156549520767
ENSG00000129167	TPH1	NaN	0.3362619808306709	0.6353833865814696	0.6865015974440895	NaN	NaN	NaN	NaN	NaN	NaN	NaN	0.4960063897763578	NaN	NaN	0.6960862619808307	0.3310702875399361	0.1062300319488818	NaN	0.4900159744408946	0.2424121405750799	NaN	NaN	NaN	NaN	NaN	NaN	NaN	0.9864217252396166	NaN	NaN	NaN	NaN	0.6170127795527156	NaN	NaN	NaN	0.549520766773163	0.6094249201277955	NaN	NaN	NaN	NaN	NaN	NaN
ENSG00000179981	TSHZ1	NaN	NaN	NaN	NaN	NaN	NaN	NaN	NaN	NaN	NaN	NaN	NaN	NaN	0.43490415335463256	0.04712460063897764	NaN	NaN	NaN	NaN	NaN	NaN	NaN	NaN	NaN	NaN	NaN	NaN	0.6517571884984026	NaN	NaN	NaN	NaN	NaN	NaN	0.5634984025559105	NaN	0.8761980830670927	NaN	NaN	NaN	NaN	NaN	NaN	NaN
ENSG00000176890	TYMS	NaN	0.013178913738019169	NaN	0.6078274760383386	NaN	NaN	NaN	0.4189297124600639	NaN	0.0115814696485623	NaN	NaN	NaN	0.7551916932907349	0.7547923322683706	NaN	NaN	NaN	NaN	NaN	NaN	0.3905750798722045	0.9133386581469648	NaN	NaN	0.3254792332268371	NaN	0.3019169329073482	NaN	NaN	NaN	NaN	NaN	NaN	NaN	0.5247603833865815	NaN	0.702076677316294	NaN	0.9572683706070289	0.4129392971246007	NaN	0.2264376996805112	NaN
ENSG00000119048	UBE2B	NaN	NaN	NaN	NaN	NaN	NaN	0.2679712460063898	NaN	NaN	NaN	NaN	NaN	0.7284345047923323	NaN	NaN	NaN	NaN	NaN	NaN	0.06309904153354633	NaN	NaN	NaN	NaN	NaN	NaN	NaN	NaN	NaN	NaN	NaN	NaN	NaN	NaN	NaN	0.7088658146964856	NaN	NaN	NaN	NaN	NaN	NaN	NaN	NaN
ENSG00000114062	UBE3A	NaN	NaN	NaN	NaN	NaN	NaN	NaN	NaN	NaN	NaN	NaN	NaN	NaN	0.08586261980830671	0.7515974440894568	NaN	NaN	NaN	NaN	NaN	NaN	NaN	NaN	NaN	NaN	NaN	NaN	NaN	NaN	NaN	NaN	NaN	NaN	NaN	NaN	NaN	NaN	NaN	NaN	NaN	NaN	NaN	0.7659744408945687	NaN
ENSG00000036672	USP2	0.00439297124600639	0.6401757188498403	NaN	0.5359424920127795	0.8574281150159745	NaN	NaN	1.0	0.9041533546325878	NaN	NaN	NaN	0.011980830670926515	NaN	NaN	0.04233226837060703	NaN	NaN	NaN	NaN	NaN	0.22284345047923326	NaN	NaN	NaN	1.0	0.2811501597444089	NaN	NaN	NaN	NaN	NaN	0.5674920127795527	0.9612619808306708	NaN	NaN	0.001597444089456869	0.21725239616613415	NaN	NaN	NaN	NaN	NaN	NaN
ENSG00000187555	USP7	NaN	NaN	NaN	NaN	NaN	1.0	NaN	NaN	NaN	0.9213258785942492	0.5782747603833865	NaN	NaN	0.8710063897763578	NaN	0.011980830670926515	NaN	NaN	NaN	NaN	0.5155750798722045	NaN	NaN	0.2767571884984025	NaN	NaN	NaN	NaN	NaN	0.9408945686900958	NaN	NaN	NaN	NaN	NaN	NaN	NaN	NaN	NaN	NaN	NaN	NaN	NaN	0.0626996805111821
ENSG00000109906	ZBTB16	NaN	NaN	NaN	NaN	NaN	NaN	NaN	NaN	NaN	NaN	NaN	NaN	NaN	NaN	NaN	0.5734824281150159	NaN	NaN	NaN	NaN	NaN	NaN	NaN	NaN	NaN	NaN	NaN	NaN	NaN	NaN	NaN	NaN	NaN	NaN	NaN	NaN	0.43730031948881787	NaN	NaN	NaN	NaN	NaN	NaN	NaN
ENSG00000147905	ZCCHC7	NaN	NaN	NaN	NaN	NaN	NaN	NaN	NaN	NaN	0.8330670926517572	NaN	NaN	0.8119009584664537	NaN	NaN	NaN	NaN	NaN	NaN	NaN	NaN	NaN	NaN	NaN	1.0	NaN	NaN	0.7871405750798722	NaN	NaN	NaN	NaN	NaN	NaN	0.40934504792332266	NaN	NaN	NaN	NaN	NaN	NaN	NaN	NaN	NaN
ENSG00000140836	ZFHX3	NaN	NaN	NaN	0.2763578274760383	NaN	NaN	NaN	NaN	NaN	NaN	NaN	NaN	0.07827476038338659	NaN	0.9672523961661342	NaN	NaN	NaN	0.3055111821086262	NaN	NaN	NaN	NaN	NaN	1.0	NaN	NaN	0.7204472843450479	NaN	0.0	NaN	NaN	NaN	NaN	NaN	0.5822683706070287	0.007188498402555909	NaN	NaN	NaN	NaN	NaN	NaN	NaN
